allocation_id,bucket_id,period_id,allocated_amount,allocated_time_hours,allocation_percentage_of_total,allocation_percentage_of_parent
1,19,1,26706.56589783346,53.41313179566692,0.0267065658978334,0.1627116295274297
2,19,2,25197.69975420105,50.3953995084021,0.025197699754201,0.1579238020404225
3,19,3,29679.8411355662,59.3596822711324,0.0296798411355662,0.1807969116775846
4,19,4,31916.810525573983,63.833621051147965,0.0319168105255739,0.1970284947109354
5,19,5,25899.557338368075,51.79911467673616,0.025899557338368,0.1590833929407872
6,19,6,30592.75602153273,61.18551204306546,0.0305927560215327,0.1842713023271912
7,19,7,26389.134358906624,52.77826871781324,0.0263891343589066,0.1623477633508193
8,19,8,31332.04689866296,62.664093797325904,0.0313320468986629,0.2032239041944851
9,19,9,27305.38746698501,54.61077493397002,0.027305387466985,0.1762098482549807
10,19,10,20135.26723746844,50.33816809367109,0.0251690840468355,0.1639392523782804
11,19,11,26195.60508818519,65.48901272046298,0.0327445063602314,0.2177254284417591
12,19,12,22393.680861968514,55.98420215492128,0.0279921010774606,0.1863574987742391
13,19,13,27146.91807391897,54.29383614783795,0.0271469180739189,0.1852112412668461
14,19,14,23321.90807306758,46.643816146135165,0.0233219080730675,0.1651815568449202
15,19,15,23508.54201480451,47.017084029609016,0.0235085420148045,0.1685601854492956
16,19,16,20617.975552191765,41.23595110438353,0.0206179755521917,0.1545862355743843
17,19,17,24995.08483612301,49.99016967224601,0.024995084836123,0.1865394389163645
18,19,18,29615.049807966327,59.23009961593265,0.0296150498079663,0.2250302766238187
19,19,19,29006.534310208663,58.01306862041732,0.0290065343102086,0.2265145793448963
20,19,20,30645.974757009677,61.29194951401934,0.0306459747570096,0.2309713354070777
21,19,21,29089.747224435232,58.179494448870464,0.0290897472244352,0.2335590673473974
22,19,22,32066.905597144265,64.13381119428853,0.0320669055971442,0.2490833615030868
23,19,23,31897.71111006116,63.79542222012232,0.0318977111100611,0.2506639940049562
24,19,24,32043.186200451728,64.08637240090344,0.0320431862004517,0.2489993936871574
25,20,1,74442.4509747056,148.8849019494112,0.0744424509747055,0.4535458639814403
26,20,2,76341.35123861456,152.68270247722913,0.0763413512386145,0.4784609927934114
27,20,3,70037.20998593149,140.074419971863,0.0700372099859314,0.4266367602890251
28,20,4,73486.85474524705,146.9737094904941,0.073486854745247,0.453648222772623
29,20,5,68941.04100392689,137.8820820078538,0.0689410410039269,0.4234579986248397
30,20,6,64654.732173300814,129.30946434660163,0.0646547321733008,0.3894389799599686
31,20,7,70534.26746040932,141.06853492081865,0.0705342674604093,0.433931648005008
32,20,8,73300.64946713607,146.60129893427217,0.073300649467136,0.4754379505712564
33,20,9,72584.66492253073,145.16932984506147,0.0725846649225307,0.4684105950557314
34,20,10,55777.1671740496,139.442917935124,0.069721458967562,0.4541318959639356
35,20,11,57612.355456833095,144.03088864208274,0.0720154443210413,0.4788465367816751
36,20,12,49286.457915924046,123.21614478981012,0.061608072394905,0.4101559309194338
37,20,13,52631.69191770241,105.26338383540482,0.0526316919177024,0.3590824182512685
38,20,14,58509.70030619988,117.01940061239976,0.0585097003061998,0.4144053461161155
39,20,15,66938.78827342675,133.8775765468535,0.0669387882734267,0.4799623285023097
40,20,16,65105.46394921219,130.2109278984244,0.0651054639492122,0.4881375749891516
41,20,17,57023.06454458132,114.04612908916263,0.0570230645445813,0.4255656876213169
42,20,18,59756.35943002648,119.51271886005291,0.0597563594300264,0.4540593441431259
43,20,19,58684.1683127114,117.3683366254228,0.0586841683127114,0.4582698352515901
44,20,20,56557.932568486285,113.11586513697256,0.0565579325684862,0.4262635245504391
45,20,21,60964.42760540592,121.92885521081182,0.0609644276054059,0.4894781224130413
46,20,22,55440.45581000323,110.88091162000646,0.0554404558100032,0.4306400895023914
47,20,23,58965.404631054334,117.93080926210868,0.0589654046310543,0.4633719260275188
48,20,24,54437.54763863101,108.875095277262,0.054437547638631,0.4230202412157058
49,21,1,60495.17495042493,120.99034990084984,0.0604951749504249,0.3685711046634083
50,21,2,61446.30089112977,122.89260178225952,0.0614463008911297,0.385107908765726
51,21,3,62572.28098736559,125.14456197473118,0.0625722809873655,0.3811636021724255
52,21,4,59851.15510912252,119.70231021824505,0.0598511551091225,0.3694724755912636
53,21,5,58295.36024346987,116.59072048693972,0.0582953602434698,0.3580688109482956
54,21,6,59702.14734123599,119.40429468247196,0.0597021473412359,0.359607759253729
55,21,7,61269.04165434706,122.53808330869414,0.061269041654347,0.3769313437852215
56,21,8,58993.99741462283,117.98799482924564,0.0589939974146228,0.3826430656578209
57,21,9,55600.60252115316,111.20120504230631,0.0556006025211531,0.3588073505634708
58,21,10,46200.54280982219,115.50135702455546,0.0577506785122777,0.3761600160746245
59,21,11,46615.79042725116,116.5394760681279,0.0582697380340639,0.3874483108428803
60,21,12,45178.36546738591,112.94591366846478,0.0564729568342323,0.3759688833249898
61,21,13,54493.339029760384,108.98667805952076,0.0544933390297603,0.3717836011806249
62,21,14,52439.46916307018,104.87893832614034,0.0524394691630701,0.3714118557254814
63,21,15,51733.26992852221,103.4665398570444,0.0517332699285222,0.3709362140603464
64,21,16,49483.92149538299,98.96784299076596,0.0494839214953829,0.3710128148161685
65,21,17,50418.356116766816,100.83671223353365,0.0504183561167668,0.3762744524681498
66,21,18,49390.86645365332,98.78173290730663,0.0493908664536533,0.3752970335294172
67,21,19,47736.829189535536,95.47365837907108,0.0477368291895355,0.3727811005439976
68,21,20,51819.216054572746,103.63843210914548,0.0518192160545727,0.3905489587710023
69,21,21,49009.911666486776,98.01982333297356,0.0490099116664867,0.3934963467124187
70,21,22,46329.636853084085,92.65927370616816,0.046329636853084,0.3598707598905699
71,21,23,46401.011572160816,92.80202314432164,0.0464010115721608,0.3646362852311168
72,21,24,47828.45428036847,95.65690856073694,0.0478284542803684,0.3716626693208738
73,22,1,42103.81758164526,84.20763516329052,0.0421038175816452,0.3591286544267853
74,22,2,41287.61112526572,82.57522225053144,0.0412876111252657,0.3622717639126505
75,22,3,41773.05472174742,83.54610944349486,0.0417730547217474,0.3562490429361673
76,22,4,41826.3627895036,83.6527255790072,0.0418263627895036,0.3614828433519247
77,22,5,42653.41352697383,85.30682705394766,0.0426534135269738,0.3667873360930199
78,22,6,42382.5552868353,84.7651105736706,0.0423825552868353,0.3573997751110511
79,22,7,44729.6425848154,89.4592851696308,0.0447296425848154,0.3852517578829026
80,22,8,41769.05527589828,83.53811055179656,0.0417690552758982,0.3792876578154156
81,22,9,39641.37953329708,79.28275906659415,0.039641379533297,0.3581447827054888
82,22,10,32388.036681002657,80.97009170250664,0.0404850458512533,0.3691800381692903
83,22,11,30510.596722160943,76.27649180540234,0.0381382459027011,0.3550254254244834
84,22,12,31168.36383940432,77.9209095985108,0.0389604547992554,0.3631310862434401
85,22,13,39145.96194159594,78.29192388319188,0.0391459619415959,0.3739054670907419
86,22,14,36394.758590746846,72.7895171814937,0.0363947585907468,0.3608812800672962
87,22,15,35445.91578874793,70.89183157749585,0.0354459157887479,0.35581441796826
88,22,16,33797.68633851047,67.59537267702095,0.0337976863385104,0.3547642165233929
89,22,17,33129.85419827821,66.25970839655642,0.0331298541982782,0.3461494224030372
90,22,18,35560.41747983432,71.12083495966866,0.0355604174798343,0.3782887041530575
91,22,19,32847.961703268986,65.69592340653797,0.0328479617032689,0.3591176735273894
92,22,20,32268.78945845896,64.53757891691792,0.0322687894584589,0.3404829388916553
93,22,21,31343.91902601974,62.68783805203948,0.0313439190260197,0.3523206652002904
94,22,22,34440.603150412,68.88120630082399,0.0344406031504119,0.3745298607149467
95,22,23,32922.53599359824,65.84507198719648,0.0329225359935982,0.3622044249831447
96,22,24,31771.73599237797,63.54347198475593,0.0317717359923779,0.3456460330942568
97,23,1,18150.152650108805,36.30030530021761,0.0181501526501088,0.1548135127232711
98,23,2,18728.65529605581,37.457310592111625,0.0187286552960558,0.1643316918779586
99,23,3,19004.250943418152,38.00850188683631,0.0190042509434181,0.1620720882254948
100,23,4,18198.653329185563,36.39730665837112,0.0181986533291855,0.1572812100281608
101,23,5,20227.3893688652,40.4547787377304,0.0202273893688652,0.1739403637186153
102,23,6,17842.245361600144,35.68449072320029,0.0178422453616001,0.150458471334616
103,23,7,15449.545689876117,30.899091379752228,0.0154495456898761,0.1330653296464644
104,23,8,15756.687873832265,31.51337574766453,0.0157566878738322,0.1430800193856161
105,23,9,15560.940954538582,31.121881909077164,0.0155609409545385,0.1405871814368876
106,23,10,13537.36695276423,33.84341738191058,0.0169217086909552,0.1543077679439774
107,23,11,12975.301383714475,32.438253459286194,0.016219126729643,0.1509823598572298
108,23,12,12056.528585699512,30.14132146424878,0.0150706607321243,0.1404661580636188
109,23,13,16939.809599649772,33.87961919929954,0.0169398095996497,0.1618018080698889
110,23,14,17312.00123233295,34.6240024646659,0.0173120012323329,0.171661453658861
111,23,15,14753.658356083472,29.507316712166947,0.0147536583560834,0.1481006836488292
112,23,16,15320.42205775165,30.640844115503292,0.0153204220577516,0.1608138934034946
113,23,17,13914.503584998383,27.82900716999677,0.0139145035849983,0.1453823898573782
114,23,18,13023.193570983523,26.046387141967045,0.0130231935709835,0.1385396283014824
115,23,19,16545.276660255702,33.0905533205114,0.0165452766602557,0.1808849302666695
116,23,20,18467.217938557165,36.934435877114325,0.0184672179385571,0.1948561672871914
117,23,21,16803.82301304972,33.607646026099445,0.0168038230130497,0.1888830205613707
118,23,22,17193.39982715093,34.38679965430186,0.0171933998271509,0.1869723829851741
119,23,23,17912.883890788285,35.825767781576566,0.0179128838907882,0.197072479796648
120,23,24,17811.32850662778,35.622657013255555,0.0178113285066277,0.193770181268391
121,24,1,35395.2493978109,70.7904987956218,0.0353952493978109,0.3019072620834682
122,24,2,30264.084324719457,60.52816864943892,0.0302640843247194,0.2655475313951517
123,24,3,32421.12214637051,64.84224429274103,0.0324211221463705,0.2764938741611358
124,24,4,34267.41265454125,68.5348253090825,0.0342674126545412,0.296154887361754
125,24,5,31586.577288095552,63.17315457619112,0.0315865772880955,0.2716208523960268
126,24,6,33929.17778593301,67.85835557186603,0.033929177785933,0.2861148986493966
127,24,7,28289.902724696425,56.57980544939285,0.0282899027246964,0.2436579888685599
128,24,8,33389.06398979034,66.77812797958067,0.0333890639897903,0.3031923943140766
129,24,9,36534.86969445503,73.06973938891005,0.036534869694455,0.3300786481687219
130,24,10,30052.5298275534,75.13132456888349,0.0375656622844417,0.3425584026007849
131,24,11,29575.680071820887,73.93920017955222,0.0369696000897761,0.3441466089743835
132,24,12,31043.66526138205,77.60916315345513,0.0388045815767275,0.3616782692035866
133,24,13,38907.071841576006,77.814143683152,0.038907071841576,0.3716236911424443
134,24,14,38563.96802623261,77.12793605246522,0.0385639680262326,0.3823906157003449
135,24,15,39860.50889663993,79.72101779327986,0.0398605088966399,0.4001291392075944
136,24,16,37148.838259231765,74.29767651846353,0.0371488382592317,0.3899402570871788
137,24,17,43413.326793391,86.826653586782,0.043413326793391,0.4535938463293203
138,24,18,41910.21235216458,83.82042470432914,0.0419102123521645,0.4458372832790956
139,24,19,40779.27110527971,81.55854221055941,0.0407792711052797,0.4458284839638416
140,24,20,41831.54711467231,83.66309422934461,0.0418315471146723,0.4413840227357745
141,24,21,42179.57533318536,84.35915066637071,0.0421795753331853,0.474118632928996
142,24,22,43835.67439053157,87.67134878106314,0.0438356743905315,0.4766980691984527
143,24,23,37664.02355730679,75.32804711461357,0.0376640235573067,0.4143689294706402
144,24,24,35161.74353101429,70.32348706202858,0.0351617435310142,0.38252606565434
145,25,1,20120.97964417569,40.24195928835139,0.0201209796441756,0.1716238754680446
146,25,2,22128.470634772835,44.25694126954567,0.0221284706347728,0.1941628462161807
147,25,3,23284.622744405093,46.56924548881018,0.023284622744405,0.1985759629760931
148,25,4,24260.02707932609,48.52005415865218,0.024260027079326,0.2096664157140201
149,25,5,20291.677896475296,40.58335579295059,0.0202916778964752,0.17449319679418
150,25,6,24981.02027245181,49.96204054490362,0.0249810202724518,0.2106576860926583
151,25,7,23120.94978162509,46.241899563250186,0.023120949781625,0.1991383349509977
152,25,8,21172.40326164276,42.34480652328551,0.0211724032616427,0.1922579093634826
153,25,9,19871.771271775702,39.743542543551406,0.0198717712717757,0.179533893317848
154,25,10,16831.292443624236,42.07823110906058,0.0210391155545302,0.191854086370737
155,25,11,16903.714308330753,42.25928577082688,0.0211296428854134,0.1966939033745653
156,25,12,14963.445552803096,37.40861388200774,0.0187043069410038,0.1743335731554976
157,25,13,31637.821821829988,63.275643643659976,0.0316378218218299,0.3021909274748233
158,25,14,37802.18202886269,75.60436405772536,0.0378021820288626,0.374836937189668
159,25,15,38510.94547386314,77.02189094772628,0.0385109454738631,0.3865819049747858
160,25,16,36653.16894584464,73.30633789168928,0.0366531689458446,0.3847373643844878
161,25,17,37189.90995823351,74.37981991646701,0.0371899099582335,0.3885699518693483
162,25,18,38183.12081066277,76.36624162132554,0.0381831208106627,0.4061887996724542
163,25,19,36150.312623206206,72.30062524641241,0.0361503126232062,0.3952213620987526
164,25,20,39097.86661551326,78.19573323102652,0.0390978666155132,0.4125396940217178
165,25,21,32504.493984864148,65.0089879697283,0.0325044939848641,0.3653660837127432
166,25,22,38440.33519653887,76.88067039307774,0.0384403351965388,0.4180255881152692
167,25,23,36817.61409309279,73.63522818618557,0.0368176140930927,0.4050569720520034
168,25,24,32783.600414049666,65.56720082809932,0.0327836004140496,0.3566541480887896
169,26,1,39592.308518383696,79.18461703676739,0.0395923085183836,0.3377064907780667
170,26,2,39207.16536849217,78.41433073698433,0.0392071653684921,0.3440172140975915
171,26,3,37547.57008568718,75.09514017137435,0.0375475700856871,0.3202132570075348
172,26,4,39951.5563990339,79.90311279806781,0.0399515563990339,0.3452798962256827
173,26,5,39348.84439905175,78.69768879810348,0.0393488443990517,0.3383705223578362
174,26,6,39810.04558145963,79.62009116291927,0.0398100455814596,0.3357065481701582
175,26,7,37750.70761352021,75.50141522704041,0.0377507076135202,0.3251429170679155
176,26,8,38315.887254961366,76.63177450992275,0.0383158872549613,0.3479308554636993
177,26,9,38157.18372272727,76.31436744545454,0.0381571837227272,0.3447356382123605
178,26,10,28288.664203788856,70.72166050947213,0.035360830254736,0.3224527078740389
179,26,11,28482.64398828159,71.20660997070398,0.0356033049853519,0.3314278934377257
180,26,12,27362.26678255946,68.40566695639866,0.0342028334781993,0.318787656292436
181,26,13,35046.914410140955,70.0938288202819,0.0350469144101409,0.3347531201855239
182,26,14,32199.96599911018,64.39993199822035,0.0321999659991101,0.3192867708933424
183,26,15,33349.90285857783,66.69980571715566,0.0333499028585778,0.3347741484701542
184,26,16,31380.061745382594,62.76012349076519,0.0313800617453826,0.3293871334284648
185,26,17,33154.369200459754,66.30873840091952,0.0331543692004597,0.3464055615877908
186,26,18,30533.776801202737,61.06755360240548,0.0305337768012027,0.3248157270812639
187,26,19,29212.56579163369,58.42513158326738,0.0292125657916336,0.3193728962431561
188,26,20,30985.123139074,61.970246278148,0.030985123139074,0.3269383811838715
189,26,21,29795.04396535164,59.59008793070328,0.0297950439653516,0.3349105675276375
190,26,22,31702.97500257225,63.4059500051445,0.0317029750025722,0.3447590845057771
191,26,23,30771.417428308527,61.54283485661706,0.0307714174283085,0.3385384272251704
192,26,24,29032.98072853084,58.06596145706168,0.0290329807285308,0.315851001032053
193,27,1,49671.11854801781,99.34223709603562,0.0496711185480178,0.4236746925247798
194,27,2,47050.47000409893,94.10094000819788,0.0470504700040989,0.4128370786478742
195,27,3,48105.9111436308,96.2118222872616,0.0481059111436308,0.4102569208463644
196,27,4,40803.08042776139,81.60616085552279,0.0408030804277613,0.3526391621660658
197,27,5,46507.73722217665,93.0154744443533,0.0465077372221766,0.3999316264019213
198,27,6,47215.4052000576,94.4308104001152,0.0472154052000576,0.3981537943163921
199,27,7,54586.72276735552,109.17344553471104,0.0545867227673555,0.4701497639583066
200,27,8,45793.69732045586,91.58739464091173,0.0457936973204558,0.4158337813641211
201,27,9,42504.378398817455,85.00875679763493,0.0425043783988174,0.3840108882409077
202,27,10,38959.75399767193,97.39938499417984,0.0486996924970899,0.4440887729500192
203,27,11,40172.41816377688,100.4310454094422,0.0502155227047211,0.4674516850260737
204,27,12,36148.17382395859,90.37043455989648,0.0451852172799482,0.4211490116723958
205,27,13,36944.34770399024,73.88869540798049,0.0369443477039902,0.3528765905722965
206,27,14,27137.649595115472,54.27529919023095,0.0271376495951154,0.2690901136075387
207,27,15,25100.103183628715,50.20020636725743,0.0251001031836287,0.2519607240070576
208,27,16,24976.94397366307,49.95388794732614,0.024976943973663,0.2621755190937066
209,27,17,25080.049211496866,50.16009842299373,0.0250800492114968,0.2620429446034378
210,27,18,23298.39915151721,46.59679830303442,0.0232983991515172,0.2478463935038482
211,27,19,22511.56108521031,45.02312217042062,0.0225115610852103,0.2461126665154965
212,27,20,25667.64873390327,51.33529746780654,0.0256676487339032,0.2708312466015706
213,27,21,22123.40743059504,44.24681486119008,0.022123407430595,0.2486776977688642
214,27,22,24758.31106243061,49.51662212486122,0.0247583110624306,0.2692382230721338
215,27,23,25188.199806592893,50.37639961318579,0.0251881998065928,0.2771134468220051
216,27,24,24003.70145383473,48.00740290766946,0.0240037014538347,0.2611372632923557
217,28,1,28992.01535992447,57.98403071984894,0.0289920153599244,0.4121504122969487
218,28,2,30037.559375604345,60.07511875120869,0.0300375593756043,0.4392665387209469
219,28,3,31286.93350765566,62.57386701531132,0.0312869335076556,0.4447021408398924
220,28,4,31373.910490264287,62.74782098052857,0.0313739104902642,0.451913164119528
221,28,5,29421.65853858952,58.84331707717903,0.0294216585385895,0.421673627285157
222,28,6,33922.18339260249,67.84436678520498,0.0339221833926024,0.4767598616042627
223,28,7,32979.31790143616,65.95863580287232,0.0329793179014361,0.4734123898268642
224,28,8,34541.87579725565,69.0837515945113,0.0345418757972556,0.5227676757810963
225,28,9,36440.11892752765,72.8802378550553,0.0364401189275276,0.5487043517283672
226,28,10,28998.157399294712,72.49539349823678,0.0362476967491183,0.5508999593971525
227,28,11,29470.26676385711,73.67566690964277,0.0368378334548213,0.5715333424693919
228,28,12,30651.00471146622,76.62751177866555,0.0383137558893327,0.5951725437945568
229,28,13,37700.33482078343,75.40066964156686,0.0377003348207834,0.6001624263601589
230,28,14,38467.29856317778,76.93459712635556,0.0384672985631777,0.6357201093300612
231,28,15,38206.945100231416,76.41389020046283,0.0382069451002314,0.6392171298477035
232,28,16,41067.692679608,82.135385359216,0.041067692679608,0.7184588353169656
233,28,17,40273.89547621943,80.54779095243886,0.0402738954762194,0.7013204049324474
234,28,18,47198.27880037181,94.39655760074362,0.0471982788003718,0.8368188091798224
235,28,19,43051.306552476766,86.10261310495353,0.0430513065524767,0.7844466977434659
236,28,20,45773.15875062449,91.54631750124898,0.0457731587506244,0.8049563202977783
237,28,21,46061.15952803097,92.12231905606195,0.0460611595280309,0.8629158312622437
238,28,22,43717.87391614932,87.43574783229865,0.0437178739161493,0.7923617150886598
239,28,23,40962.93126755847,81.92586253511695,0.0409629312675584,0.7511042976901462
240,28,24,39925.4634561875,79.85092691237502,0.0399254634561875,0.7239179537011324
241,29,1,10474.099208165982,20.94819841633196,0.0104740992081659,0.1488997661422321
242,29,2,10369.698326474783,20.73939665294957,0.0103696983264747,0.1516455260060331
243,29,3,10177.698928920432,20.355397857840863,0.0101776989289204,0.1446624515441025
244,29,4,10933.1329673727,21.866265934745407,0.0109331329673727,0.1574820172499096
245,29,5,10748.955270343758,21.497910540687517,0.0107489552703437,0.1540549100053912
246,29,6,11212.401140962707,22.42480228192541,0.0112124011409627,0.1575848687081443
247,29,7,8423.738885547473,16.847477771094944,0.0084237388855474,0.1209213110168919
248,29,8,9257.149241285097,18.51429848257019,0.009257149241285,0.1401006251551003
249,29,9,10639.006098307193,21.278012196614384,0.0106390060983071,0.1601989542299735
250,29,10,7933.99065399794,19.83497663499485,0.0099174883174974,0.1507280296799533
251,29,11,7811.630033181727,19.52907508295432,0.0097645375414771,0.1514953040219546
252,29,12,7659.7145678697025,19.149286419674254,0.0095746432098371,0.1487341719142347
253,29,13,8957.45699441374,17.91491398882748,0.0089574569944137,0.1425963230655576
254,29,14,7837.815081635491,15.67563016327098,0.0078378150816354,0.1295296744694124
255,29,15,9748.737255017246,19.49747451003449,0.0097487372550172,0.1631001858809632
256,29,16,6731.155211171737,13.462310422343473,0.0067311552111717,0.1177582088939098
257,29,17,8225.499670731095,16.45099934146219,0.008225499670731,0.143236970043166
258,29,18,8355.044558783173,16.710089117566344,0.0083550445587831,0.1481337586037186
259,29,19,8461.411936429444,16.922823872858885,0.0084614119364294,0.1541771245360116
260,29,20,9549.968549371284,19.09993709874257,0.0095499685493712,0.1679435667602149
261,29,21,9760.668095903,19.521336191806,0.009760668095903,0.1828576420992033
262,29,22,10183.23325434781,20.36646650869562,0.0101832332543478,0.1845653377846972
263,29,23,9736.538655248543,19.47307731049709,0.0097365386552485,0.1785310719297873
264,29,24,10045.15654571444,20.09031309142888,0.0100451565457144,0.1821361242095779
265,30,1,10338.547762517966,20.67709552503593,0.0103385477625179,0.1469727671558662
266,30,2,10473.77007463995,20.9475401492799,0.0104737700746399,0.1531674617939413
267,30,3,10220.879005097408,20.44175801019481,0.0102208790050974,0.1452761988873132
268,30,4,9152.87087646514,18.30574175293028,0.0091528708764651,0.1318389315812061
269,30,5,9872.53902664002,19.74507805328004,0.00987253902664,0.1414940403994351
270,30,6,10976.551310202669,21.953102620405332,0.0109765513102026,0.1542701135412624
271,30,7,10973.410967207235,21.94682193441447,0.0109734109672072,0.1575214116333095
272,30,8,9644.104599502152,19.288209199004307,0.0096441045995021,0.1459569299612871
273,30,9,8984.591592386867,17.969183184773737,0.0089845915923868,0.1352872781521202
274,30,10,7991.535441182669,19.978838602956674,0.0099894193014783,0.1518212515866789
275,30,11,7119.693508702074,17.79923377175518,0.0088996168858775,0.138076192556784
276,30,12,7344.46512160372,18.3611628040093,0.0091805814020046,0.1426127472943833
277,30,13,13834.202011131178,27.668404022262354,0.0138342020111311,0.2202306235535056
278,30,14,17501.659240208643,35.003318480417285,0.0175016592402086,0.2892367580054933
279,30,15,16813.438905248593,33.626877810497184,0.0168134389052485,0.2812954066777148
280,30,16,16202.511122910932,32.40502224582187,0.0162025111229109,0.2834548646643833
281,30,17,16364.796183509836,32.72959236701967,0.0163647961835098,0.2849728180089483
282,30,18,15305.011140158394,30.610022280316787,0.0153050111401583,0.2713556833494184
283,30,19,15850.648456341009,31.70129691268201,0.015850648456341,0.2888179206248488
284,30,20,15427.790886986271,30.855581773972546,0.0154277908869862,0.2713096085496314
285,30,21,14749.95222390542,29.49990444781084,0.0147499522239054,0.2763275483029035
286,30,22,14763.163763315712,29.526327526631423,0.0147631637633157,0.2675739854612292
287,30,23,14472.60564871773,28.94521129743546,0.0144726056487177,0.265372520109069
288,30,24,16079.05075200241,32.15810150400482,0.0160790507520024,0.2915410995947331
289,31,1,67114.38026665282,134.22876053330566,0.0671143802666528,0.4088990782149401
290,31,2,75309.54074614689,150.61908149229376,0.0753095407461468,0.4719942344168445
291,31,3,79237.76936068594,158.4755387213719,0.0792377693606859,0.4826826371205057
292,31,4,68976.42095070318,137.95284190140637,0.0689764209507031,0.4258044637503914
293,31,5,82420.17384865385,164.84034769730772,0.0824201738486538,0.5062511583234479
294,31,6,70449.03525825219,140.8980705165044,0.0704490352582521,0.4243401760075209
295,31,7,76377.28564693157,152.75457129386314,0.0763772856469315,0.4698782963830321
296,31,8,81460.37642374821,162.92075284749643,0.0814603764237482,0.5283630459104461
297,31,9,84014.14594193065,168.0282918838613,0.0840141459419306,0.5421684612825615
298,31,10,68326.59411033306,170.8164852758326,0.0854082426379163,0.5563080253118383
299,31,11,69977.57796675684,174.94394491689212,0.087471972458446,0.5816203936820102
300,31,12,72879.66385905893,182.19915964764732,0.0910995798238236,0.6064957320771447
301,31,13,92118.88631867248,184.23777263734496,0.0921188863186724,0.628485827847706
302,31,14,90186.52564334784,180.37305128669573,0.0901865256433478,0.6387620886562848
303,31,15,87341.9034294789,174.6838068589578,0.0873419034294789,0.6262560830142517
304,31,16,105085.31443029012,210.17062886058025,0.1050853144302901,0.7878922511479166
305,31,17,91534.62212214252,183.06924424428504,0.0915346221221425,0.6831269893274902
306,31,18,99357.02019641032,198.71404039282064,0.0993570201964103,0.754965393754032
307,31,19,103005.45733978138,206.0109146795628,0.1030054573397813,0.8043786820591531
308,31,20,85666.8625804789,171.3337251609578,0.0856668625804789,0.6456505236734894
309,31,21,97261.1550441382,194.52231008827644,0.0972611550441382,0.7809014112765489
310,31,22,107468.95190539316,214.9379038107864,0.1074689519053931,0.8347773911865322
311,31,23,101743.51328283716,203.4870265656744,0.1017435132828371,0.7995381021407523
312,31,24,97856.71593913746,195.7134318782749,0.0978567159391374,0.7604194784074911
313,32,1,53846.88781776868,107.69377563553736,0.0538468878177686,0.3280659481015721
314,32,2,52758.84219786711,105.5176843957342,0.0527588421978671,0.3306602202746199
315,32,3,52961.41346894091,105.92282693788182,0.0529614134689409,0.3226183034312082
316,32,4,50635.48843296322,101.27097686592644,0.0506354884329632,0.3125824260198476
317,32,5,54082.62191329012,108.16524382658022,0.0540826219132901,0.3321928201589129
318,32,6,50421.12001979966,100.84224003959932,0.0504211200197996,0.3037047542988447
319,32,7,52747.310090683335,105.49462018136668,0.0527473100906833,0.3245050671055567
320,32,8,49732.22106016726,99.46444212033452,0.0497322210601672,0.3225699285079801
321,32,9,49345.27870990816,98.69055741981632,0.0493452787099081,0.3184398714021522
322,32,10,40414.48856810756,101.0362214202689,0.0505181107101344,0.3290505640162106
323,32,11,37336.75439276938,93.34188598192348,0.0466709429909617,0.3103253702071147
324,32,12,37677.15432144752,94.1928858036188,0.0470964429018093,0.3135447130623597
325,32,13,46063.61855101049,92.12723710202098,0.0460636185510104,0.314271400747759
326,32,14,44564.325207157286,89.12865041431456,0.0445643252071572,0.3156347497125404
327,32,15,43502.10092830203,87.00420185660407,0.043502100928302,0.3119173530749284
328,32,16,44470.853902285286,88.94170780457056,0.0444708539022852,0.3334266198992514
329,32,17,42524.412594468944,85.04882518893788,0.0425244125944689,0.3173615979953053
330,32,18,40542.3121326936,81.08462426538719,0.0405423121326935,0.3080611977135736
331,32,19,42218.64329405518,84.43728658811037,0.0422186432940551,0.329689101220874
332,32,20,41236.87658380705,82.47375316761409,0.041236876583807,0.3107924132972867
333,32,21,40221.92511699787,80.44385023399575,0.0402219251169978,0.3229383619171434
334,32,22,39168.07899276914,78.33615798553828,0.0391680789927691,0.3042425390744971
335,32,23,40017.747283796976,80.03549456759396,0.0400177472837969,0.3144742370581432
336,32,24,41073.88287992623,82.14776575985245,0.0410738828799262,0.319174624817265
337,33,1,19798.07575177282,39.59615150354563,0.0197980757517728,0.1206211678207485
338,33,2,19008.19188359969,38.01638376719939,0.0190081918835996,0.1191317446217084
339,33,3,18529.676691966448,37.0593533839329,0.0185296766919664,0.1128748737228625
340,33,4,20295.4823714924,40.59096474298481,0.0202954823714924,0.1252878428401661
341,33,5,20448.275974988035,40.89655194997607,0.020448275974988,0.1255998733643085
342,33,6,20943.345877202035,41.88669175440406,0.020943345877202,0.1261493935742333
343,33,7,18264.24426930054,36.52848853860108,0.0182642442693005,0.1123628826200276
344,33,8,19558.963849602256,39.11792769920452,0.0195589638496022,0.126862091339605
345,33,9,18630.42880240969,37.260857604819385,0.0186304288024096,0.1202277402643398
346,33,10,14130.469399634914,35.32617349908728,0.0176630867495436,0.1150488127030972
347,33,11,12486.609524224625,31.21652381056156,0.0156082619052807,0.1037827681129965
348,33,12,14209.915095976416,35.52478773994105,0.0177623938699705,0.1182531916661281
349,33,13,24145.00425243933,48.29000850487867,0.0241450042524393,0.1647305302138111
350,33,14,31960.864951037525,63.92172990207506,0.0319608649510375,0.2263685035625054
351,33,15,32132.867760318568,64.26573552063714,0.0321328677603185,0.2303980461776856
352,33,16,28387.07074967373,56.77414149934746,0.0283870707496737,0.2128361436391989
353,33,17,29870.783648268945,59.741567296537895,0.0298707836482689,0.2229269977786757
354,33,18,30319.81614145877,60.639632282917546,0.0303198161414587,0.2303854512397432
355,33,19,29786.92421929832,59.57384843859664,0.0297869242192983,0.232608712828476
356,33,20,32767.19051178372,65.53438102356743,0.0327671905117837,0.2469584279845337
357,33,21,29768.83612123243,59.53767224246486,0.0297688361212324,0.239011413432024
358,33,22,28270.440337321197,56.5408806746424,0.0282704403373211,0.2195938828291409
359,33,23,30907.9351263729,61.8158702527458,0.0309079351263729,0.242885968792256
360,33,24,30646.301713496323,61.29260342699265,0.0306463017134963,0.2381445620818663
361,34,1,54930.05458408031,109.86010916816062,0.0549300545840803,0.4462202903260047
362,34,2,58896.59832954264,117.79319665908528,0.0588965983295426,0.4921705725088787
363,34,3,48899.20466135479,97.79840932270956,0.0488992046613547,0.3971640839037997
364,34,4,59494.93391026909,118.9898678205382,0.059494933910269,0.4896979398729607
365,34,5,56014.440951459226,112.02888190291846,0.0560144409514592,0.4587448968758314
366,34,6,55974.44353595508,111.94888707191016,0.055974443535955,0.4495392569469896
367,34,7,57928.90884723407,115.85781769446812,0.057928908847234,0.4751768237534869
368,34,8,62114.19019542536,124.2283803908507,0.0621141901954253,0.537174745427897
369,34,9,63325.70982683756,126.65141965367512,0.0633257098268375,0.5448797107758989
370,34,10,50231.53922947102,125.57884807367756,0.0627894240368387,0.5453066264261547
371,34,11,50429.16327499949,126.07290818749873,0.0630364540937493,0.5588576731629326
372,34,12,56475.1903364781,141.18797584119528,0.0705939879205976,0.6266395881217347
373,34,13,68977.03106161591,137.95406212323184,0.0689770310616159,0.6274657774920631
374,34,14,66294.48350402457,132.58896700804914,0.0662944835040245,0.6260566080108784
375,34,15,64680.06710739224,129.36013421478444,0.0646800671073922,0.6183558923463697
376,34,16,69979.74297458009,139.95948594916018,0.0699797429745801,0.6995775768912044
377,34,17,69807.65795120555,139.61531590241108,0.0698076579512055,0.6946369086380852
378,34,18,67200.78317572667,134.40156635145334,0.0672007831757266,0.6808345047727828
379,34,19,70630.00626037677,141.26001252075355,0.0706300062603767,0.7354079135456957
380,34,20,63357.58719572985,126.71517439145973,0.0633575871957298,0.6366811797764033
381,34,21,77998.30821136663,155.99661642273327,0.0779983082113666,0.8349889042793874
382,34,22,63593.73321721791,127.18746643443582,0.0635937332172179,0.6586288072932861
383,34,23,72574.13789698416,145.1482757939683,0.0725741378969841,0.7604191704729761
384,34,24,79384.94473332257,158.76988946664514,0.0793849447333225,0.8225067666630129
385,35,1,36265.16671673317,72.53033343346634,0.0362651667167331,0.2945974356586847
386,35,2,33793.18341771058,67.58636683542115,0.0337931834177105,0.2823933962455945
387,35,3,34222.0185711688,68.4440371423376,0.0342220185711688,0.2779545546657672
388,35,4,32987.801929936264,65.97560385987254,0.0329878019299362,0.2715199023565736
389,35,5,34485.313652593424,68.97062730518684,0.0344853136525934,0.2824264847880722
390,35,6,34535.49995569701,69.07099991139401,0.034535499955697,0.2773598450943836
391,35,7,35883.81931044589,71.76763862089179,0.0358838193104458,0.2943462879483506
392,35,8,34365.269111432695,68.73053822286538,0.0343652691114326,0.2971970596157687
393,35,9,32771.297114444715,65.54259422888943,0.0327712971144447,0.2819773349923367
394,35,10,26353.3730602909,65.88343265072726,0.0329417163253636,0.2860885646527394
395,35,11,24842.81569938165,62.10703924845413,0.031053519624227,0.2753089140278253
396,35,12,25132.230608440303,62.83057652110076,0.0314152882605503,0.2788631705926467
397,35,13,31304.177721566557,62.60835544313311,0.0313041777215665,0.2847658113215451
398,35,14,29584.68990509624,59.16937981019248,0.0295846899050962,0.2793850955926646
399,35,15,29985.29739367316,59.97059478734632,0.0299852973936731,0.2866661423889731
400,35,16,28833.506247415105,57.6670124948302,0.0288335062474151,0.2882444772792493
401,35,17,28061.13602582105,56.122272051642106,0.028061136025821,0.2792286885698694
402,35,18,28021.67901146296,56.04335802292592,0.0280216790114629,0.2838973751657466
403,35,19,26650.57862959532,53.30115725919064,0.0266505786295953,0.2774889521108709
404,35,20,29057.02139968891,58.11404279937782,0.0290570213996889,0.2919943685416888
405,35,21,27667.561429349105,55.335122858698206,0.0276675614293491,0.2961872806185839
406,35,22,26198.47308165051,52.396946163301024,0.0261984730816505,0.2713328531875049
407,35,23,26332.98237286908,52.66596474573815,0.026332982372869,0.2759124006471831
408,35,24,27616.96880973789,55.23393761947577,0.0276169688097378,0.2861391892006431
409,36,1,24322.255484291392,48.64451096858279,0.0243222554842913,0.1975800677017564
410,36,2,24131.58391002028,48.26316782004055,0.0241315839100202,0.2016560515445468
411,36,3,24931.81754089119,49.86363508178238,0.0249318175408911,0.2024986406682875
412,36,4,24793.954735127358,49.58790947025471,0.0247939547351273,0.2040770155893831
413,36,5,24341.27443096216,48.68254886192432,0.0243412744309621,0.1993492256458404
414,36,6,24419.10378933189,48.83820757866378,0.0244191037893318,0.1961135310923885
415,36,7,24096.33370232845,48.1926674046569,0.0240963337023284,0.1976563954099618
416,36,8,23574.44959359617,47.14889918719236,0.0235744495935961,0.2038761017281277
417,36,9,23660.96227280116,47.32192454560232,0.0236609622728011,0.2035883737448377
418,36,10,18470.1092322006,46.1752730805015,0.0230876365402507,0.2005089453684246
419,36,11,18647.70282861624,46.6192570715406,0.0233096285357703,0.2066544661033623
420,36,12,18149.98602166969,45.37496505417423,0.0226874825270871,0.2013893126746672
421,36,13,22556.68665691834,45.11337331383669,0.0225566866569183,0.2051922025780583
422,36,14,21004.26107802632,42.00852215605264,0.0210042610780263,0.1983552137258265
423,36,15,20975.88935610088,41.951778712201765,0.0209758893561008,0.2005341886707486
424,36,16,19853.30119387059,39.70660238774118,0.0198533011938705,0.1984706395327051
425,36,17,19677.314159155765,39.35462831831153,0.0196773141591557,0.1958035705390734
426,36,18,19634.76909330675,39.269538186613495,0.0196347690933067,0.198926674068853
427,36,19,18982.057168748543,37.96411433749709,0.0189820571687485,0.197643406766987
428,36,20,20533.69852522251,41.067397050445024,0.0205336985252225,0.2063433912314889
429,36,21,18531.71162452819,37.06342324905638,0.0185317116245281,0.1983860155255444
430,36,22,18900.112878956657,37.80022575791331,0.0189001128789566,0.1957450549515054
431,36,23,18902.263520848068,37.80452704169614,0.018902263520848,0.1980546233561554
432,36,24,19771.501051841897,39.5430021036838,0.0197715010518419,0.2048523615762956
433,37,1,21884.38326535448,43.768766530708966,0.0218843832653544,0.2666642859235983
434,37,2,24303.00719249507,48.60601438499014,0.024303007192495,0.3046328303213207
435,37,3,17725.2990007391,35.4505980014782,0.0177252990007391,0.2159498969861498
436,37,4,20932.42528376109,41.86485056752218,0.020932425283761,0.258439623282778
437,37,5,19792.71479136875,39.585429582737504,0.0197927147913687,0.2431464123794669
438,37,6,24592.258699109258,49.18451739821853,0.0245922586991092,0.2962562467050996
439,37,7,20572.481646096672,41.14496329219335,0.0205724816460966,0.253126634348453
440,37,8,17186.37875396718,34.37275750793436,0.0171863787539671,0.2229463654668158
441,37,9,18777.02683991586,37.55405367983172,0.0187770268399158,0.2423475626662924
442,37,10,14342.201174528343,35.85550293632086,0.0179277514681604,0.2335454216009392
443,37,11,16141.465575793209,40.35366393948302,0.0201768319697415,0.2683203916333705
444,37,12,15552.3872518799,38.88096812969975,0.0194404840648498,0.2588501645703926
445,37,13,15198.080876634374,30.396161753268743,0.0151980808766343,0.2073793729638652
446,37,14,17502.288821679555,35.00457764335912,0.0175022888216795,0.2479261393927797
447,37,15,17700.039677624303,35.40007935524861,0.0177000396776243,0.2538245007828533
448,37,16,14818.753458392044,29.637506916784087,0.014818753458392,0.2222114685546028
449,37,17,17450.82887564604,34.90165775129208,0.017450828875646,0.2604726367948932
450,37,18,17573.39489918256,35.14678979836512,0.0175733948991825,0.267063262835972
451,37,19,18964.58810390946,37.92917620781892,0.0189645881039094,0.2961922752208569
452,37,20,20451.66835391849,40.90333670783698,0.0204516683539184,0.3082786035335201
453,37,21,21840.380816411754,43.68076163282351,0.0218403808164117,0.3507090614873608
454,37,22,23077.736181683777,46.15547236336755,0.0230777361816837,0.3585179172715138
455,37,23,21763.135106098325,43.52627021219666,0.0217631351060983,0.3420455059575354
456,37,24,22464.520301473367,44.929040602946735,0.0224645203014733,0.3491320681749714
457,38,1,17154.524635662558,34.309049271325115,0.0171545246356625,0.2090302937423735
458,38,2,19920.81061261376,39.84162122522751,0.0199208106126137,0.2497029635529851
459,38,3,18958.37518330837,37.916750366616746,0.0189583751833083,0.2309726435469161
460,38,4,19342.02048274273,38.68404096548544,0.0193420204827427,0.2388038853274073
461,38,5,19921.877870242744,39.84375574048549,0.0199218778702427,0.2447331345432093
462,38,6,17111.304805040916,34.22260961008183,0.0171113048050409,0.2061352314072709
463,38,7,19163.06672548288,38.32613345096577,0.0191630667254828,0.2357849999558346
464,38,8,17643.3108860812,35.2866217721624,0.0176433108860812,0.2288738129866319
465,38,9,16841.454194687252,33.682908389374504,0.0168414541946872,0.2173659019947777
466,38,10,12983.058798497308,32.45764699624327,0.0162288234981216,0.2114134297704516
467,38,11,13422.789362983656,33.55697340745914,0.0167784867037295,0.2231277006277064
468,38,12,12045.770539778192,30.11442634944548,0.0150572131747227,0.2004868857815945
469,38,13,23107.21668226101,46.21443336452202,0.023107216682261,0.3153003425501338
470,38,14,30208.331581963936,60.416663163927865,0.0302083315819639,0.4279117493099738
471,38,15,29741.46890167093,59.48293780334188,0.0297414689016709,0.4265026312940234
472,38,16,26416.091017274997,52.83218203454998,0.0264160910172749,0.3961168795271708
473,38,17,28203.761372541885,56.40752274508378,0.0282037613725418,0.4209718715706549
474,38,18,29419.50369956426,58.83900739912852,0.0294195036995642,0.4470888348036866
475,38,19,28120.3827481871,56.2407654963742,0.0281203827481871,0.4391890876106019
476,38,20,30085.187370558768,60.170374741117534,0.0300851873705587,0.4534896317083666
477,38,21,26037.08578052381,52.07417156104762,0.0260370857805238,0.4180990246787124
478,38,22,27512.52098803065,55.0250419760613,0.0275125209880306,0.427413314974376
479,38,23,25582.71882241207,51.16543764482414,0.025582718822412,0.4020769048540853
480,38,24,27965.84832203415,55.9316966440683,0.0279658483220341,0.4346308904846263
481,39,1,26080.09698852889,52.16019397705778,0.0260800969885288,0.6355792946904044
482,39,2,24204.18618604497,48.40837237208994,0.0242041861860449,0.606788261639987
483,39,3,25788.88285925891,51.57776571851781,0.0257888828592589,0.6283794249803771
484,39,4,25399.3874388606,50.7987748777212,0.0253993874388606,0.627180848117473
485,39,5,25477.90975627864,50.95581951255728,0.0254779097562786,0.6259739927004292
486,39,6,25780.02929738795,51.560058594775896,0.0257800292973879,0.6211299915992095
487,39,7,24594.058530269744,49.18811706053949,0.0245940585302697,0.6052173352568987
488,39,8,24053.23181755826,48.10646363511652,0.0240532318175582,0.6240500908566937
489,39,9,23935.706669726063,47.87141333945213,0.023935706669726,0.6178571529516358
490,39,10,18868.311095780697,47.17077773945175,0.0235853888697258,0.6144953087937282
491,39,11,18440.840733549965,46.10210183387491,0.0230510509169374,0.6130860403525146
492,39,12,18691.40453067931,46.72851132669828,0.0233642556633491,0.6221904149452419
493,39,13,22730.877824115767,45.46175564823154,0.0227308778241157,0.6203303204328332
494,39,14,21519.14925713354,43.03829851426708,0.0215191492571335,0.6096527891517388
495,39,15,21541.86473402953,43.083729468059055,0.0215418647340295,0.6178351192013479
496,39,16,20216.47164164268,40.43294328328536,0.0202164716416426,0.606303609152474
497,39,17,20647.04685626445,41.2940937125289,0.0206470468562644,0.6163593460233062
498,39,18,20857.18632433165,41.71437264866331,0.0208571863243316,0.6339342244693913
499,39,19,20166.95916593671,40.33391833187343,0.0201669591659367,0.6299422362264271
500,39,20,20366.25689834713,40.732513796694256,0.0203662568983471,0.6139823047369561
501,39,21,19635.33125997279,39.27066251994558,0.0196353312599727,0.6306015134135259
502,39,22,20103.819956890693,40.207639913781385,0.0201038199568906,0.6246348951563475
503,39,23,19278.81630439441,38.55763260878883,0.0192788163043944,0.606000233417765
504,39,24,19392.98978548469,38.78597957096938,0.0193929897854846,0.6027918282731635
505,40,1,14046.652058342885,28.09330411668577,0.0140466520583428,0.3423208591566928
506,40,2,15206.940501153624,30.41388100230725,0.0152069405011536,0.3812312845650565
507,40,3,15533.25031882926,31.06650063765852,0.0155332503188292,0.3784876978460433
508,40,4,16200.475088796107,32.40095017759222,0.0162004750887961,0.4000343602992394
509,40,5,13246.359863783367,26.492719727566733,0.0132463598637833,0.3254535733896216
510,40,6,16417.125562490437,32.834251124980874,0.0164171255624904,0.395545286046127
511,40,7,14375.766502715358,28.75153300543072,0.0143757665027153,0.3537628034974571
512,40,8,16870.757574191754,33.741515148383506,0.0168707575741917,0.437704083877423
513,40,9,18031.271109363308,36.06254221872661,0.0180312711093633,0.4654447844575711
514,40,10,14543.181407017875,36.357953517544686,0.0181789767587723,0.4736362838297207
515,40,11,14662.63551083254,36.65658877708135,0.0183282943885406,0.4874754506237725
516,40,12,15694.004363001171,39.23501090750293,0.0196175054537514,0.5224144108989147
517,40,13,19570.041958983864,39.14008391796772,0.0195700419589838,0.5340704610369658
518,40,14,19698.95952610783,39.397919052215656,0.0196989595261078,0.5580855207134979
519,40,15,18254.868885373253,36.5097377707465,0.0182548688853732,0.5235618751232337
520,40,16,20388.449279254022,40.77689855850805,0.020388449279254,0.6114613173928425
521,40,17,19436.094637919232,38.87218927583847,0.0194360946379192,0.5802097832039498
522,40,18,19081.423975470283,38.16284795094057,0.0190814239754702,0.5799616267295833
523,40,19,20620.926565009773,41.24185313001955,0.0206209265650097,0.6441225217217736
524,40,20,18355.423354895745,36.71084670979149,0.0183554233548957,0.5533616310602504
525,40,21,20577.32427259986,41.15464854519972,0.0205773242725998,0.6608542354849142
526,40,22,22244.642299362644,44.48928459872528,0.0222446422993626,0.6911512259982375
527,40,23,22751.77115015913,45.50354230031825,0.0227517711501591,0.715167280499543
528,40,24,22386.75469745455,44.7735093949091,0.0223867546974545,0.6958469499778674
529,41,1,27008.935605894578,54.01787121178916,0.0270089356058945,0.3839589558530156
530,41,2,24445.67494863098,48.89134989726197,0.0244456749486309,0.3574913290093644
531,41,3,25474.16771225101,50.94833542450202,0.025474167712251,0.3620814074022472
532,41,4,26574.594060886186,53.14918812177237,0.0265745940608861,0.3827832966812907
533,41,5,26428.620663031284,52.85724132606257,0.0264286206630312,0.3787771625623017
534,41,6,27291.69080543195,54.5833816108639,0.0272916908054319,0.383571498943713
535,41,7,29165.209095941314,58.33041819188263,0.0291652090959413,0.4186615192944457
536,41,8,29042.02293228884,58.08404586457768,0.0290420229322888,0.4395311626214626
537,41,9,29965.82649110157,59.93165298220313,0.0299658264911015,0.4512164033137579
538,41,10,25230.611325820908,63.07652831455227,0.0315382641572761,0.4793250330897968
539,41,11,24158.954193639296,60.39738548409824,0.0301986927420491,0.468528091431787
540,41,12,26152.472493507696,65.38118123376924,0.0326905906168846,0.5078213170172318
541,41,13,31193.96616000857,62.38793232001715,0.0311939661600085,0.4965856804026759
542,41,14,32833.22031377469,65.66644062754938,0.0328332203137746,0.5426099358978884
543,41,15,33493.367800506654,66.9867356010133,0.0334933678005066,0.5603571386879522
544,41,16,34398.4578385628,68.79691567712558,0.0343984578385627,0.6017838924675003
545,41,17,40541.27561203283,81.08255122406565,0.0405412756120328,0.7059765014660014
546,41,18,36936.26496061477,73.87252992122954,0.0369362649606147,0.6548747548745053
547,41,19,33286.80379574076,66.5736075914815,0.0332868037957407,0.606525687766874
548,41,20,33951.2593559024,67.9025187118048,0.0339512593559024,0.5970590963471548
549,41,21,31167.15235017413,62.334304700348255,0.0311671523501741,0.5838895384724414
550,41,22,31673.35383127256,63.34670766254511,0.0316733538312725,0.5740616072156791
551,41,23,29443.21910018646,58.88643820037292,0.0294432191001864,0.5398766084276072
552,41,24,34519.63901888138,69.03927803776277,0.0345196390188813,0.6259009734094299
553,42,1,11464.797755494026,22.92959551098805,0.011464797755494,0.1629835340236349
554,42,2,10872.491643219511,21.74498328643903,0.0108724916432195,0.1589983297800261
555,42,3,11944.60067487392,23.88920134974784,0.0119446006748739,0.169776609468432
556,42,4,12313.128448457812,24.626256896915624,0.0123131284484578,0.177359619836981
557,42,5,11704.32058803058,23.408641176061163,0.0117043205880305,0.1677472842256635
558,42,6,9706.188291135595,19.412376582271182,0.0097061882911355,0.1364157764501638
559,42,7,9769.388968213168,19.53877793642634,0.0097693889682131,0.1402378846164248
560,42,8,12133.000135322836,24.266000270645677,0.0121330001353228,0.1836246623728053
561,42,9,12197.265120652382,24.394530241304764,0.0121972651206523,0.1836627499541662
562,42,10,7232.985448926619,18.08246362231655,0.0090412318111582,0.1374105028559774
563,42,11,7657.032223891581,19.142580559728952,0.0095712902798644,0.1484971023636511
564,42,12,8764.244069365002,21.910610173412508,0.0109553050867062,0.1701816135002252
565,42,13,9954.720258335154,19.909440516670305,0.0099547202583351,0.158472042552934
566,42,14,8941.982282993473,17.883964565986947,0.0089419822829934,0.1477774152826415
567,42,15,9634.60913245945,19.2692182649189,0.0096346091324594,0.1611907777682518
568,42,16,10103.626329412911,20.207252658825823,0.0101036263294129,0.176757911912404
569,42,17,9437.460001976764,18.874920003953527,0.0094374600019767,0.1643417700686108
570,42,18,9960.62467090758,19.92124934181516,0.0099606246709075,0.1766004669587735
571,42,19,10592.32114786951,21.18464229573902,0.0105923211478695,0.193004858882883
572,42,20,11019.691100343782,22.03938220068757,0.0110196911003437,0.1937897720207017
573,42,21,11447.933875414778,22.895867750829552,0.0114479338754147,0.2144671015137389
574,42,22,11269.213423343834,22.53842684668767,0.0112692134233438,0.2042481135507003
575,42,23,11949.202284558582,23.898404569117165,0.0119492022845585,0.2191029038248758
576,42,24,12359.498073853116,24.71899614770623,0.0123594980738531,0.22409915326882
577,43,1,17061.456712779192,34.12291342555838,0.0170614567127791,0.2425456226916405
578,43,2,17235.5427585222,34.47108551704439,0.0172355427585221,0.2520510110638974
579,43,3,16683.608481496656,33.36721696299332,0.0166836084814966,0.2371353014459126
580,43,4,16420.99987708282,32.84199975416565,0.0164209998770828,0.2365298394907343
581,43,5,18812.2293855476,37.62445877109519,0.0188122293855475,0.2696184170555794
582,43,6,16357.251086321516,32.71450217264303,0.0163572510863215,0.2298932434237549
583,43,7,15862.423616166856,31.72484723233371,0.0158624236161668,0.2277023404492129
584,43,8,19971.5564480092,39.9431128960184,0.0199715564480091,0.3022558533687459
585,43,9,20287.740723668863,40.57548144733773,0.0202877407236688,0.3054866984367767
586,43,10,16817.88248933886,42.04470622334715,0.0210223531116735,0.3195020515596001
587,43,11,16482.7805146339,41.206951286584754,0.0206034756432923,0.3196597681386279
588,43,12,16971.25491458144,42.428137286453605,0.0212140686432268,0.3295430297956496
589,43,13,22095.5885572273,44.1911771144546,0.0220955885572273,0.351746001816695
590,43,14,20941.90357252024,41.88380714504048,0.0209419035725202,0.346091088430265
591,43,15,21658.03914524048,43.31607829048096,0.0216580391452404,0.3623474628560653
592,43,16,24477.543667995866,48.95508733599173,0.0244775436679958,0.4282224387994602
593,43,17,27195.76734000864,54.39153468001728,0.0271957673400086,0.473580872617736
594,43,18,21625.38913515833,43.25077827031666,0.0216253891351583,0.3834150914840332
595,43,19,24176.266963189864,48.35253392637973,0.0241762669631898,0.4405207251938251
596,43,20,21933.84740293413,43.86769480586826,0.0219338474029341,0.3857236331805036
597,43,21,25236.58470965221,50.47316941930442,0.0252365847096522,0.4727855029289249
598,43,22,21419.89723585978,42.83979447171956,0.0214198972358597,0.3882235111291438
599,43,23,23074.62876342189,46.149257526843776,0.0230746287634218,0.4231008937960668
600,43,24,22039.10741145008,44.07821482290016,0.02203910741145,0.3996072720910101
601,44,1,18603.833290016693,37.20766658003339,0.0186038332900166,0.3022537645267054
602,44,2,19049.77662873713,38.09955325747426,0.0190497766287371,0.3183796597919619
603,44,3,17949.897886819977,35.89979577363996,0.0179498978868199,0.291581623863086
604,44,4,19745.076774929257,39.49015354985852,0.0197450767749292,0.3250402272536138
605,44,5,19868.87183523221,39.737743670464425,0.0198688718352322,0.3254426325165445
606,44,6,20035.124855129416,40.07024971025883,0.0200351248551294,0.3218102609427348
607,44,7,19642.42253726693,39.284845074533855,0.0196424225372669,0.322244079435239
608,44,8,17887.658550511907,35.77531710102381,0.0178876585505119,0.3093914095294784
609,44,9,17214.999687012634,34.42999937402527,0.0172149996870126,0.2962494720111713
610,44,10,15215.463568876236,38.038658922190585,0.0190193294610952,0.33035392645846
611,44,11,14628.519270315708,36.57129817578927,0.0182856490878946,0.3242274791134868
612,44,12,14370.160719681488,35.92540179920372,0.0179627008996018,0.3188979635472938
613,44,13,25145.714174462195,50.291428348924384,0.0251457141744621,0.4574877999888933
614,44,14,32604.82244224824,65.20964488449647,0.0326048224422482,0.6158118583653106
615,44,15,30837.95323685355,61.6759064737071,0.0308379532368535,0.5896354454997415
616,44,16,29856.388637709333,59.71277727541867,0.0298563886377093,0.5969401752583704
617,44,17,30629.14822953478,61.25829645906957,0.0306291482295347,0.609564551077001
618,44,18,29469.755912287237,58.93951182457447,0.0294697559122872,0.5971366916915373
619,44,19,27480.25817203759,54.96051634407517,0.0274802581720375,0.5722553457377368
620,44,20,27140.065090590328,54.28013018118066,0.0271400650905903,0.5454617016176407
621,44,21,27561.41819468832,55.12283638937664,0.0275614181946883,0.5901019882740235
622,44,22,28844.616631264707,57.68923326252942,0.0288446166312647,0.5974769678575281
623,44,23,30408.559164641647,60.81711832928329,0.0304085591646416,0.6372311681628975
624,44,24,28016.52256924362,56.03304513848724,0.0280165225692436,0.5805579249058054
625,45,1,12395.148403078698,24.7902968061574,0.0123951484030786,0.2013821672283086
626,45,2,11676.679377145165,23.353358754290326,0.0116766793771451,0.1951527978541839
627,45,3,10984.440741655086,21.968881483310167,0.010984440741655,0.1784333865782816
628,45,4,12168.965704089847,24.33793140817969,0.0121689657040898,0.2003235248454974
629,45,5,11177.595707487582,22.355191414975163,0.0111775957074875,0.1830836799601245
630,45,6,10771.02618000324,21.542052360006483,0.0107710261800032,0.1730074941220266
631,45,7,10555.683766936989,21.111367533873977,0.0105556837669369,0.1731714401231588
632,45,8,12523.342663906997,25.04668532781399,0.0125233426639069,0.2166082624992836
633,45,9,10778.846156562991,21.557692313125987,0.0107788461565629,0.1854909985958622
634,45,10,8011.321547462283,20.028303868655705,0.0100141519343278,0.1739395922671121
635,45,11,8731.379033864392,21.82844758466098,0.0109142237923304,0.1935228686527961
636,45,12,8344.10379539379,20.860259488484477,0.0104301297442422,0.1851696553632772
637,45,13,11654.113343205796,23.308226686411597,0.0116541133432057,0.2120287631209606
638,45,14,12348.464500450616,24.696929000901232,0.0123484645004506,0.233227182434434
639,45,15,9813.129321454886,19.62625864290977,0.0098131293214548,0.1876314175185836
640,45,16,11056.555869158126,22.113111738316256,0.0110565558691581,0.2210616454112313
641,45,17,9955.26523016573,19.91053046033146,0.0099552652301657,0.1981242421565903
642,45,18,10564.486682574125,21.12897336514825,0.0105644866825741,0.2140649771863685
643,45,19,11408.187572204795,22.81637514440959,0.0114081875722047,0.2375667754830611
644,45,20,12387.400459535971,24.77480091907194,0.0123874004595359,0.2489622818045594
645,45,21,12233.363832971703,24.46672766594341,0.0122333638329717,0.2619216569380808
646,45,22,12515.05519216395,25.030110384327905,0.0125150551921639,0.2592323317855751
647,45,23,12071.24781019812,24.14249562039624,0.0120712478101981,0.2529608621581994
648,45,24,11809.805792859568,23.61961158571914,0.0118098057928595,0.2447226035171792
649,46,1,33014.83139099732,66.02966278199465,0.0330148313909973,0.7509420066614779
650,46,2,30072.55756518303,60.14511513036606,0.030072557565183,0.7036453585039565
651,46,3,31551.105780507707,63.10221156101541,0.0315511057805077,0.7175311972596841
652,46,4,29402.71924211548,58.80543848423096,0.0294027192421154,0.677631863100817
653,46,5,30367.12370607785,60.7342474121557,0.0303671237060778,0.6963585787831146
654,46,6,29773.0389687504,59.5460779375008,0.0297730389687504,0.6695130333562298
655,46,7,30384.87425774847,60.769748515496936,0.0303848742577484,0.6978713619215543
656,46,8,24377.530344946503,48.75506068989301,0.0243775303449465,0.5902996098769285
657,46,9,29633.37986455297,59.26675972910594,0.0296333798645529,0.7139368351870822
658,46,10,19078.650595444484,47.6966264886112,0.0238483132443056,0.5799225209330553
659,46,11,21765.26317166456,54.413157929161386,0.0272065789645806,0.675369447309301
660,46,12,24116.684711450253,60.291711778625626,0.0301458558893128,0.7492655446813783
661,46,13,21946.119713952397,43.89223942790479,0.0219461197139523,0.5589865031948799
662,46,14,25400.871117737905,50.80174223547581,0.0254008711177379,0.6716497458235097
663,46,15,26374.54931838872,52.74909863677743,0.0263745493183887,0.7060104354158385
664,46,16,27231.34848043823,54.46269696087646,0.0272313484804382,0.7622382125433913
665,46,17,23191.845244283253,46.38369048856651,0.0231918452442832,0.6461719823434651
666,46,18,23541.867225342776,47.08373445068555,0.0235418672253427,0.6678303632453865
667,46,19,24663.33137222697,49.32666274445394,0.0246633313722269,0.7190330013037237
668,46,20,24755.336715142494,49.51067343028499,0.0247553367151424,0.6965467201778108
669,46,21,23814.07769074612,47.62815538149224,0.0238140776907461,0.7138177104290468
670,46,22,22023.369900138525,44.046739800277045,0.0220233699001385,0.6386577784482624
671,46,23,25289.65924111469,50.57931848222939,0.0252896592411146,0.7419457994956226
672,46,24,24882.9208687992,49.76584173759841,0.0248829208687992,0.7218728740254792
673,47,1,11878.02651924883,23.756053038497654,0.0118780265192488,0.2701727888265164
674,47,2,12965.823752751316,25.931647505502635,0.0129658237527513,0.3033776453176203
675,47,3,12516.09328325357,25.03218656650714,0.0125160932832535,0.284639386683401
676,47,4,11410.57273473495,22.821145469469897,0.0114105727347349,0.2629745772020477
677,47,5,12281.211945078,24.562423890156005,0.012281211945078,0.2816245416781786
678,47,6,10858.547070200064,21.71709414040013,0.0108585470702,0.2441785937418592
679,47,7,12908.183937760965,25.81636787552193,0.0129081839377609,0.2964715874143193
680,47,8,11839.301251803668,23.678602503607344,0.0118393012518036,0.2866875688908295
681,47,9,9246.888892755776,18.49377778551155,0.0092468888927557,0.2227789952275236
682,47,10,9705.755110585069,24.264387776462677,0.0121321938882313,0.2950201296014796
683,47,11,7738.609749418417,19.34652437354604,0.009673262186773,0.2401266894034702
684,47,12,8817.066682080926,22.042666705202315,0.0110213333526011,0.2739316928957823
685,47,13,11253.76934294005,22.507538685880096,0.01125376934294,0.2866431631088041
686,47,14,8558.261880173224,17.116523760346446,0.0085582618801732,0.2262975308943374
687,47,15,11671.285468778284,23.34257093755657,0.0116712854687782,0.3124242706937792
688,47,16,10971.293852012344,21.94258770402469,0.0109712938520123,0.3070997171166019
689,47,17,11105.97011764001,22.21194023528002,0.01110597011764,0.3094349177986039
690,47,18,10648.4900938357,21.2969801876714,0.0106484900938357,0.3020739578263275
691,47,19,10724.98111233476,21.449962224669523,0.0107249811123347,0.3126753333416974
692,47,20,11701.922928272845,23.403845856545683,0.0117019229282728,0.3292597523214523
693,47,21,12391.642153286642,24.78328430657328,0.0123916421532866,0.3714346507634157
694,47,22,11729.323590081436,23.458647180162878,0.0117293235900814,0.3401397597510766
695,47,23,12528.819658292678,25.05763931658536,0.0125288196582926,0.3675694096738137
696,47,24,12493.128432871032,24.986256865742064,0.012493128432871,0.3624353658060423
697,48,1,22122.126609959312,44.24425321991863,0.0221221266099593,0.47173213848648
698,48,2,21569.79153140143,43.139583062802856,0.0215697915314014,0.4731520068817408
699,48,3,22299.03246742221,44.598064934844416,0.0222990324674222,0.4754266253591673
700,48,4,20819.07001694784,41.63814003389569,0.0208190700169478,0.4498201686543556
701,48,5,22111.599200930297,44.2231984018606,0.0221115992009303,0.4753578844596389
702,48,6,23630.49155153714,47.26098310307429,0.0236304915515371,0.4981726744131851
703,48,7,22004.26133577555,44.00852267155111,0.0220042613357755,0.4738010338696574
704,48,8,20934.097192900936,41.86819438580187,0.0209340971929009,0.4752348742585311
705,48,9,19979.732108535867,39.95946421707174,0.0199797321085358,0.4512731960119491
706,48,10,17406.367856019107,43.51591964004777,0.0217579598200238,0.4960229306862468
707,48,11,16800.21358287463,42.00053395718657,0.0210002669785932,0.4887238873756619
708,48,12,16058.457034984744,40.14614258746186,0.0200730712937309,0.4677278679556016
709,48,13,20111.55197245082,40.22310394490164,0.0201115519724508,0.4802423328744735
710,48,14,20125.57849152927,40.251156983058536,0.0201255784915292,0.498900446750352
711,48,15,18115.310236252644,36.230620472505294,0.0181153102362526,0.4546143345852584
712,48,16,17408.817173225903,34.81763434645181,0.0174088171732259,0.4568378825698831
713,48,17,19089.187461427813,38.17837492285563,0.0190891874614278,0.4986221169560676
714,48,18,17528.409765209508,35.05681953041902,0.0175284097652095,0.4661643398664478
715,48,19,17645.034032420746,35.290068064841485,0.0176450340324207,0.4822706830545846
716,48,20,17541.86344266426,35.08372688532852,0.0175418634426642,0.4627308088426546
717,48,21,17631.225202840356,35.26245040568071,0.0176312252028403,0.4954585438569565
718,48,22,17308.77850208218,34.61755700416436,0.0173087785020821,0.4705677172100537
719,48,23,17386.08448528744,34.77216897057488,0.0173860844852874,0.4781919545115251
720,48,24,17156.409598426835,34.312819196853674,0.0171564095984268,0.4666132282840227
721,49,1,33743.14006595694,67.48628013191389,0.0337431400659569,0.7195385824885653
722,49,2,32145.84005129011,64.29168010258023,0.0321458400512901,0.7051467656061831
723,49,3,35842.99270065107,71.68598540130215,0.035842992700651,0.7641906924589419
724,49,4,33590.82686924787,67.18165373849573,0.0335908268692478,0.7257687973220763
725,49,5,33046.54636884127,66.09309273768254,0.0330465463688412,0.7104387262016232
726,49,6,33521.45624110032,67.04291248220063,0.0335214562411003,0.7066917532981752
727,49,7,29609.6312726766,59.2192625453532,0.0296096312726766,0.6375616838673149
728,49,8,31938.55285667951,63.87710571335902,0.0319385528566795,0.7250522442396383
729,49,9,35720.66967062284,71.44133934124568,0.0357206696706228,0.8068066517799941
730,49,10,25428.39084645106,63.57097711612766,0.0317854885580638,0.7246236006629265
731,49,11,21985.571797996017,54.96392949499004,0.027481964747495,0.6395677092013978
732,49,12,24135.75165956848,60.3393791489212,0.0301696895744605,0.7029918030506823
733,49,13,25106.297752712097,50.21259550542419,0.025106297752712,0.5995115155269797
734,49,14,18755.588520737427,37.51117704147485,0.0187555885207374,0.4649392560815109
735,49,15,18937.686141428203,37.8753722828564,0.0189376861414282,0.4752523402299066
736,49,16,16814.648826772253,33.629297653544505,0.0168146488267722,0.4412458635037401
737,49,17,17095.450962813033,34.190901925626065,0.017095450962813,0.4465444098456612
738,49,18,17788.05087593413,35.576101751868265,0.0177880508759341,0.4730694401353476
739,49,19,18071.840275119983,36.14368055023996,0.0180718402751199,0.4939360693508264
740,49,20,16300.81573739625,32.60163147479249,0.0163008157373962,0.4299936364009698
741,49,21,16264.421387016904,32.52884277403381,0.0162644213870169,0.4570497197091642
742,49,22,17049.806332752883,34.09961266550577,0.0170498063327528,0.4635271312711001
743,49,23,17529.91453746277,35.059829074925545,0.0175299145374627,0.4821478983484148
744,49,24,17762.38749154596,35.52477498309192,0.0177623874915459,0.4830943748406421
745,50,1,19613.53285608364,39.22706571216729,0.0196135328560836,0.4779873090402907
746,50,2,19025.585598068887,38.05117119613777,0.0190255855980688,0.4769630312293261
747,50,3,18078.56961267424,36.15713922534847,0.0180785696126742,0.4405076885135929
748,50,4,19834.04444567945,39.6680888913589,0.0198340444456794,0.4897571977664561
749,50,5,18918.6370279557,37.8372740559114,0.0189186370279557,0.4648173602201094
750,50,6,18179.316459640235,36.35863291928048,0.0181793164596402,0.4380025542096569
751,50,7,19238.943704527417,38.47788740905483,0.0192389437045274,0.4734372014151607
752,50,8,20127.016937454864,40.25403387490972,0.0201270169374548,0.5221862427370048
753,50,9,21543.08025537216,43.08616051074432,0.0215430802553721,0.5560958118369678
754,50,10,17083.820344807304,42.70955086201826,0.0213547754310091,0.5563787561519733
755,50,11,18290.70149166717,45.726753729167925,0.0228633768645839,0.6080944960602858
756,50,12,17926.235082665335,44.81558770666334,0.0224077938533316,0.5967198252107029
757,50,13,23905.15836484725,47.810316729694506,0.0239051583648472,0.6523766773639844
758,50,14,22684.020337983216,45.368040675966434,0.0226840203379832,0.6426544145857362
759,50,15,24089.298805063256,48.17859761012652,0.0240892988050632,0.6908972357992871
760,50,16,27317.090624053235,54.63418124810647,0.0273170906240532,0.8192552553430096
761,50,17,26770.71942659809,53.54143885319619,0.026770719426598,0.7991643179394974
762,50,18,23207.585314420936,46.41517062884188,0.0232075853144209,0.7053723531702738
763,50,19,26562.622545362865,53.12524509072573,0.0265626225453628,0.8297194291208446
764,50,20,28068.231980209435,56.13646396041887,0.0280682319802094,0.8461740341937426
765,50,21,24420.377056658952,48.84075411331791,0.0244203770566589,0.7842763906637256
766,50,22,21835.30790481415,43.6706158096283,0.0218353079048141,0.6784330188529808
767,50,23,22183.230393527298,44.3664607870546,0.0221832303935273,0.6972960675689095
768,50,24,23839.48530818352,47.67897061636704,0.0238394853081835,0.7410021401015247
769,51,1,17425.263825108937,34.85052765021787,0.0174252638251089,0.4246585776359751
770,51,2,17632.557353836473,35.26511470767295,0.0176325573538364,0.4420404281624016
771,51,3,17400.606410278815,34.80121282055763,0.0174006064102788,0.4239882398192056
772,51,4,16820.43653896323,33.640873077926464,0.0168204365389632,0.4153429164229613
773,51,5,16818.780568338894,33.63756113667779,0.0168187805683388,0.4132253911497193
774,51,6,17812.15658177599,35.62431316355198,0.0178121565817759,0.4291564039891647
775,51,7,17796.59692447092,35.59319384894184,0.0177965969244709,0.437943536403842
776,51,8,16642.96781362595,33.2859356272519,0.0166429678136259,0.4317941827940456
777,51,9,17551.13209925849,35.102264198516984,0.0175511320992584,0.4530508607728532
778,51,10,13732.317132408774,34.33079283102194,0.0171653964155109,0.4472283933573644
779,51,11,13414.722042277535,33.536805105693844,0.0167684025528469,0.4459871943021923
780,51,12,13530.157355702308,33.825393389255765,0.0169126966946278,0.4503853204611415
781,51,13,15953.23631702898,31.90647263405796,0.0159532363170289,0.4353670928618554
782,51,14,14506.007179175504,29.012014358351006,0.0145060071791755,0.4109654908085111
783,51,15,14678.413471492227,29.35682694298446,0.0146784134714922,0.420986736701586
784,51,16,13712.68321910356,27.42536643820712,0.0137126832191035,0.4112512546344363
785,51,17,14452.71105731926,28.90542211463852,0.0144527110573192,0.4314449227323926
786,51,18,15038.095373433169,30.07619074686633,0.0150380953734331,0.4570685220821402
787,51,19,14360.049213688108,28.720098427376215,0.0143600492136881,0.4485555526522565
788,51,20,13836.79066955472,27.67358133910944,0.0138367906695547,0.417138243313895
789,51,21,13507.58303926054,27.01516607852108,0.0135075830392605,0.4338048691075852
790,51,22,13417.276008349832,26.834552016699664,0.0134172760083498,0.4168809117237829
791,51,23,13818.797977822049,27.637595955644095,0.013818797977822,0.4343728716479489
792,51,24,14172.550108881596,28.345100217763196,0.0141725501088815,0.4405250291948339
793,52,1,16918.275714125666,33.836551428251326,0.0169182757141256,0.5772243888006975
794,52,2,15394.842894086198,30.789685788172395,0.0153948428940862,0.5403186804368882
795,52,3,16848.520828652698,33.69704165730539,0.0168485208286526,0.5747503466125755
796,52,4,16718.127679872377,33.43625535974476,0.0167181276798723,0.5779432803807999
797,52,5,17112.26279718394,34.22452559436788,0.0171122627971839,0.5886104550045934
798,52,6,16590.396009119875,33.18079201823976,0.0165903960091198,0.5596079578056486
799,52,7,16243.536161683429,32.48707232336685,0.0162435361616834,0.5596155478914935
800,52,8,15739.760125521996,31.479520251043997,0.0157397601255219,0.5717052217870467
801,52,9,15137.87562595853,30.275751251917058,0.0151378756259585,0.5470597885855875
802,52,10,12794.254987583548,31.985637468958863,0.0159928187344794,0.5833491657657961
803,52,11,12836.13842664478,32.09034606661195,0.0160451730333059,0.597452163551701
804,52,12,12771.619823901592,31.92904955975398,0.0159645247798769,0.5951896870349513
805,52,13,15074.131655101051,30.148263310202108,0.015074131655101,0.5759266047309821
806,52,14,14455.423073754386,28.91084614750877,0.0144554230737543,0.5733453700222784
807,52,15,14481.521834900488,28.963043669800975,0.0144815218349004,0.5814756536340323
808,52,16,13388.043179829248,26.776086359658493,0.0133880431798292,0.5621211584606712
809,52,17,13304.336994649804,26.608673989299607,0.0133043369946498,0.5560288359364686
810,52,18,13815.719786508344,27.63143957301669,0.0138157197865083,0.5878818197726455
811,52,19,13265.226756341788,26.53045351268358,0.0132652267563417,0.5801002101237419
812,52,20,13445.73608588579,26.89147217177158,0.0134457360858857,0.5674887487152246
813,52,21,12461.491775134376,24.92298355026875,0.0124614917751343,0.56029254898963
814,52,22,13412.232442042006,26.82446488408401,0.013412232442042,0.5834138881315604
815,52,23,12828.714757536132,25.657429515072263,0.0128287147575361,0.5645515585955698
816,52,24,12602.0598352478,25.2041196704956,0.0126020598352477,0.5483933256797592
817,53,1,6825.673188353629,13.651346376707258,0.0068256731883536,0.2328810040027384
818,53,2,7847.114505863708,15.694229011727414,0.0078471145058637,0.2754131746725509
819,53,3,9527.28042652327,19.054560853046542,0.0095272804265232,0.3250022825806324
820,53,4,9101.21958894339,18.20243917788678,0.0091012195889433,0.3146278581801148
821,53,5,7326.486029668039,14.652972059336076,0.007326486029668,0.2520091192274918
822,53,6,7608.828231412982,15.217656462825964,0.0076088282314129,0.2566521513732612
823,53,7,8319.1867596002,16.6383735192004,0.0083191867596002,0.2866091601080807
824,53,8,7017.42508621095,14.0348501724219,0.0070174250862109,0.2548894349908757
825,53,9,7584.386717418673,15.168773434837346,0.0075843867174186,0.2740881941893795
826,53,10,6504.547848192705,16.261369620481762,0.0081306848102408,0.2965723728821487
827,53,11,5676.063715108463,14.190159287771158,0.0070950796438855,0.264189776888786
828,53,12,6277.952236682427,15.694880591706069,0.007847440295853,0.2925684038902048
829,53,13,7448.140317017271,14.896280634034545,0.0074481403170172,0.2845657887622411
830,53,14,7831.600911586733,15.663201823173466,0.0078316009115867,0.3106247461323387
831,53,15,6387.711878425553,12.775423756851106,0.0063877118784255,0.2564854013327456
832,53,16,6328.106076185933,12.656212152371866,0.0063281060761859,0.2656969559051734
833,53,17,6834.494303326432,13.668988606652864,0.0068344943033264,0.2856343696962292
834,53,18,5737.641196841103,11.475282393682203,0.0057376411968411,0.2441461610487629
835,53,19,7778.705820006392,15.557411640012784,0.0077787058200063,0.3401697508502218
836,53,20,7947.0316899068785,15.894063379813756,0.0079470316899068,0.3354112441965565
837,53,21,7936.979957801373,15.873959915602748,0.0079369799578013,0.3568618277877237
838,53,22,8090.6913428769185,16.181382685753835,0.0080906913428769,0.3519340806549224
839,53,23,7920.023304689463,15.840046609378929,0.0079200233046894,0.3485354211456812
840,53,24,8862.107756056272,17.724215512112544,0.0088621077560562,0.3856449507788362
