derived_id,goal_id,period_id,range_position_score,status_band,underfunded_flag,overfunded_flag,allocation_efficiency_ratio,probability_of_hitting_target,time_to_green_estimate,weighted_goal_status_score,allocation_fitness_score
1,1,1,0.05,red_low,True,False,1.0,0.1,5,0.05,0.0
2,1,2,0.05,red_low,True,False,1.0,0.1,6,0.05,0.0
3,1,3,0.05,red_low,True,False,1.0,0.1,5,0.05,0.0
4,1,4,0.05,red_low,True,False,0.0079814953155136,0.1,4,0.05,0.0
5,1,5,0.05,red_low,True,False,0.0550386689163831,0.1,5,0.05,0.0
6,1,6,0.05,red_low,True,False,0.0852592363561631,0.1,5,0.05,0.0
7,1,7,0.05,red_low,True,False,0.6385682110101882,0.1,5,0.05,0.0
8,1,8,0.05,red_low,True,False,0.1239489550142449,0.1,4,0.05,0.0
9,1,9,0.05,red_low,True,False,0.1348776390505057,0.1,5,0.05,0.0
10,1,10,0.05,red_low,True,False,0.1368050508273818,0.1,6,0.05,0.0
11,1,11,0.05,red_low,True,False,0.2375865327353785,0.1,4,0.05,0.0
12,1,12,0.05,red_low,True,False,0.2616893055610806,0.3,5,0.05,0.0
13,1,13,0.05,red_low,True,False,0.1641424264850407,0.3,5,0.05,0.0
14,1,14,0.05,red_low,True,False,0.1648267037102032,0.1,6,0.05,0.0
15,1,15,0.05,red_low,True,False,0.0507124779889571,0.1,6,0.05,0.0
16,1,16,0.05,red_low,True,False,0.0832458881842685,0.1,6,0.05,0.0
17,1,17,0.05,red_low,True,False,0.0882805653037314,0.1,6,0.05,0.0
18,1,18,0.05,red_low,True,False,0.1170059723953939,0.1,5,0.05,0.0
19,1,19,0.05,red_low,True,False,0.0799207894511181,0.1,5,0.05,0.0
20,1,20,0.05,red_low,True,False,0.2625300913048652,0.1,5,0.05,0.0
21,1,21,0.05,red_low,True,False,0.1834260412253521,0.1,5,0.05,0.0
22,1,22,0.05,red_low,True,False,0.1775425080158777,0.1,4,0.05,0.0
23,1,23,0.05,red_low,True,False,0.1533303910417227,0.1,4,0.05,0.0
24,1,24,0.05,red_low,True,False,0.1969041001085484,0.0,4,0.05,0.0
25,2,1,0.95,red_high,False,True,1.0,0.1,8,0.95,0.0
26,2,2,0.95,red_high,False,True,1.0,0.1,9,0.95,0.0
27,2,3,0.95,red_high,False,True,1.0,0.1,7,0.95,0.0
28,2,4,0.95,red_high,False,True,0.0106466619226367,0.1,8,0.95,0.0
29,2,5,0.95,red_high,False,True,0.0134608593300439,0.1,7,0.95,0.0
30,2,6,0.95,red_high,False,True,0.0298229009077819,0.1,6,0.95,0.0
31,2,7,0.95,red_high,False,True,0.5229338163277263,0.1,7,0.95,0.0
32,2,8,0.95,red_high,False,True,0.0443213886912453,0.1,8,0.95,0.0
33,2,9,0.95,red_high,False,True,0.0449609483903556,0.1,8,0.95,0.0
34,2,10,0.95,red_high,False,True,0.0687869104875181,0.1,7,0.95,0.0
35,2,11,0.95,red_high,False,True,0.2546483197462973,0.1,8,0.95,0.0
36,2,12,0.95,red_high,False,True,0.0994356876961503,0.1,5,0.95,0.0
37,2,13,0.95,red_high,False,True,0.0959156185862269,0.1,3,0.95,0.0
38,2,14,0.95,red_high,False,True,0.0837221348932457,0.1,5,0.95,0.0
39,2,15,0.95,red_high,False,True,0.1150553456530464,0.1,7,0.95,0.0
40,2,16,0.95,red_high,False,True,0.10609581650458,0.1,6,0.95,0.0
41,2,17,0.95,red_high,False,True,0.1198600631165193,0.1,4,0.95,0.0
42,2,18,0.95,red_high,False,True,0.0877514132594577,0.1,5,0.95,0.0
43,2,19,0.95,red_high,False,True,0.1001779896584752,0.1,5,0.95,0.0
44,2,20,0.95,red_high,False,True,0.0943106848514338,0.1,4,0.95,0.0
45,2,21,0.95,red_high,False,True,0.1105730159361234,0.1,5,0.95,0.0
46,2,22,0.95,red_high,False,True,0.1071988800367409,0.1,4,0.95,0.0
47,2,23,0.95,red_high,False,True,0.0969001510527144,0.1,5,0.95,0.0
48,2,24,0.95,red_high,False,True,0.0962527561497688,0.0,4,0.95,0.0
49,3,1,0.95,red_high,False,True,1.0,0.1,1,0.95,0.0
50,3,2,0.95,red_high,False,True,1.0,0.1,2,0.95,0.0
51,3,3,0.95,red_high,False,True,1.0,0.1,2,0.95,0.0
52,3,4,0.95,red_high,False,True,0.0219908097520993,0.1,1,0.95,0.0
53,3,5,0.95,red_high,False,True,0.0351464654915983,0.1,1,0.95,0.0
54,3,6,0.95,red_high,False,True,0.0614206865737955,0.1,1,0.95,0.0
55,3,7,0.95,red_high,False,True,0.5601903739783876,0.1,2,0.95,0.0
56,3,8,0.95,red_high,False,True,0.1150780538410754,0.1,1,0.95,0.0
57,3,9,0.7179465570591755,orange_high,False,True,0.1145526487581431,0.3,1,0.7179465570591755,0.0
58,3,10,0.95,red_high,False,True,0.1257576826372864,0.1,1,0.95,0.0
59,3,11,0.95,red_high,False,True,0.2216338509292906,0.1,1,0.95,0.0
60,3,12,0.8219759810117556,orange_high,False,True,0.1928211081763847,0.1,1,0.8219759810117556,0.0
61,3,13,0.5397446236740226,green,False,False,0.1427917688650004,0.1,0,0.5397446236740226,1.0
62,3,14,0.5005563450763216,green,False,False,0.1278035389814419,0.1,0,0.5005563450763216,1.0
63,3,15,0.4870819118623289,green,False,False,0.1677154750074295,0.1,0,0.4870819118623289,1.0
64,3,16,0.3135241262048079,orange_low,False,False,0.1855335441840681,0.1,1,0.3135241262048079,0.0
65,3,17,0.4619930736536679,green,False,False,0.1478052355642744,0.1,0,0.4619930736536679,1.0
66,3,18,0.3024271874473772,orange_low,False,False,0.1548828028797919,0.1,1,0.3024271874473772,0.0
67,3,19,0.1051810212939638,orange_low,False,False,0.1535757157454309,0.1,1,0.1051810212939638,0.0
68,3,20,0.4887217824240843,green,False,False,0.161252113453777,0.1,0,0.4887217824240843,1.0
69,3,21,0.2569978172170341,orange_low,False,False,0.1720193356641028,0.1,1,0.2569978172170341,0.0
70,3,22,0.05,red_low,False,False,0.1778275603110939,0.1,1,0.05,0.0
71,3,23,0.05,red_low,False,False,0.1428170585597053,0.1,1,0.05,0.0
72,3,24,0.1161074364856383,orange_low,False,False,0.1425239434579044,0.0,1,0.1161074364856383,0.0
73,4,1,0.8637027871886055,orange_high,False,True,1.0,0.1,1,0.8637027871886055,0.0
74,4,2,0.7929221440159193,orange_high,False,True,1.0,0.1,1,0.7929221440159193,0.0
75,4,3,0.8350193483622907,orange_high,False,True,1.0,0.1,1,0.8350193483622907,0.0
76,4,4,0.8396421730074328,orange_high,False,True,0.0301352558425886,0.1,1,0.8396421730074328,0.0
77,4,5,0.95,red_high,False,True,0.0379015381797841,0.1,1,0.95,0.0
78,4,6,0.8878746543621922,orange_high,False,True,0.0787347714805944,0.1,1,0.8878746543621922,0.0
79,4,7,0.95,red_high,False,True,0.5240398162905291,0.1,2,0.95,0.0
80,4,8,0.8346725202438363,orange_high,False,True,0.1158300303876504,0.1,1,0.8346725202438363,0.0
81,4,9,0.6501625150274517,orange_high,False,True,0.1243499720563952,0.1,1,0.6501625150274517,0.0
82,4,10,0.7233244511299354,orange_high,False,True,0.1429628534189373,0.1,1,0.7233244511299354,0.0
83,4,11,0.5291699526995169,green,False,False,0.2678053583234557,0.1,0,0.5291699526995169,1.0
84,4,12,0.5405781397464181,green,False,False,0.2205594549406745,0.3,0,0.5405781397464181,1.0
85,4,13,0.5431520600569695,green,False,False,0.1361698906919995,0.3,0,0.5431520600569695,1.0
86,4,14,0.5049789843798719,green,False,False,0.1617917800386165,0.1,0,0.5049789843798719,1.0
87,4,15,0.4918137459487702,green,False,False,0.2152902823038485,0.1,0,0.4918137459487702,1.0
88,4,16,0.4689444849333251,green,False,False,0.1693865621401324,0.1,0,0.4689444849333251,1.0
89,4,17,0.4596782826292256,green,False,False,0.1806781283403539,0.1,0,0.4596782826292256,1.0
90,4,18,0.4934024622890755,green,False,False,0.1581422635116123,0.1,0,0.4934024622890755,1.0
91,4,19,0.455767011024576,green,False,False,0.1526900442607036,0.1,0,0.455767011024576,1.0
92,4,20,0.3358185558282978,orange_low,False,False,0.2097836215257206,0.1,1,0.3358185558282978,0.0
93,4,21,0.2556146765918808,orange_low,False,False,0.1681851812534258,0.1,1,0.2556146765918808,0.0
94,4,22,0.4778649858869245,green,False,False,0.1401641066793117,0.1,0,0.4778649858869245,1.0
95,4,23,0.4568017328045657,green,False,False,0.187994886225903,0.1,0,0.4568017328045657,1.0
96,4,24,0.2927145546954448,orange_low,False,False,0.1795468229811442,0.0,1,0.2927145546954448,0.0
97,5,1,0.05,red_low,True,False,1.0,0.1,4,0.05,0.0
98,5,2,0.05,red_low,True,False,1.0,0.1,4,0.05,0.0
99,5,3,0.05,red_low,True,False,1.0,0.1,4,0.05,0.0
100,5,4,0.05,red_low,True,False,0.0465148545713098,0.1,4,0.05,0.0
101,5,5,0.05,red_low,True,False,0.0611578770729012,0.1,4,0.05,0.0
102,5,6,0.05,red_low,True,False,0.1151711559198008,0.1,5,0.05,0.0
103,5,7,0.05,red_low,True,False,0.5773190778215105,0.1,5,0.05,0.0
104,5,8,0.05,red_low,True,False,0.1851724696976789,0.1,5,0.05,0.0
105,5,9,0.05,red_low,True,False,0.1416684405551169,0.1,5,0.05,0.0
106,5,10,0.05,red_low,True,False,0.0552976074202549,0.1,5,0.05,0.0
107,5,11,0.05,red_low,True,False,0.3764111825968792,0.1,5,0.05,0.0
108,5,12,0.05,red_low,True,False,0.3136615061841087,0.1,5,0.05,0.0
109,5,13,0.05,red_low,True,False,0.1728011494030014,0.1,5,0.05,0.0
110,5,14,0.05,red_low,True,False,0.1248241435898321,0.1,5,0.05,0.0
111,5,15,0.05,red_low,True,False,0.2291875166104672,0.1,6,0.05,0.0
112,5,16,0.05,red_low,True,False,0.2826868045234664,0.1,5,0.05,0.0
113,5,17,0.05,red_low,True,False,0.2380388932552924,0.1,6,0.05,0.0
114,5,18,0.05,red_low,True,False,0.0676206974402989,0.1,6,0.05,0.0
115,5,19,0.05,red_low,True,False,0.0617396473395086,0.1,5,0.05,0.0
116,5,20,0.05,red_low,True,False,0.0870810346154963,0.1,4,0.05,0.0
117,5,21,0.05,red_low,True,False,0.1783257556335165,0.1,5,0.05,0.0
118,5,22,0.05,red_low,True,False,0.3649151570181979,0.1,5,0.05,0.0
119,5,23,0.05,red_low,True,False,0.2022592335900251,0.1,4,0.05,0.0
120,5,24,0.05,red_low,True,False,0.1466265910832877,0.0,5,0.05,0.0
121,6,1,0.95,red_high,False,True,1.0,0.1,3,0.95,0.0
122,6,2,0.95,red_high,False,True,1.0,0.1,1,0.95,0.0
123,6,3,0.95,red_high,False,True,1.0,0.1,2,0.95,0.0
124,6,4,0.95,red_high,False,True,0.0217230914631768,0.1,3,0.95,0.0
125,6,5,0.95,red_high,False,True,0.0302056816348082,0.1,2,0.95,0.0
126,6,6,0.95,red_high,False,True,0.0637985737502202,0.1,3,0.95,0.0
127,6,7,0.95,red_high,False,True,0.757465585390612,0.3,1,0.95,0.0
128,6,8,0.95,red_high,False,True,0.0681751014684534,0.1,3,0.95,0.0
129,6,9,0.95,red_high,False,True,0.0708812959485429,0.1,4,0.95,0.0
130,6,10,0.95,red_high,False,True,0.0884979183481964,0.1,4,0.95,0.0
131,6,11,0.95,red_high,False,True,0.3036207695972414,0.1,4,0.95,0.0
132,6,12,0.95,red_high,False,True,0.1420958843346819,0.1,5,0.95,0.0
133,6,13,0.95,red_high,False,True,0.111043751826668,0.1,5,0.95,0.0
134,6,14,0.95,red_high,False,True,0.0987762033714293,0.1,4,0.95,0.0
135,6,15,0.95,red_high,False,True,0.1735075749440134,0.1,5,0.95,0.0
136,6,16,0.95,red_high,False,True,0.1386455263922428,0.1,4,0.95,0.0
137,6,17,0.95,red_high,False,True,0.1229771977410137,0.1,6,0.95,0.0
138,6,18,0.95,red_high,False,True,0.1239397257984164,0.1,6,0.95,0.0
139,6,19,0.95,red_high,False,True,0.1285161879329587,0.1,5,0.95,0.0
140,6,20,0.95,red_high,False,True,0.1722196647919866,0.1,6,0.95,0.0
141,6,21,0.95,red_high,False,True,0.130496418169948,0.1,6,0.95,0.0
142,6,22,0.95,red_high,False,True,0.1407383018247535,0.1,6,0.95,0.0
143,6,23,0.95,red_high,False,True,0.1356959332582907,0.1,4,0.95,0.0
144,6,24,0.95,red_high,False,True,0.1767831081749964,0.0,3,0.95,0.0
145,7,1,0.05,red_low,True,False,1.0,0.1,5,0.05,0.0
146,7,2,0.05,red_low,True,False,1.0,0.1,4,0.05,0.0
147,7,3,0.05,red_low,True,False,1.0,0.1,4,0.05,0.0
148,7,4,0.05,red_low,True,False,0.0431626244340211,0.1,4,0.05,0.0
149,7,5,0.05,red_low,True,False,0.0816762381320809,0.1,5,0.05,0.0
150,7,6,0.05,red_low,False,False,0.1191063028967093,0.1,3,0.05,0.0
151,7,7,0.05,red_low,True,False,0.5848788484976131,0.1,4,0.05,0.0
152,7,8,0.05,red_low,True,False,0.1561379639710572,0.1,4,0.05,0.0
153,7,9,0.05,red_low,True,False,0.1801423698706083,0.1,5,0.05,0.0
154,7,10,0.05,red_low,True,False,0.1841661260566532,0.1,5,0.05,0.0
155,7,11,0.05,red_low,True,False,0.2691772951882318,0.1,4,0.05,0.0
156,7,12,0.05,red_low,True,False,0.2939180944131725,0.1,5,0.05,0.0
157,7,13,0.05,red_low,False,False,0.1065835558282713,0.1,1,0.05,0.0
158,7,14,0.4842196204397464,green,False,False,0.1186518876560196,0.1,0,0.4842196204397464,1.0
159,7,15,0.493298386476523,green,False,False,0.1893048734035735,0.1,0,0.493298386476523,1.0
160,7,16,0.4695015631986459,green,False,False,0.2574658739950647,0.1,0,0.4695015631986459,1.0
161,7,17,0.4763768416969861,green,False,False,0.2254590914141189,0.1,0,0.4763768416969861,1.0
162,7,18,0.4890991808892775,green,False,False,0.1619456425228531,0.1,0,0.4890991808892775,1.0
163,7,19,0.4630603239734129,green,False,False,0.1720386172390664,0.1,0,0.4630603239734129,1.0
164,7,20,0.5008164374774121,green,False,False,0.2210557773853176,0.1,0,0.5008164374774121,1.0
165,7,21,0.139749542089871,orange_low,False,False,0.2651845098561023,0.1,1,0.139749542089871,0.0
166,7,22,0.4923939180080362,green,False,False,0.1586609919818804,0.1,0,0.4923939180080362,1.0
167,7,23,0.4716079909895829,green,False,False,0.179755995528087,0.1,0,0.4716079909895829,1.0
168,7,24,0.1620942854930611,orange_low,False,False,0.2208389008139196,0.0,1,0.1620942854930611,0.0
169,8,1,0.95,red_high,False,True,1.0,0.1,2,0.95,0.0
170,8,2,0.95,red_high,False,True,1.0,0.1,2,0.95,0.0
171,8,3,0.95,red_high,False,True,1.0,0.1,1,0.95,0.0
172,8,4,0.95,red_high,False,True,0.0304799934945314,0.1,2,0.95,0.0
173,8,5,0.95,red_high,False,True,0.0380148659964239,0.1,2,0.95,0.0
174,8,6,0.95,red_high,False,True,0.0811137250193292,0.1,2,0.95,0.0
175,8,7,0.95,red_high,False,True,0.559728385775475,0.1,1,0.95,0.0
176,8,8,0.95,red_high,False,True,0.1400462405028067,0.1,1,0.95,0.0
177,8,9,0.95,red_high,False,True,0.1011133360033052,0.1,1,0.95,0.0
178,8,10,0.7251724427973406,orange_high,False,True,0.1402421627282657,0.1,1,0.7251724427973406,0.0
179,8,11,0.7706879984528372,orange_high,False,True,0.3458570762954136,0.1,1,0.7706879984528372,0.0
180,8,12,0.5272483020714053,green,False,False,0.2090520921924409,0.1,0,0.5272483020714053,1.0
181,8,13,0.6662464917940447,orange_high,False,True,0.1505131996070475,0.3,1,0.6662464917940447,0.0
182,8,14,0.4670941566998013,green,False,False,0.1389548873937515,0.1,0,0.4670941566998013,1.0
183,8,15,0.5016313738321304,green,False,False,0.1973444021793547,0.1,0,0.5016313738321304,1.0
184,8,16,0.3029321420085324,orange_low,False,False,0.2285396432232477,0.1,1,0.3029321420085324,0.0
185,8,17,0.495758713649528,green,False,False,0.1584766932837208,0.1,0,0.495758713649528,1.0
186,8,18,0.1440738173518436,orange_low,False,False,0.1776159855368046,0.1,1,0.1440738173518436,0.0
187,8,19,0.05,red_low,False,False,0.1794999000965227,0.1,1,0.05,0.0
188,8,20,0.2287971999043313,orange_low,False,False,0.1863065490936777,0.1,1,0.2287971999043313,0.0
189,8,21,0.05,red_low,False,False,0.1669037781497531,0.1,1,0.05,0.0
190,8,22,0.452167523277346,green,False,False,0.1486013907255607,0.1,0,0.452167523277346,1.0
191,8,23,0.1886819509976288,orange_low,False,False,0.1606501512301141,0.1,1,0.1886819509976288,0.0
192,8,24,0.05,red_low,False,False,0.2225874724345767,0.0,1,0.05,0.0
193,9,1,0.95,red_high,False,True,1.0,0.1,8,0.95,0.0
194,9,2,0.95,red_high,False,True,1.0,0.1,7,0.95,0.0
195,9,3,0.95,red_high,False,True,1.0,0.1,7,0.95,0.0
196,9,4,0.95,red_high,False,True,0.0224870346385491,0.1,5,0.95,0.0
197,9,5,0.95,red_high,False,True,0.027369485709372,0.1,7,0.95,0.0
198,9,6,0.95,red_high,False,True,0.0468177074986711,0.1,7,0.95,0.0
199,9,7,0.95,red_high,False,True,0.5105946240560661,0.1,10,0.95,0.0
200,9,8,0.95,red_high,False,True,0.0930264872322143,0.1,7,0.95,0.0
201,9,9,0.95,red_high,False,True,0.0767498466490149,0.3,6,0.95,0.0
202,9,10,0.95,red_high,False,True,0.0975466525144857,0.1,8,0.95,0.0
203,9,11,0.95,red_high,False,True,0.2496790813075355,0.1,8,0.95,0.0
204,9,12,0.95,red_high,False,True,0.1537780287943859,0.1,6,0.95,0.0
205,9,13,0.95,red_high,False,True,0.1528216977660344,0.1,4,0.95,0.0
206,9,14,0.5267735769757355,green,False,False,0.1628977822356949,0.1,0,0.5267735769757355,1.0
207,9,15,0.4872224136492644,green,False,False,0.2240039305311573,0.1,0,0.4872224136492644,1.0
208,9,16,0.4848317490729634,green,False,False,0.1696792117455644,0.1,0,0.4848317490729634,1.0
209,9,17,0.4868331425520958,green,False,False,0.1661249110426731,0.1,0,0.4868331425520958,1.0
210,9,18,0.4522492272529815,green,False,False,0.1483655314250768,0.1,0,0.4522492272529815,1.0
211,9,19,0.2685986150902743,orange_low,False,False,0.1863627810079874,0.1,1,0.2685986150902743,0.0
212,9,20,0.4982391377972761,green,False,False,0.1469156670151302,0.1,0,0.4982391377972761,1.0
213,9,21,0.2215078822641779,orange_low,False,False,0.1860611990749051,0.1,1,0.2215078822641779,0.0
214,9,22,0.4805878280844902,green,False,False,0.1553156379094426,0.1,0,0.4805878280844902,1.0
215,9,23,0.4889324723275471,green,False,False,0.1690567452490719,0.1,0,0.4889324723275471,1.0
216,9,24,0.4659399713735739,green,False,False,0.1688752729149925,0.0,0,0.4659399713735739,1.0
217,10,1,0.7657046638376743,orange_high,False,True,1.0,0.1,1,0.7657046638376743,0.0
218,10,2,0.8938444922228571,orange_high,False,True,1.0,0.1,1,0.8938444922228571,0.0
219,10,3,0.95,red_high,False,True,1.0,0.1,2,0.95,0.0
220,10,4,0.95,red_high,False,True,0.0666395882453641,0.1,2,0.95,0.0
221,10,5,0.8183608909838878,orange_high,False,True,0.096765482372671,0.1,1,0.8183608909838878,0.0
222,10,6,0.95,red_high,False,True,0.1228721946395908,0.1,3,0.95,0.0
223,10,7,0.95,red_high,False,True,0.5835963173029449,0.1,2,0.95,0.0
224,10,8,0.95,red_high,False,True,0.2030156353779418,0.1,3,0.95,0.0
225,10,9,0.95,red_high,False,True,0.1834726826461655,0.1,3,0.95,0.0
226,10,10,0.95,red_high,False,True,0.1777199963868175,0.1,3,0.95,0.0
227,10,11,0.95,red_high,False,True,0.2937305400965029,0.1,4,0.95,0.0
228,10,12,0.95,red_high,False,True,0.2743685892643501,0.1,4,0.95,0.0
229,10,13,0.95,red_high,False,True,0.2076081085472315,0.1,4,0.95,0.0
230,10,14,0.95,red_high,False,True,0.1759372090581372,0.1,4,0.95,0.0
231,10,15,0.95,red_high,False,True,0.2475060614106682,0.1,4,0.95,0.0
232,10,16,0.95,red_high,False,True,0.2134205710300008,0.1,5,0.95,0.0
233,10,17,0.95,red_high,False,True,0.2251849671135365,0.1,5,0.95,0.0
234,10,18,0.95,red_high,False,True,0.177821378412121,0.1,7,0.95,0.0
235,10,19,0.95,red_high,False,True,0.2426209840851488,0.1,6,0.95,0.0
236,10,20,0.95,red_high,False,True,0.2212223611954283,0.1,7,0.95,0.0
237,10,21,0.95,red_high,False,True,0.204688872546244,0.1,7,0.95,0.0
238,10,22,0.95,red_high,False,True,0.1879184752050761,0.1,6,0.95,0.0
239,10,23,0.95,red_high,False,True,0.2664727279223415,0.1,5,0.95,0.0
240,10,24,0.95,red_high,False,True,0.2183267132857697,0.0,5,0.95,0.0
241,11,1,0.05,red_low,True,False,1.0,0.1,4,0.05,0.0
242,11,2,0.05,red_low,True,False,1.0,0.1,4,0.05,0.0
243,11,3,0.05,red_low,True,False,1.0,0.1,4,0.05,0.0
244,11,4,0.05,red_low,True,False,0.032859723360866,0.1,4,0.05,0.0
245,11,5,0.05,red_low,True,False,0.0526126389106436,0.1,4,0.05,0.0
246,11,6,0.05,red_low,True,False,0.0927763197385175,0.1,4,0.05,0.0
247,11,7,0.05,red_low,True,False,0.7883485776501028,0.1,5,0.05,0.0
248,11,8,0.05,red_low,True,False,0.1255249034378402,0.1,5,0.05,0.0
249,11,9,0.05,red_low,True,False,0.1011147297383487,0.1,4,0.05,0.0
250,11,10,0.05,red_low,True,False,0.121018686063046,0.1,4,0.05,0.0
251,11,11,0.05,red_low,True,False,0.3715191798697517,0.1,4,0.05,0.0
252,11,12,0.05,red_low,True,False,0.2510131426818805,0.1,5,0.05,0.0
253,11,13,0.05,red_low,True,False,0.1388408581612381,0.1,5,0.05,0.0
254,11,14,0.05,red_low,True,False,0.1852856334448295,0.1,6,0.05,0.0
255,11,15,0.05,red_low,True,False,0.1443838757603091,0.1,4,0.05,0.0
256,11,16,0.05,red_low,True,False,0.0987482958098084,0.1,6,0.05,0.0
257,11,17,0.05,red_low,True,False,0.0709283372616065,0.1,5,0.05,0.0
258,11,18,0.05,red_low,True,False,0.1010775223840188,0.1,5,0.05,0.0
259,11,19,0.05,red_low,True,False,0.1168884929852015,0.1,5,0.05,0.0
260,11,20,0.05,red_low,True,False,0.1045160167016087,0.1,5,0.05,0.0
261,11,21,0.05,red_low,True,False,0.0978617815708087,0.1,4,0.05,0.0
262,11,22,0.05,red_low,True,False,0.2953027713745259,0.1,4,0.05,0.0
263,11,23,0.05,red_low,True,False,0.1895251861357507,0.1,4,0.05,0.0
264,11,24,0.05,red_low,True,False,0.1693241125497041,0.0,4,0.05,0.0
265,12,1,0.05,red_low,True,False,1.0,0.1,4,0.05,0.0
266,12,2,0.05,red_low,True,False,1.0,0.1,4,0.05,0.0
267,12,3,0.05,red_low,True,False,1.0,0.1,4,0.05,0.0
268,12,4,0.05,red_low,True,False,0.0311684871482813,0.1,5,0.05,0.0
269,12,5,0.05,red_low,True,False,0.0461212637742018,0.1,4,0.05,0.0
270,12,6,0.05,red_low,True,False,0.0800152656164057,0.1,4,0.05,0.0
271,12,7,0.05,red_low,True,False,0.5318058026019428,0.1,4,0.05,0.0
272,12,8,0.05,red_low,True,False,0.1611236276268055,0.1,5,0.05,0.0
273,12,9,0.05,red_low,True,False,0.1466122565793192,0.1,5,0.05,0.0
274,12,10,0.05,red_low,True,False,0.1412166868909414,0.1,4,0.05,0.0
275,12,11,0.05,red_low,True,False,0.2825910878408187,0.1,5,0.05,0.0
276,12,12,0.05,red_low,True,False,0.1744551809596109,0.1,5,0.05,0.0
277,12,13,0.05,red_low,False,False,0.0948288084798725,0.1,2,0.05,0.0
278,12,14,0.5226160724531017,green,False,False,0.0879462109445689,0.1,0,0.5226160724531017,1.0
279,12,15,0.4824035893816501,green,False,False,0.1655627420198985,0.1,0,0.4824035893816501,1.0
280,12,16,0.3294205262846793,orange_low,False,False,0.2487934172443549,0.1,1,0.3294205262846793,0.0
281,12,17,0.4561895458019918,green,False,False,0.1559179106706374,0.1,0,0.4561895458019918,1.0
282,12,18,0.05,red_low,False,False,0.1655272590592987,0.1,1,0.05,0.0
283,12,19,0.2009254171952672,orange_low,False,False,0.1411686292689614,0.1,1,0.2009254171952672,0.0
284,12,20,0.05,red_low,False,False,0.1853614565478479,0.1,1,0.05,0.0
285,12,21,0.05,red_low,False,False,0.1456234272187433,0.1,1,0.05,0.0
286,12,22,0.05,red_low,False,False,0.15608756773373,0.1,1,0.05,0.0
287,12,23,0.05,red_low,False,False,0.1751947532780113,0.1,2,0.05,0.0
288,12,24,0.2843346011913517,orange_low,False,False,0.1623517085914388,0.0,1,0.2843346011913517,0.0
289,13,1,0.8986492892115147,orange_high,False,True,1.0,0.1,1,0.8986492892115147,0.0
290,13,2,0.95,red_high,False,True,1.0,0.1,2,0.95,0.0
291,13,3,0.95,red_high,False,True,1.0,0.1,3,0.95,0.0
292,13,4,0.95,red_high,False,True,0.0232599777960123,0.1,1,0.95,0.0
293,13,5,0.95,red_high,False,True,0.0242345558162144,0.1,3,0.95,0.0
294,13,6,0.95,red_high,False,True,0.0699834045671568,0.1,1,0.95,0.0
295,13,7,0.95,red_high,False,True,0.4917346454997119,0.1,2,0.95,0.0
296,13,8,0.95,red_high,False,True,0.0841339877484387,0.1,3,0.95,0.0
297,13,9,0.95,red_high,False,True,0.0824336827175678,0.1,3,0.95,0.0
298,13,10,0.95,red_high,False,True,0.094403725566278,0.1,4,0.95,0.0
299,13,11,0.95,red_high,False,True,0.2901720506428812,0.1,4,0.95,0.0
300,13,12,0.95,red_high,False,True,0.156442235228627,0.1,5,0.95,0.0
301,13,13,0.95,red_high,False,True,0.0937450064973412,0.1,5,0.95,0.0
302,13,14,0.95,red_high,False,True,0.0917648140112249,0.1,4,0.95,0.0
303,13,15,0.95,red_high,False,True,0.1406738608927994,0.1,4,0.95,0.0
304,13,16,0.95,red_high,False,True,0.1474853046584874,0.1,7,0.95,0.0
305,13,17,0.95,red_high,False,True,0.1486655984552818,0.1,5,0.95,0.0
306,13,18,0.95,red_high,False,True,0.1368854652348576,0.1,6,0.95,0.0
307,13,19,0.95,red_high,False,True,0.1130568912399779,0.1,6,0.95,0.0
308,13,20,0.95,red_high,False,True,0.148210455734437,0.1,4,0.95,0.0
309,13,21,0.95,red_high,False,True,0.1437474412932035,0.1,6,0.95,0.0
310,13,22,0.95,red_high,False,True,0.1243467959175096,0.1,7,0.95,0.0
311,13,23,0.95,red_high,False,True,0.1280619263858723,0.1,6,0.95,0.0
312,13,24,0.95,red_high,False,True,0.1290364037375503,0.0,6,0.95,0.0
313,14,1,0.95,red_high,False,True,1.0,0.1,2,0.95,0.0
314,14,2,0.95,red_high,False,True,1.0,0.1,2,0.95,0.0
315,14,3,0.95,red_high,False,True,1.0,0.1,2,0.95,0.0
316,14,4,0.95,red_high,False,True,0.0307651091565143,0.1,1,0.95,0.0
317,14,5,0.95,red_high,False,True,0.0453899996226094,0.1,2,0.95,0.0
318,14,6,0.95,red_high,False,True,0.0884008992965705,0.1,1,0.95,0.0
319,14,7,0.95,red_high,False,True,0.5929746865177881,0.1,2,0.95,0.0
320,14,8,0.95,red_high,False,True,0.1395538798810085,0.1,1,0.95,0.0
321,14,9,0.95,red_high,False,True,0.1346347004611607,0.1,1,0.95,0.0
322,14,10,0.95,red_high,False,True,0.1320881375746163,0.1,1,0.95,0.0
323,14,11,0.5424279496175863,green,False,False,0.3651426401011848,0.1,0,0.5424279496175863,1.0
324,14,12,0.6620736616467311,orange_high,False,True,0.2158360094144665,0.1,1,0.6620736616467311,0.0
325,14,13,0.528862936139851,green,False,False,0.1765881508387497,0.1,0,0.528862936139851,1.0
326,14,14,0.4953751772443244,green,False,False,0.1739977633860819,0.1,0,0.4953751772443244,1.0
327,14,15,0.471649659693596,green,False,False,0.2097468192593289,0.5,0,0.471649659693596,1.0
328,14,16,0.4932874306842286,green,False,False,0.2290521383580245,0.5,0,0.4932874306842286,1.0
329,14,17,0.3488269451895885,orange_low,False,False,0.1735768505751376,0.1,1,0.3488269451895885,0.0
330,14,18,0.05,red_low,False,False,0.192730698284692,0.1,1,0.05,0.0
331,14,19,0.3061421336586697,orange_low,False,False,0.1860934101321816,0.1,1,0.3061421336586697,0.0
332,14,20,0.1690893721892692,orange_low,False,False,0.1893857663083743,0.1,1,0.1690893721892692,0.0
333,14,21,0.05,red_low,False,False,0.1995241559679727,0.1,1,0.05,0.0
334,14,22,0.05,red_low,False,False,0.1818505193975098,0.1,1,0.05,0.0
335,14,23,0.05,red_low,False,False,0.1585573475351524,0.1,1,0.05,0.0
336,14,24,0.1463357617991324,orange_low,False,False,0.1664859594320095,0.0,1,0.1463357617991324,0.0
337,15,1,0.05,red_low,True,False,1.0,0.1,4,0.05,0.0
338,15,2,0.05,red_low,True,False,1.0,0.1,4,0.05,0.0
339,15,3,0.05,red_low,True,False,1.0,0.1,4,0.05,0.0
340,15,4,0.05,red_low,True,False,0.0448666555282524,0.1,4,0.05,0.0
341,15,5,0.05,red_low,True,False,0.0684178019469686,0.1,4,0.05,0.0
342,15,6,0.05,red_low,True,False,0.1289366951986966,0.1,4,0.05,0.0
343,15,7,0.05,red_low,True,False,0.789977811780878,0.1,4,0.05,0.0
344,15,8,0.05,red_low,True,False,0.181168161767205,0.1,4,0.05,0.0
345,15,9,0.05,red_low,True,False,0.1459980226218804,0.1,4,0.05,0.0
346,15,10,0.05,red_low,True,False,0.2152182677164859,0.1,5,0.05,0.0
347,15,11,0.05,red_low,True,False,0.4256704986441113,0.1,5,0.05,0.0
348,15,12,0.05,red_low,True,False,0.2822572056601948,0.1,5,0.05,0.0
349,15,13,0.05,red_low,False,False,0.1336065134806078,0.1,2,0.05,0.0
350,15,14,0.5095297150909883,green,False,False,0.1235905520545397,0.1,0,0.5095297150909883,1.0
351,15,15,0.5149626702789769,green,False,False,0.1774853137422676,0.1,0,0.5149626702789769,1.0
352,15,16,0.05,red_low,False,False,0.3419695298756488,0.1,1,0.05,0.0
353,15,17,0.3094468896137045,orange_low,False,False,0.2514635907634954,0.1,1,0.3094468896137045,0.0
354,15,18,0.4576948370386452,green,False,False,0.2163337972999565,0.1,0,0.4576948370386452,1.0
355,15,19,0.2928917632180906,orange_low,False,False,0.1678146628191398,0.1,1,0.2928917632180906,0.0
356,15,20,0.534998663283026,green,False,False,0.2376375905785019,0.1,0,0.534998663283026,1.0
357,15,21,0.2893208976229776,orange_low,False,False,0.2578985148021087,0.1,1,0.2893208976229776,0.0
358,15,22,0.05,red_low,False,False,0.2089524560042759,0.1,1,0.05,0.0
359,15,23,0.4762714178724089,green,False,False,0.2365536463589511,0.1,0,0.4762714178724089,1.0
360,15,24,0.468007351641279,green,False,False,0.1967339118932035,0.0,0,0.468007351641279,1.0
361,16,1,0.95,red_high,False,True,1.0,0.1,2,0.95,0.0
362,16,2,0.95,red_high,False,True,1.0,0.1,3,0.95,0.0
363,16,3,0.7020227413531497,orange_high,False,True,1.0,0.1,1,0.7020227413531497,0.0
364,16,4,0.95,red_high,False,True,0.0124758744093148,0.1,3,0.95,0.0
365,16,5,0.95,red_high,False,True,0.0189443891718661,0.1,2,0.95,0.0
366,16,6,0.95,red_high,False,True,0.041208197805334,0.1,2,0.95,0.0
367,16,7,0.95,red_high,False,True,0.5635210931174429,0.1,2,0.95,0.0
368,16,8,0.95,red_high,False,True,0.0612825676440734,0.1,3,0.95,0.0
369,16,9,0.95,red_high,False,True,0.0485087517550687,0.1,4,0.95,0.0
370,16,10,0.95,red_high,False,True,0.0572635994468926,0.1,3,0.95,0.0
371,16,11,0.95,red_high,False,True,0.2332937542457564,0.1,3,0.95,0.0
372,16,12,0.95,red_high,False,True,0.123097076691653,0.1,5,0.95,0.0
373,16,13,0.95,red_high,False,True,0.0900318660587866,0.1,5,0.95,0.0
374,16,14,0.95,red_high,False,True,0.0826348486877285,0.1,4,0.95,0.0
375,16,15,0.95,red_high,False,True,0.1086870024072006,0.1,4,0.95,0.0
376,16,16,0.95,red_high,False,True,0.1171800786590515,0.1,5,0.95,0.0
377,16,17,0.95,red_high,False,True,0.1019506340007073,0.1,5,0.95,0.0
378,16,18,0.95,red_high,False,True,0.0938706464198161,0.1,4,0.95,0.0
379,16,19,0.95,red_high,False,True,0.0950413754934887,0.1,5,0.95,0.0
380,16,20,0.95,red_high,False,True,0.1291301830414018,0.1,4,0.95,0.0
381,16,21,0.95,red_high,False,True,0.0880065546478144,0.1,7,0.95,0.0
382,16,22,0.95,red_high,False,True,0.1062601420122813,0.1,4,0.95,0.0
383,16,23,0.95,red_high,False,True,0.091194005099397,0.1,5,0.95,0.0
384,16,24,0.95,red_high,False,True,0.0956174208209256,0.0,7,0.95,0.0
385,17,1,0.95,red_high,False,True,1.0,0.1,2,0.95,0.0
386,17,2,0.95,red_high,False,True,1.0,0.1,1,0.95,0.0
387,17,3,0.95,red_high,False,True,1.0,0.1,1,0.95,0.0
388,17,4,0.95,red_high,False,True,0.0430701353005106,0.1,1,0.95,0.0
389,17,5,0.95,red_high,False,True,0.052096156402498,0.1,2,0.95,0.0
390,17,6,0.95,red_high,False,True,0.0905427024430822,0.1,2,0.95,0.0
391,17,7,0.95,red_high,False,True,0.6115966050030583,0.1,2,0.95,0.0
392,17,8,0.95,red_high,False,True,0.1521413044526295,0.1,2,0.95,0.0
393,17,9,0.95,red_high,False,True,0.1500350052637425,0.1,1,0.95,0.0
394,17,10,0.95,red_high,False,True,0.1766308889029643,0.1,1,0.95,0.0
395,17,11,0.5473330929625094,green,False,False,0.3665688334998875,0.1,0,0.5473330929625094,1.0
396,17,12,0.7095897458596032,orange_high,False,True,0.2224079224427345,0.1,1,0.7095897458596032,0.0
397,17,13,0.686168539128685,orange_high,False,True,0.1460453386300257,0.1,1,0.686168539128685,0.0
398,17,14,0.497794296993876,green,False,False,0.1756536810573589,0.1,0,0.497794296993876,1.0
399,17,15,0.5113054701282692,green,False,False,0.2573446052590141,0.3,0,0.5113054701282692,1.0
400,17,16,0.4724593425957186,green,False,False,0.2562692161047824,0.1,0,0.4724593425957186,1.0
401,17,17,0.3275614691989964,orange_low,False,False,0.1953964652707049,0.1,1,0.3275614691989964,0.0
402,17,18,0.3192442483600242,orange_low,False,False,0.1758456914226792,0.1,1,0.3192442483600242,0.0
403,17,19,0.05,red_low,False,False,0.2247199122575769,0.1,1,0.05,0.0
404,17,20,0.4799977736202096,green,False,False,0.2020393095635044,0.1,0,0.4799977736202096,1.0
405,17,21,0.244599114121689,orange_low,False,False,0.1659629076228835,0.1,1,0.244599114121689,0.0
406,17,22,0.05,red_low,False,False,0.1995733593562227,0.1,1,0.05,0.0
407,17,23,0.05,red_low,False,False,0.2255546719496525,0.1,1,0.05,0.0
408,17,24,0.2339345973817833,orange_low,False,False,0.2044835704372567,0.0,1,0.2339345973817833,0.0
409,18,1,0.95,red_high,False,True,1.0,0.1,2,0.95,0.0
410,18,2,0.95,red_high,False,True,1.0,0.1,2,0.95,0.0
411,18,3,0.95,red_high,False,True,1.0,0.1,2,0.95,0.0
412,18,4,0.95,red_high,False,True,0.0552212576724667,0.1,2,0.95,0.0
413,18,5,0.95,red_high,False,True,0.0859386571496997,0.1,2,0.95,0.0
414,18,6,0.95,red_high,False,True,0.1342026675838623,0.1,2,0.95,0.0
415,18,7,0.95,red_high,False,True,0.5947033590807485,0.1,2,0.95,0.0
416,18,8,0.95,red_high,False,True,0.1784886623364493,0.1,1,0.95,0.0
417,18,9,0.95,red_high,False,True,0.1776177298968364,0.1,1,0.95,0.0
418,18,10,0.95,red_high,False,True,0.2129310844844974,0.1,1,0.95,0.0
419,18,11,0.95,red_high,False,True,0.3592134101404743,0.1,1,0.95,0.0
420,18,12,0.95,red_high,False,True,0.250757388074194,0.1,1,0.95,0.0
421,18,13,0.95,red_high,False,True,0.2269706426914395,0.1,1,0.95,0.0
422,18,14,0.4856584714965142,green,False,False,0.2179035284493713,0.1,0,0.4856584714965142,1.0
423,18,15,0.4829763228704372,green,False,False,0.2334894841229856,0.1,0,0.4829763228704372,1.0
424,18,16,0.05,red_low,False,False,0.26164262184059,0.1,1,0.05,0.0
425,18,17,0.05,red_low,False,False,0.2331185698416769,0.1,1,0.05,0.0
426,18,18,0.05,red_low,False,False,0.2389846376861686,0.1,1,0.05,0.0
427,18,19,0.05,red_low,False,False,0.2248930675819506,0.1,1,0.05,0.0
428,18,20,0.2948336120647534,orange_low,False,False,0.2228404731177179,0.1,1,0.2948336120647534,0.0
429,18,21,0.05,red_low,False,False,0.2569716085422516,0.1,2,0.05,0.0
430,18,22,0.05,red_low,False,False,0.2697281274423204,0.1,1,0.05,0.0
431,18,23,0.05,red_low,False,False,0.1943545139265507,0.1,1,0.05,0.0
432,18,24,0.05,red_low,False,False,0.2068335300376555,0.0,1,0.05,0.0
433,19,1,0.05,red_low,True,False,1.0,0.1,4,0.05,0.0
434,19,2,0.05,red_low,True,False,1.0,0.1,4,0.05,0.0
435,19,3,0.05,red_low,True,False,1.0,0.1,6,0.05,0.0
436,19,4,0.05,red_low,True,False,0.0266097965109108,0.1,5,0.05,0.0
437,19,5,0.05,red_low,True,False,0.0464057784768302,0.1,5,0.05,0.0
438,19,6,0.05,red_low,True,False,0.0586102784610947,0.1,4,0.05,0.0
439,19,7,0.05,red_low,True,False,0.5659885774522488,0.1,5,0.05,0.0
440,19,8,0.05,red_low,True,False,0.1361567446904536,0.1,6,0.05,0.0
441,19,9,0.05,red_low,True,False,0.1026972702408434,0.1,5,0.05,0.0
442,19,10,0.05,red_low,True,False,0.1166681082312773,0.1,5,0.05,0.0
443,19,11,0.05,red_low,True,False,0.0684216471794034,0.1,5,0.05,0.0
444,19,12,0.05,red_low,True,False,0.1087987884412038,0.1,5,0.05,0.0
445,19,13,0.05,red_low,True,False,0.3225723154734642,0.1,6,0.05,0.0
446,19,14,0.05,red_low,True,False,0.1856290079502437,0.1,6,0.05,0.0
447,19,15,0.05,red_low,True,False,0.0440620827539947,0.1,6,0.05,0.0
448,19,16,0.05,red_low,True,False,0.0503991275425802,0.1,6,0.05,0.0
449,19,17,0.05,red_low,True,False,0.09150280435163,0.1,6,0.05,0.0
450,19,18,0.05,red_low,True,False,0.1100179997815713,0.1,6,0.05,0.0
451,19,19,0.05,red_low,True,False,0.0754514350957905,0.1,5,0.05,0.0
452,19,20,0.05,red_low,True,False,0.0652229498178735,0.1,5,0.05,0.0
453,19,21,0.05,red_low,True,False,0.0727885595863793,0.1,4,0.05,0.0
454,19,22,0.05,red_low,True,False,0.3551412755926337,0.1,4,0.05,0.0
455,19,23,0.05,red_low,True,False,0.1540813501651955,0.1,4,0.05,0.0
456,19,24,0.05,red_low,True,False,0.1357747615284797,0.0,4,0.05,0.0
457,20,1,0.05,red_low,True,False,1.0,0.1,5,0.05,0.0
458,20,2,0.05,red_low,True,False,1.0,0.1,4,0.05,0.0
459,20,3,0.05,red_low,True,False,1.0,0.1,4,0.05,0.0
460,20,4,0.05,red_low,True,False,0.0438056279896834,0.1,4,0.05,0.0
461,20,5,0.05,red_low,True,False,0.0624696642731191,0.1,4,0.05,0.0
462,20,6,0.05,red_low,True,False,0.1620903168704425,0.1,5,0.05,0.0
463,20,7,0.05,red_low,True,False,0.5390472246060481,0.1,4,0.05,0.0
464,20,8,0.05,red_low,True,False,0.1722111173318704,0.1,4,0.05,0.0
465,20,9,0.05,red_low,True,False,0.1887490259463777,0.1,5,0.05,0.0
466,20,10,0.05,red_low,True,False,0.2218090452763993,0.1,5,0.05,0.0
467,20,11,0.05,red_low,True,False,0.2762877204159396,0.1,5,0.05,0.0
468,20,12,0.05,red_low,True,False,0.330938295328898,0.1,5,0.05,0.0
469,20,13,0.05,red_low,False,False,0.1149232772202418,0.1,2,0.05,0.0
470,20,14,0.5461417377514755,green,False,False,0.1123987010689194,0.1,0,0.5461417377514755,1.0
471,20,15,0.5145190970454137,green,False,False,0.1623289839249808,0.1,0,0.5145190970454137,1.0
472,20,16,0.05,red_low,False,False,0.3791055312658859,0.1,1,0.05,0.0
473,20,17,0.1022717210399158,orange_low,False,False,0.2065275057531669,0.1,1,0.1022717210399158,0.0
474,20,18,0.4927109930014485,green,False,False,0.1670858173100088,0.1,0,0.4927109930014485,1.0
475,20,19,0.05,red_low,False,False,0.1636793444599956,0.1,1,0.05,0.0
476,20,20,0.5378006444992733,green,False,False,0.2129959301762787,0.1,0,0.5378006444992733,1.0
477,20,21,0.05,red_low,False,False,0.2994866443662201,0.1,1,0.05,0.0
478,20,22,0.05,red_low,False,False,0.2241735516530164,0.1,1,0.05,0.0
479,20,23,0.05,red_low,False,False,0.1690525747011856,0.1,2,0.05,0.0
480,20,24,0.05,red_low,False,False,0.1715110577530077,0.0,1,0.05,0.0
481,21,1,0.95,red_high,False,True,1.0,0.1,2,0.95,0.0
482,21,2,0.95,red_high,False,True,1.0,0.1,1,0.95,0.0
483,21,3,0.95,red_high,False,True,1.0,0.1,2,0.95,0.0
484,21,4,0.95,red_high,False,True,0.0640682656035955,0.1,2,0.95,0.0
485,21,5,0.95,red_high,False,True,0.1000051269974093,0.1,2,0.95,0.0
486,21,6,0.95,red_high,False,True,0.1927056610569728,0.1,2,0.95,0.0
487,21,7,0.95,red_high,False,True,0.556135379380326,0.3,2,0.95,0.0
488,21,8,0.95,red_high,False,True,0.2737047398076895,0.3,1,0.95,0.0
489,21,9,0.95,red_high,False,True,0.2347115721084757,0.1,1,0.95,0.0
490,21,10,0.95,red_high,False,True,0.2896983242162083,0.1,1,0.95,0.0
491,21,11,0.95,red_high,False,True,0.3709679085533959,0.1,1,0.95,0.0
492,21,12,0.95,red_high,False,True,0.3208655618281938,0.1,1,0.95,0.0
493,21,13,0.95,red_high,False,True,0.231426800995468,0.1,1,0.95,0.0
494,21,14,0.4829046972885717,green,False,False,0.2501273866033995,0.1,0,0.4829046972885717,1.0
495,21,15,0.4849978388575059,green,False,False,0.3089631553651281,0.1,0,0.4849978388575059,1.0
496,21,16,0.05,red_low,False,False,0.3208088847401817,0.1,1,0.05,0.0
497,21,17,0.05,red_low,False,False,0.2873118166592657,0.1,1,0.05,0.0
498,21,18,0.1744214056029037,orange_low,False,False,0.2433197365492727,0.1,1,0.1744214056029037,0.0
499,21,19,0.05,red_low,False,False,0.2465375631795891,0.1,1,0.05,0.0
500,21,20,0.05,red_low,False,False,0.2775553519733033,0.1,1,0.05,0.0
501,21,21,0.05,red_low,False,False,0.3511396885756977,0.1,1,0.05,0.0
502,21,22,0.05,red_low,False,False,0.2689018188202869,0.1,1,0.05,0.0
503,21,23,0.05,red_low,False,False,0.2280954306682062,0.1,1,0.05,0.0
504,21,24,0.05,red_low,False,False,0.2434734590321352,0.0,1,0.05,0.0
505,22,1,0.7281359040127169,orange_high,False,True,1.0,0.1,1,0.7281359040127169,0.0
506,22,2,0.95,red_high,False,True,1.0,0.1,2,0.95,0.0
507,22,3,0.95,red_high,False,True,1.0,0.1,2,0.95,0.0
508,22,4,0.95,red_high,False,True,0.0353596056258069,0.1,2,0.95,0.0
509,22,5,0.5304538407149377,green,False,False,0.073971969303957,0.1,0,0.5304538407149377,1.0
510,22,6,0.95,red_high,False,True,0.1167620531389374,0.1,2,0.95,0.0
511,22,7,0.810507600297302,orange_high,False,True,0.5042031657886218,0.1,1,0.810507600297302,0.0
512,22,8,0.95,red_high,False,True,0.1587624454067243,0.1,3,0.95,0.0
513,22,9,0.95,red_high,False,True,0.1242981249552999,0.1,4,0.95,0.0
514,22,10,0.95,red_high,False,True,0.1776587669399659,0.1,4,0.95,0.0
515,22,11,0.95,red_high,False,True,0.257388295998652,0.1,4,0.95,0.0
516,22,12,0.95,red_high,False,True,0.2409645843443523,0.3,5,0.95,0.0
517,22,13,0.95,red_high,False,True,0.1587584768541184,0.1,5,0.95,0.0
518,22,14,0.95,red_high,False,True,0.1499207531697369,0.1,5,0.95,0.0
519,22,15,0.95,red_high,False,True,0.197483511552924,0.1,4,0.95,0.0
520,22,16,0.95,red_high,False,True,0.2278756288814647,0.1,5,0.95,0.0
521,22,17,0.95,red_high,False,True,0.2126144100775886,0.1,5,0.95,0.0
522,22,18,0.95,red_high,False,True,0.1538543973974257,0.1,4,0.95,0.0
523,22,19,0.95,red_high,False,True,0.1590575199906163,0.1,6,0.95,0.0
524,22,20,0.95,red_high,False,True,0.2053615905889079,0.1,4,0.95,0.0
525,22,21,0.95,red_high,False,True,0.1765708802140387,0.1,5,0.95,0.0
526,22,22,0.95,red_high,False,True,0.1958739324816767,0.1,7,0.95,0.0
527,22,23,0.95,red_high,False,True,0.1399705730501241,0.1,7,0.95,0.0
528,22,24,0.95,red_high,False,True,0.2154307967144897,0.0,7,0.95,0.0
529,23,1,0.95,red_high,False,True,1.0,0.1,2,0.95,0.0
530,23,2,0.8769267921791597,orange_high,False,True,1.0,0.1,1,0.8769267921791597,0.0
531,23,3,0.95,red_high,False,True,1.0,0.1,1,0.95,0.0
532,23,4,0.95,red_high,False,True,0.0537362753872835,0.1,2,0.95,0.0
533,23,5,0.95,red_high,False,True,0.0826614468841026,0.1,2,0.95,0.0
534,23,6,0.95,red_high,False,True,0.1269857551599584,0.1,2,0.95,0.0
535,23,7,0.95,red_high,False,True,0.6122454478099357,0.1,3,0.95,0.0
536,23,8,0.95,red_high,False,True,0.1755007907527294,0.1,3,0.95,0.0
537,23,9,0.95,red_high,False,True,0.1356298758549008,0.1,3,0.95,0.0
538,23,10,0.95,red_high,False,True,0.1953914478129452,0.1,4,0.95,0.0
539,23,11,0.95,red_high,False,True,0.4015295934526502,0.1,3,0.95,0.0
540,23,12,0.95,red_high,False,True,0.2031043730232067,0.1,4,0.95,0.0
541,23,13,0.95,red_high,False,True,0.1678646027384953,0.1,4,0.95,0.0
542,23,14,0.95,red_high,False,True,0.1451914896691755,0.1,4,0.95,0.0
543,23,15,0.95,red_high,False,True,0.2326693323731439,0.1,5,0.95,0.0
544,23,16,0.95,red_high,False,True,0.2578144111372976,0.1,5,0.95,0.0
545,23,17,0.95,red_high,False,True,0.181148571346429,0.1,8,0.95,0.0
546,23,18,0.95,red_high,False,True,0.2054301142192881,0.1,6,0.95,0.0
547,23,19,0.95,red_high,False,True,0.1950681690560659,0.1,5,0.95,0.0
548,23,20,0.95,red_high,False,True,0.2456660584641802,0.1,5,0.95,0.0
549,23,21,0.95,red_high,False,True,0.216603639216674,0.1,4,0.95,0.0
550,23,22,0.95,red_high,False,True,0.1954725665610426,0.1,4,0.95,0.0
551,23,23,0.95,red_high,False,True,0.1946433355003621,0.1,3,0.95,0.0
552,23,24,0.95,red_high,False,True,0.1873383209272951,0.0,5,0.95,0.0
553,24,1,0.05,red_low,True,False,1.0,0.1,5,0.05,0.0
554,24,2,0.05,red_low,True,False,1.0,0.9,5,0.05,0.0
555,24,3,0.05,red_low,True,False,1.0,0.9,4,0.05,0.0
556,24,4,0.05,red_low,True,False,0.0350511575507694,0.9,4,0.05,0.0
557,24,5,0.05,red_low,True,False,0.0687209522521181,0.9,4,0.05,0.0
558,24,6,0.05,red_low,True,False,0.1438145197024622,0.9,5,0.05,0.0
559,24,7,0.05,red_low,True,False,0.685975444224833,0.9,5,0.05,0.0
560,24,8,0.05,red_low,True,False,0.1321734749874917,0.9,4,0.05,0.0
561,24,9,0.05,red_low,True,False,0.1183834823749333,0.9,4,0.05,0.0
562,24,10,0.05,red_low,True,False,0.2332157066441292,0.9,6,0.05,0.0
563,24,11,0.05,red_low,True,False,0.3570038763751182,0.9,6,0.05,0.0
564,24,12,0.05,red_low,True,False,0.2622357939748312,0.9,5,0.05,0.0
565,24,13,0.05,red_low,True,False,0.0436648535255749,0.1,5,0.05,0.0
566,24,14,0.05,red_low,True,False,0.0745037175266673,0.1,6,0.05,0.0
567,24,15,0.05,red_low,True,False,0.4015056313851083,0.1,5,0.05,0.0
568,24,16,0.05,red_low,True,False,0.0648235374090923,0.1,5,0.05,0.0
569,24,17,0.05,red_low,True,False,0.0755798955546137,0.1,6,0.05,0.0
570,24,18,0.05,red_low,True,False,0.0669494732128596,0.1,5,0.05,0.0
571,24,19,0.05,red_low,True,False,0.1866914087608077,0.1,5,0.05,0.0
572,24,20,0.05,red_low,True,False,0.1016830445528979,0.1,5,0.05,0.0
573,24,21,0.05,red_low,True,False,0.3575085691222913,0.1,5,0.05,0.0
574,24,22,0.05,red_low,True,False,0.1867820636694603,0.1,5,0.05,0.0
575,24,23,0.05,red_low,True,False,0.2048783227077696,0.1,4,0.05,0.0
576,24,24,0.05,red_low,True,False,0.1846952726441052,0.0,4,0.05,0.0
577,25,1,0.95,red_high,False,True,1.0,0.1,1,0.95,0.0
578,25,2,0.95,red_high,False,True,1.0,0.1,2,0.95,0.0
579,25,3,0.95,red_high,False,True,1.0,0.1,1,0.95,0.0
580,25,4,0.95,red_high,False,True,0.0588502200636425,0.1,1,0.95,0.0
581,25,5,0.95,red_high,False,True,0.0824996541038837,0.1,3,0.95,0.0
582,25,6,0.95,red_high,False,True,0.160019497751482,0.1,1,0.95,0.0
583,25,7,0.7851110207578706,orange_high,False,True,0.7036986687732041,0.1,1,0.7851110207578706,0.0
584,25,8,0.95,red_high,False,True,0.1686268061662795,0.1,3,0.95,0.0
585,25,9,0.95,red_high,False,True,0.152400531356114,0.1,4,0.95,0.0
586,25,10,0.95,red_high,False,True,0.2142363696734784,0.1,4,0.95,0.0
587,25,11,0.95,red_high,False,True,0.4061102849728084,0.1,4,0.95,0.0
588,25,12,0.95,red_high,False,True,0.266783282413132,0.1,4,0.95,0.0
589,25,13,0.95,red_high,False,True,0.1836116690284869,0.1,5,0.95,0.0
590,25,14,0.95,red_high,False,True,0.1733571230187983,0.1,4,0.95,0.0
591,25,15,0.95,red_high,False,True,0.2684690540342923,0.1,4,0.95,0.0
592,25,16,0.95,red_high,False,True,0.2291207084767045,0.1,6,0.95,0.0
593,25,17,0.95,red_high,False,True,0.165630706908779,0.1,8,0.95,0.0
594,25,18,0.95,red_high,False,True,0.2935136486494459,0.1,4,0.95,0.0
595,25,19,0.95,red_high,False,True,0.2021621212318335,0.1,6,0.95,0.0
596,25,20,0.95,red_high,False,True,0.2277568662374615,0.1,5,0.95,0.0
597,25,21,0.95,red_high,False,True,0.2055455935694115,0.1,7,0.95,0.0
598,25,22,0.95,red_high,False,True,0.2938387862404432,0.1,4,0.95,0.0
599,25,23,0.95,red_high,False,True,0.2184726573049949,0.1,5,0.95,0.0
600,25,24,0.95,red_high,False,True,0.2372752134643442,0.0,5,0.95,0.0
601,26,1,0.05,red_low,True,False,1.0,0.1,4,0.05,0.0
602,26,2,0.05,red_low,True,False,1.0,0.1,4,0.05,0.0
603,26,3,0.05,red_low,True,False,1.0,0.1,5,0.05,0.0
604,26,4,0.05,red_low,True,False,0.0473458303297402,0.1,4,0.05,0.0
605,26,5,0.05,red_low,True,False,0.0596834462624068,0.1,4,0.05,0.0
606,26,6,0.05,red_low,True,False,0.1253148055158042,0.1,4,0.05,0.0
607,26,7,0.05,red_low,True,False,0.5821765159680449,0.1,4,0.05,0.0
608,26,8,0.05,red_low,True,False,0.2125195428296217,0.1,5,0.05,0.0
609,26,9,0.05,red_low,True,False,0.1952114813907793,0.1,5,0.05,0.0
610,26,10,0.05,red_low,True,False,0.1566371178794043,0.1,4,0.05,0.0
611,26,11,0.05,red_low,True,False,0.3492839773891819,0.1,5,0.05,0.0
612,26,12,0.05,red_low,True,False,0.257731827548081,0.1,5,0.05,0.0
613,26,13,0.05,red_low,False,False,0.1508719119369463,0.1,2,0.05,0.0
614,26,14,0.8397619816230557,orange_high,False,True,0.1051111532374767,0.1,1,0.8397619816230557,0.0
615,26,15,0.4676262193315599,green,False,False,0.1685507683140749,0.1,0,0.4676262193315599,1.0
616,26,16,0.05,red_low,False,False,0.3008152417743462,0.1,1,0.05,0.0
617,26,17,0.4543033439781744,green,False,False,0.2455648157784472,0.1,0,0.4543033439781744,1.0
618,26,18,0.05,red_low,False,False,0.1676010372803714,0.1,1,0.05,0.0
619,26,19,0.05,red_low,False,False,0.2059487894253807,0.1,2,0.05,0.0
620,26,20,0.05,red_low,False,False,0.2428477842649533,0.1,2,0.05,0.0
621,26,21,0.05,red_low,False,False,0.2395749019857709,0.1,1,0.05,0.0
622,26,22,0.05,red_low,False,False,0.1715325042724814,0.1,1,0.05,0.0
623,26,23,0.2889286423481685,orange_low,False,False,0.1906247563125821,0.1,1,0.2889286423481685,0.0
624,26,24,0.05,red_low,False,False,0.2319284503270784,0.0,1,0.05,0.0
625,27,1,0.05,red_low,True,False,1.0,0.1,4,0.05,0.0
626,27,2,0.05,red_low,True,False,1.0,0.1,5,0.05,0.0
627,27,3,0.05,red_low,True,False,1.0,0.1,5,0.05,0.0
628,27,4,0.05,red_low,True,False,0.050208890846779,0.1,5,0.05,0.0
629,27,5,0.05,red_low,True,False,0.0770422806583543,0.1,5,0.05,0.0
630,27,6,0.05,red_low,True,False,0.1210188197340548,0.1,5,0.05,0.0
631,27,7,0.05,red_low,True,False,0.6859998888291594,0.1,5,0.05,0.0
632,27,8,0.05,red_low,True,False,0.1526999937004568,0.1,4,0.05,0.0
633,27,9,0.05,red_low,True,False,0.1461180147747816,0.1,5,0.05,0.0
634,27,10,0.05,red_low,True,False,0.1828448697999242,0.1,6,0.05,0.0
635,27,11,0.05,red_low,True,False,0.421638364104224,0.1,5,0.05,0.0
636,27,12,0.05,red_low,True,False,0.0651057280966436,0.1,5,0.05,0.0
637,27,13,0.05,red_low,True,False,0.0638720457138169,0.1,5,0.05,0.0
638,27,14,0.05,red_low,True,False,0.2485997483414567,0.1,4,0.05,0.0
639,27,15,0.05,red_low,True,False,0.4183185409329129,0.1,6,0.05,0.0
640,27,16,0.05,red_low,True,False,0.215223538601829,0.1,5,0.05,0.0
641,27,17,0.05,red_low,True,False,0.1792282360251226,0.1,6,0.05,0.0
642,27,18,0.05,red_low,True,False,0.0448690387151639,0.1,5,0.05,0.0
643,27,19,0.05,red_low,True,False,0.0844488932982677,0.1,5,0.05,0.0
644,27,20,0.05,red_low,True,False,0.1066285193703155,0.1,4,0.05,0.0
645,27,21,0.05,red_low,True,False,0.5757738821583948,0.1,5,0.05,0.0
646,27,22,0.05,red_low,True,False,0.198564345649845,0.1,4,0.05,0.0
647,27,23,0.05,red_low,True,False,0.1484440960442012,0.1,5,0.05,0.0
648,27,24,0.05,red_low,True,False,0.1525226746737958,0.0,5,0.05,0.0
649,28,1,0.95,red_high,False,True,1.0,0.1,10,0.95,0.0
650,28,2,0.95,red_high,False,True,1.0,0.1,8,0.95,0.0
651,28,3,0.95,red_high,False,True,1.0,0.1,9,0.95,0.0
652,28,4,0.95,red_high,False,True,0.0422901825557088,0.1,7,0.95,0.0
653,28,5,0.95,red_high,False,True,0.0500622019569163,0.1,8,0.95,0.0
654,28,6,0.95,red_high,False,True,0.0928273683309779,0.1,8,0.95,0.0
655,28,7,0.95,red_high,False,True,0.5373988707181729,0.1,8,0.95,0.0
656,28,8,0.95,red_high,False,True,0.1774139366839701,0.1,5,0.95,0.0
657,28,9,0.95,red_high,False,True,0.1365385341851717,0.1,8,0.95,0.0
658,28,10,0.95,red_high,False,True,0.1873202882121422,0.1,4,0.95,0.0
659,28,11,0.95,red_high,False,True,0.3195287052239742,0.1,6,0.95,0.0
660,28,12,0.95,red_high,False,True,0.2502064016019225,0.1,8,0.95,0.0
661,28,13,0.95,red_high,False,True,0.2203343496570207,0.1,3,0.95,0.0
662,28,14,0.95,red_high,False,True,0.1930956452657073,0.1,5,0.95,0.0
663,28,15,0.95,red_high,False,True,0.1953332693641176,0.1,6,0.95,0.0
664,28,16,0.95,red_high,False,True,0.1586187798516648,0.1,6,0.95,0.0
665,28,17,0.95,red_high,False,True,0.2637176978987542,0.1,4,0.95,0.0
666,28,18,0.95,red_high,False,True,0.2402066789349279,0.1,4,0.95,0.0
667,28,19,0.95,red_high,False,True,0.1687285723655538,0.1,5,0.95,0.0
668,28,20,0.95,red_high,False,True,0.1925391899515442,0.1,5,0.95,0.0
669,28,21,0.95,red_high,False,True,0.2033478504197035,0.1,4,0.95,0.0
670,28,22,0.95,red_high,False,True,0.2139585390736177,0.1,3,0.95,0.0
671,28,23,0.95,red_high,False,True,0.2053303208342765,0.1,5,0.95,0.0
672,28,24,0.95,red_high,False,True,0.1757146609589455,0.0,5,0.95,0.0
673,29,1,0.05,red_low,True,False,1.0,0.1,5,0.05,0.0
674,29,2,0.05,red_low,True,False,1.0,0.1,4,0.05,0.0
675,29,3,0.05,red_low,True,False,1.0,0.1,4,0.05,0.0
676,29,4,0.05,red_low,True,False,0.0677744279147838,0.1,5,0.05,0.0
677,29,5,0.05,red_low,True,False,0.0774805196898382,0.1,4,0.05,0.0
678,29,6,0.05,red_low,True,False,0.1656843150548619,0.1,5,0.05,0.0
679,29,7,0.05,red_low,True,False,0.5418380818090266,0.1,4,0.05,0.0
680,29,8,0.05,red_low,True,False,0.2305063227662046,0.1,5,0.05,0.0
681,29,9,0.05,red_low,True,False,0.2256300542409949,0.1,6,0.05,0.0
682,29,10,0.05,red_low,True,False,0.239594861332276,0.1,4,0.05,0.0
683,29,11,0.05,red_low,True,False,0.3976377433797929,0.1,6,0.05,0.0
684,29,12,0.05,red_low,True,False,0.0782392639701429,0.1,5,0.05,0.0
685,29,13,0.05,red_low,True,False,0.2630636190204543,0.1,5,0.05,0.0
686,29,14,0.05,red_low,True,False,0.0767462781809918,0.1,6,0.05,0.0
687,29,15,0.05,red_low,True,False,0.3694483917805984,0.1,5,0.05,0.0
688,29,16,0.05,red_low,True,False,0.0743567519261946,0.1,5,0.05,0.0
689,29,17,0.05,red_low,True,False,0.0810765029891727,0.1,5,0.05,0.0
690,29,18,0.05,red_low,True,False,0.3674920056738654,0.1,5,0.05,0.0
691,29,19,0.05,red_low,True,False,0.3770070166737189,0.1,5,0.05,0.0
692,29,20,0.05,red_low,True,False,0.1749844033668618,0.1,5,0.05,0.0
693,29,21,0.05,red_low,True,False,0.1896742726674734,0.1,4,0.05,0.0
694,29,22,0.05,red_low,True,False,0.2580139097233108,0.1,5,0.05,0.0
695,29,23,0.05,red_low,True,False,0.3002800736951109,0.1,4,0.05,0.0
696,29,24,0.05,red_low,True,False,0.2087700720960848,0.0,4,0.05,0.0
697,30,1,0.95,red_high,False,True,1.0,0.1,2,0.95,0.0
698,30,2,0.95,red_high,False,True,1.0,0.9,1,0.95,0.0
699,30,3,0.95,red_high,False,True,1.0,0.1,2,0.95,0.0
700,30,4,0.95,red_high,False,True,0.0486956839419539,0.1,1,0.95,0.0
701,30,5,0.95,red_high,False,True,0.0632518391213898,0.1,2,0.95,0.0
702,30,6,0.95,red_high,False,True,0.1150932170527537,0.1,2,0.95,0.0
703,30,7,0.95,red_high,False,True,0.6056594353266842,0.1,2,0.95,0.0
704,30,8,0.95,red_high,False,True,0.2032579928749429,0.1,1,0.95,0.0
705,30,9,0.6575075175039022,orange_high,False,True,0.1541648625925681,0.1,1,0.6575075175039022,0.0
706,30,10,0.95,red_high,False,True,0.1956744797232641,0.1,1,0.95,0.0
707,30,11,0.95,red_high,False,True,0.3594340326480097,0.1,1,0.95,0.0
708,30,12,0.6882005791064276,orange_high,False,True,0.2934050399937853,0.1,1,0.6882005791064276,0.0
709,30,13,0.700854319761955,orange_high,False,True,0.186747178191866,0.1,1,0.700854319761955,0.0
710,30,14,0.7054667107234165,orange_high,False,True,0.1928694610838183,0.1,1,0.7054667107234165,0.0
711,30,15,0.4531076696128293,green,False,False,0.2592543068305731,0.1,0,0.4531076696128293,1.0
712,30,16,0.1371042678460517,orange_low,False,False,0.2696365435769015,0.1,1,0.1371042678460517,0.0
713,30,17,0.5043466404320079,green,False,False,0.1700383601042038,0.1,0,0.5043466404320079,1.0
714,30,18,0.176430332084639,orange_low,False,False,0.238927188892659,0.1,1,0.176430332084639,0.0
715,30,19,0.2147803113605797,orange_low,False,False,0.2338801214118533,0.1,1,0.2147803113605797,0.0
716,30,20,0.180854353464687,orange_low,False,False,0.2161593918086347,0.1,1,0.180854353464687,0.0
717,30,21,0.2102395040235125,orange_low,False,False,0.2037171638518463,0.1,1,0.2102395040235125,0.0
718,30,22,0.1042081900665819,orange_low,False,False,0.222743861811015,0.1,1,0.1042081900665819,0.0
719,30,23,0.129628995913602,orange_low,False,False,0.2326450850500604,0.1,1,0.129628995913602,0.0
720,30,24,0.05,red_low,False,False,0.2142508998940834,0.0,1,0.05,0.0
721,31,1,0.95,red_high,False,True,1.0,0.1,8,0.95,0.0
722,31,2,0.95,red_high,False,True,1.0,0.1,7,0.95,0.0
723,31,3,0.95,red_high,False,True,1.0,0.1,9,0.95,0.0
724,31,4,0.95,red_high,False,True,0.0570169220535596,0.1,8,0.95,0.0
725,31,5,0.95,red_high,False,True,0.0908485307606812,0.1,7,0.95,0.0
726,31,6,0.95,red_high,False,True,0.1651122337854557,0.1,8,0.95,0.0
727,31,7,0.95,red_high,False,True,0.7507915123078166,0.1,6,0.95,0.0
728,31,8,0.95,red_high,False,True,0.2046155419240868,0.1,7,0.95,0.0
729,31,9,0.95,red_high,False,True,0.1329204084602436,0.1,9,0.95,0.0
730,31,10,0.95,red_high,False,True,0.2059954315274864,0.1,7,0.95,0.0
731,31,11,0.95,red_high,False,True,0.5954926556928829,0.1,5,0.95,0.0
732,31,12,0.95,red_high,False,True,0.2727064451824155,0.3,6,0.95,0.0
733,31,13,0.95,red_high,False,True,0.2425848488167108,0.1,3,0.95,0.0
734,31,14,0.5094100826858862,green,False,False,0.271385133111413,0.1,0,0.5094100826858862,1.0
735,31,15,0.5192104242830131,green,False,False,0.4182457483840193,0.1,0,0.5192104242830131,1.0
736,31,16,0.05,red_low,False,False,0.3374721162880196,0.1,1,0.05,0.0
737,31,17,0.1628929265022395,orange_low,False,False,0.2394945238665692,0.1,1,0.1628929265022395,0.0
738,31,18,0.4573380161142207,green,False,False,0.2750582775672817,0.1,0,0.4573380161142207,1.0
739,31,19,0.472611324151494,green,False,False,0.3028698725636862,0.1,0,0.472611324151494,1.0
740,31,20,0.05,red_low,False,False,0.3039962643464317,0.1,1,0.05,0.0
741,31,21,0.05,red_low,False,False,0.3092491390706512,0.1,1,0.05,0.0
742,31,22,0.1475394527388605,orange_low,False,False,0.3111637420409096,0.1,1,0.1475394527388605,0.0
743,31,23,0.3090333396404047,orange_low,False,False,0.3035203503557489,0.1,1,0.3090333396404047,0.0
744,31,24,0.4559568342372233,green,False,False,0.2495484774828943,0.0,0,0.4559568342372233,1.0
745,32,1,0.95,red_high,False,True,1.0,0.1,2,0.95,0.0
746,32,2,0.95,red_high,False,True,1.0,0.1,2,0.95,0.0
747,32,3,0.95,red_high,False,True,1.0,0.1,1,0.95,0.0
748,32,4,0.95,red_high,False,True,0.0841108620124992,0.1,2,0.95,0.0
749,32,5,0.95,red_high,False,True,0.1354921459432995,0.1,2,0.95,0.0
750,32,6,0.95,red_high,False,True,0.2851730837716964,0.1,1,0.95,0.0
751,32,7,0.95,red_high,False,True,0.5249575666095249,0.1,2,0.95,0.0
752,32,8,0.95,red_high,False,True,0.32535865723056,0.1,3,0.95,0.0
753,32,9,0.95,red_high,False,True,0.2591166812140821,0.1,4,0.95,0.0
754,32,10,0.95,red_high,False,True,0.2638598211233109,0.1,3,0.95,0.0
755,32,11,0.95,red_high,False,True,0.3722738842719097,0.1,4,0.95,0.0
756,32,12,0.95,red_high,False,True,0.3545029892802102,0.1,4,0.95,0.0
757,32,13,0.95,red_high,False,True,0.2211658199796286,0.1,5,0.95,0.0
758,32,14,0.95,red_high,False,True,0.2779574165225323,0.1,4,0.95,0.0
759,32,15,0.95,red_high,False,True,0.2429124865334405,0.1,5,0.95,0.0
760,32,16,0.95,red_high,False,True,0.2731409988146882,0.1,7,0.95,0.0
761,32,17,0.95,red_high,False,True,0.3170925677138348,0.1,7,0.95,0.0
762,32,18,0.95,red_high,False,True,0.2926261266658927,0.1,5,0.95,0.0
763,32,19,0.95,red_high,False,True,0.2424712984841825,0.1,7,0.95,0.0
764,32,20,0.95,red_high,False,True,0.2619096524230053,0.1,7,0.95,0.0
765,32,21,0.95,red_high,False,True,0.3652132437857417,0.1,5,0.95,0.0
766,32,22,0.95,red_high,False,True,0.3732813081932316,0.1,4,0.95,0.0
767,32,23,0.95,red_high,False,True,0.261016207719641,0.1,4,0.95,0.0
768,32,24,0.95,red_high,False,True,0.2646903759606452,0.0,5,0.95,0.0
769,33,1,0.95,red_high,False,True,1.0,0.1,1,0.95,0.0
770,33,2,0.95,red_high,False,True,1.0,0.1,2,0.95,0.0
771,33,3,0.95,red_high,False,True,1.0,0.1,1,0.95,0.0
772,33,4,0.95,red_high,False,True,0.1010310767222598,0.1,1,0.95,0.0
773,33,5,0.95,red_high,False,True,0.1714687509518918,0.1,1,0.95,0.0
774,33,6,0.95,red_high,False,True,0.2552625235976814,0.1,2,0.95,0.0
775,33,7,0.95,red_high,False,True,0.6538021830320312,0.1,2,0.95,0.0
776,33,8,0.95,red_high,False,True,0.334770477454706,0.1,1,0.95,0.0
777,33,9,0.95,red_high,False,True,0.2466278896210337,0.1,1,0.95,0.0
778,33,10,0.95,red_high,False,True,0.3282045763615979,0.1,1,0.95,0.0
779,33,11,0.95,red_high,False,True,0.4349888944177722,0.1,1,0.95,0.0
780,33,12,0.95,red_high,False,True,0.3923313237436304,0.1,1,0.95,0.0
781,33,13,0.5484154992117335,green,False,False,0.3347637938724461,0.1,0,0.5484154992117335,1.0
782,33,14,0.4533064298740712,green,False,False,0.3162361614177064,0.1,0,0.4533064298740712,1.0
783,33,15,0.4646366343187671,green,False,False,0.3269479760516041,0.1,0,0.4646366343187671,1.0
784,33,16,0.05,red_low,False,False,0.3722978581113924,0.1,1,0.05,0.0
785,33,17,0.3487744559344206,orange_low,False,False,0.3054571956040323,0.1,1,0.3487744559344206,0.0
786,33,18,0.4882742256693265,green,False,False,0.3498096763094298,0.1,0,0.4882742256693265,1.0
787,33,19,0.3107147359825145,orange_low,False,False,0.2941470738628119,0.1,1,0.3107147359825145,0.0
788,33,20,0.05,red_low,False,False,0.3497984567496629,0.1,1,0.05,0.0
789,33,21,0.05,red_low,False,False,0.3256052996887402,0.1,1,0.05,0.0
790,33,22,0.05,red_low,False,False,0.3347362489123456,0.1,1,0.05,0.0
791,33,23,0.05,red_low,False,False,0.3514959040093979,0.1,1,0.05,0.0
792,33,24,0.2337017699058283,orange_low,False,False,0.2731003947839765,0.0,1,0.2337017699058283,0.0
793,34,1,0.95,red_high,False,True,1.0,0.1,2,0.95,0.0
794,34,2,0.8713674513735369,orange_high,False,True,1.0,0.1,1,0.8713674513735369,0.0
795,34,3,0.95,red_high,False,True,1.0,0.1,2,0.95,0.0
796,34,4,0.95,red_high,False,True,0.0420442411752944,0.1,2,0.95,0.0
797,34,5,0.95,red_high,False,True,0.0594742048034241,0.1,2,0.95,0.0
798,34,6,0.95,red_high,False,True,0.1047135686065411,0.1,2,0.95,0.0
799,34,7,0.95,red_high,False,True,0.630091167342465,0.1,1,0.95,0.0
800,34,8,0.95,red_high,False,True,0.1889479681829869,0.1,1,0.95,0.0
801,34,9,0.7581326559090554,orange_high,False,True,0.1460409598326139,0.1,1,0.7581326559090554,0.0
802,34,10,0.95,red_high,False,True,0.1673971417183407,0.1,1,0.95,0.0
803,34,11,0.95,red_high,False,True,0.3555725046653195,0.1,1,0.95,0.0
804,34,12,0.95,red_high,False,True,0.2950388458867169,0.1,1,0.95,0.0
805,34,13,0.7300433371614468,orange_high,False,True,0.1698169641042207,0.1,1,0.7300433371614468,0.0
806,34,14,0.5191846686377991,green,False,False,0.1809430378293701,0.1,0,0.5191846686377991,1.0
807,34,15,0.5210247709367656,green,False,False,0.2065850823261842,0.1,0,0.5210247709367656,1.0
808,34,16,0.3120542202068109,orange_low,False,False,0.3380508317969536,0.1,1,0.3120542202068109,0.0
809,34,17,0.2751683832402251,orange_low,False,False,0.2579910154582111,0.1,1,0.2751683832402251,0.0
810,34,18,0.4740821642343059,green,False,False,0.1617286762058443,0.1,0,0.4740821642343059,1.0
811,34,19,0.2579341266454318,orange_low,False,False,0.2084717402580714,0.1,1,0.2579341266454318,0.0
812,34,20,0.3374770861798365,orange_low,False,False,0.2280783617179862,0.1,1,0.3374770861798365,0.0
813,34,21,0.05,red_low,False,False,0.2591972612096168,0.1,1,0.05,0.0
814,34,22,0.3227134227544982,orange_low,False,False,0.1981390137674762,0.1,1,0.3227134227544982,0.0
815,34,23,0.05,red_low,False,False,0.2269109047863428,0.1,1,0.05,0.0
816,34,24,0.05,red_low,False,False,0.2041355444656497,0.0,1,0.05,0.0
817,35,1,0.05,red_low,True,False,1.0,0.1,6,0.05,0.0
818,35,2,0.05,red_low,True,False,1.0,0.1,5,0.05,0.0
819,35,3,0.05,red_low,True,False,1.0,0.1,4,0.05,0.0
820,35,4,0.05,red_low,True,False,0.0750872852185278,0.1,4,0.05,0.0
821,35,5,0.05,red_low,True,False,0.1342023075884071,0.1,5,0.05,0.0
822,35,6,0.05,red_low,True,False,0.2168152137667209,0.1,5,0.05,0.0
823,35,7,0.05,red_low,True,False,0.5005680918968892,0.1,5,0.05,0.0
824,35,8,0.05,red_low,True,False,0.2810151879319646,0.1,5,0.05,0.0
825,35,9,0.05,red_low,True,False,0.2732450707146967,0.1,5,0.05,0.0
826,35,10,0.05,red_low,True,False,0.259063533648373,0.1,5,0.05,0.0
827,35,11,0.05,red_low,True,False,0.434768073744979,0.1,5,0.05,0.0
828,35,12,0.05,red_low,True,False,0.3516786408385957,0.1,5,0.05,0.0
829,35,13,0.05,red_low,True,False,0.2173996548651298,0.1,5,0.05,0.0
830,35,14,0.05,red_low,True,False,0.2493509162127546,0.1,5,0.05,0.0
831,35,15,0.05,red_low,True,False,0.3561776239041919,0.1,6,0.05,0.0
832,35,16,0.05,red_low,True,False,0.3450976767407654,0.1,6,0.05,0.0
833,35,17,0.05,red_low,True,False,0.0807711498040106,0.1,6,0.05,0.0
834,35,18,0.05,red_low,True,False,0.1123024870015486,0.1,6,0.05,0.0
835,35,19,0.05,red_low,True,False,0.1266612491938627,0.1,5,0.05,0.0
836,35,20,0.05,red_low,True,False,0.2343071859356802,0.1,5,0.05,0.0
837,35,21,0.05,red_low,True,False,0.1461153529965645,0.1,5,0.05,0.0
838,35,22,0.05,red_low,True,False,0.5198232874408103,0.1,5,0.05,0.0
839,35,23,0.05,red_low,True,False,0.2542506137437132,0.1,5,0.05,0.0
840,35,24,0.05,red_low,True,False,0.2688957873059878,0.0,4,0.05,0.0
