metric_id,goal_id,period_id,observed_value,expected_value,variance_from_target,trailing_3_period_avg,trailing_6_period_slope,volatility_measure
1,1,1,33.76995127481731,61.04166666666666,51.23004872518269,33.76995127481731,0.0,0.0
2,1,2,22.8298658281548,62.083333333333336,62.1701341718452,28.299908551486052,-10.940085446662508,5.470042723331254
3,1,3,18.467838162015788,63.125,66.5321618379842,25.02255175499597,-7.651056556400762,6.436591753900431
4,1,4,16.524659245851,64.16666666666667,68.475340754149,19.27412107867386,-5.609790375303798,6.679254693487023
5,1,5,17.820638344330753,65.20833333333333,67.17936165566925,17.60437858406585,-3.820383244327692,6.309898460465069
6,1,6,18.5328553541675,66.25,66.4671446458325,17.62605098144975,-2.6616097420253118,5.8938484587203295
7,1,7,16.999678381520305,67.29166666666667,68.00032161847969,17.78439069333952,-0.7902830445210731,2.055852816546764
8,1,8,17.3155927900962,68.33333333333333,67.6844072099038,17.616042175261338,-0.1035414983643791,0.7381338179619781
9,1,9,17.371371137466483,69.375,67.62862886253352,17.228880769694328,0.033864166363617,0.6311622410563574
10,1,10,19.936231387185668,70.41666666666667,65.06376861281433,18.207731771582782,0.21169791350707,0.994085438108004
11,1,11,22.06396909081788,71.45833333333333,62.93603090918212,19.790523871823343,0.7577430299319536,1.800248146472694
12,1,12,21.940512728091026,72.5,63.05948727190898,21.31357106869819,1.186118882421082,2.158727098178132
13,1,13,23.8669308903226,73.54166666666667,61.1330691096774,22.623804236410496,1.388338656475367,2.451575431190112
14,1,14,21.968751442793486,74.58333333333333,63.03124855720651,22.59206502040237,0.9901583906662572,2.051558602569272
15,1,15,22.34514472689902,75.625,62.65485527310098,22.72694235333837,0.3910094833350058,1.145268670470208
16,1,16,20.89809933262471,76.66666666666667,64.10190066737529,21.737331834105746,-0.1861037783448826,0.8786086797501589
17,1,17,24.318099795408894,77.70833333333334,60.6819002045911,22.52044795164421,0.0959381127886084,1.179004884946949
18,1,18,24.020580991500005,78.75,60.9794190085,23.078926706511208,0.1819785762702569,1.2506203125875497
19,1,19,21.705314372050083,79.79166666666667,63.29468562794992,23.34799838631966,0.2036892543677187,1.2322437345853414
20,1,20,20.50304099023952,80.83333333333334,64.49695900976047,22.07631211792987,-0.202468353398006,1.4481704660950918
21,1,21,21.50196666393884,81.875,63.49803333606116,21.236774008742813,-0.3068887536682096,1.4774291846019618
22,1,22,19.90707022069196,82.91666666666667,65.09292977930804,20.63735929162344,-0.8803789782308198,1.6538909057864646
23,1,23,20.269760405297383,83.95833333333334,64.73023959470262,20.559599096642724,-0.6614259917539461,1.3687882376796237
24,1,24,21.886079666583058,85.0,63.11392033341694,20.6876367641908,-0.0397403350116672,0.7638410719664769
25,2,1,28.378971211923798,61.04166666666666,56.6210287880762,28.378971211923798,0.0,0.0
26,2,2,20.397618696075966,62.083333333333336,64.60238130392403,24.38829495399988,-7.981352515847831,3.990676257923914
27,2,3,20.22714986849563,63.125,64.77285013150437,23.00124659216513,-4.075910671714079,3.803262325054024
28,2,4,17.008088500012818,64.16666666666667,67.99191149998718,19.210952354861472,-3.428311696331332,4.193234756058682
29,2,5,20.026156342566956,65.20833333333333,64.97384365743305,19.087131570358466,-2.009515993477688,3.7967781917422783
30,2,6,18.024730084736586,66.25,66.97526991526342,18.352991642438784,-1.60299011614131,3.66332781958646
31,2,7,19.84133489205511,67.29166666666667,65.1586651079449,19.297407106452884,-0.182017443680779,1.2748395244034354
32,2,8,17.818410306526275,68.33333333333333,67.18158969347373,18.561491761105987,-0.1584395683300068,1.2514362901658462
33,2,9,19.72724536950954,69.375,65.27275463049045,19.12899685603031,0.2511186013337181,1.169204874333964
34,2,10,19.5949090776518,70.41666666666667,65.40509092234821,19.04685491789587,0.0265252841204083,0.8956538558834676
35,2,11,21.85008850601012,71.45833333333333,63.14991149398988,20.390747651057158,0.5798957064611737,1.335466041940166
36,2,12,19.82785078280955,72.5,65.17214921719045,20.42428278882382,0.3398650788676008,1.1673421499622136
37,2,13,20.50052921321848,73.54166666666667,64.49947078678152,20.72615616734605,0.4562168629062692,1.198855962275026
38,2,14,21.40989593584889,74.58333333333333,63.59010406415111,20.57942531062564,0.2602250147198941,0.8677018743699495
39,2,15,20.30853555666615,75.625,64.69146444333384,20.73965356857784,0.0834352318570585,0.8080810556737085
40,2,16,19.457404071151554,76.66666666666667,65.54259592884844,20.391945187888865,-0.2746286037169309,0.8371755537840061
41,2,17,22.596982811224443,77.70833333333334,62.40301718877556,20.787640813014047,0.2747121239054567,1.0486968874201414
42,2,18,21.53827935962023,78.75,63.46172064037977,21.197555413998742,0.2256822820748805,1.009075131139423
43,2,19,24.22140597656485,79.79166666666667,60.778594023435154,22.785556049136503,0.5967531529289978,1.5364207021360288
44,2,20,23.199498013095518,80.83333333333334,61.800501986904486,22.986394449760198,0.7910889870509278,1.642775616121659
45,2,21,21.1020751216601,81.875,63.8979248783399,22.840993037106823,0.3632579278600172,1.5390391262463463
46,2,22,25.094785612721296,82.91666666666667,59.905214387278704,23.132119582492304,0.2902426665752742,1.4030182795448691
47,2,23,25.774692187797665,83.95833333333334,59.22530781220234,23.990517640726356,0.6201365759406045,1.7284813055894117
48,2,24,22.525284733918934,85.0,62.47471526608106,24.464920844812628,0.0925053371982323,1.575226562767715
49,3,1,1.2824334369871542,2.0625,2.217566563012846,1.2824334369871542,0.0,0.0
50,3,2,0.8674210412952423,2.125,2.632578958704758,1.074927239141198,-0.4150123956919119,0.2075061978459559
51,3,3,0.7657489802701699,2.1875,2.73425101972983,0.971867819517522,-0.2583422283584921,0.2234913183459138
52,3,4,0.7652726293878512,2.25,2.734727370612149,0.7994808836510878,-0.1653154483822982,0.2132230566604605
53,3,5,0.9273530137185528,2.3125,2.5726469862814474,0.8194582077921914,-0.0812309258444594,0.190733847356447
54,3,6,0.933088122463028,2.375,2.566911877536972,0.8752379218564773,-0.0447830573209433,0.1741675954689816
55,3,7,0.8581525416657524,2.4375,2.641847458334248,0.9061978926157778,0.017650151793195,0.0676826791576287
56,3,8,0.8684144244974251,2.5,2.6315855755025748,0.8865516962087353,0.022791487620413,0.0677193510356912
57,3,9,1.0454875670963848,2.5625,2.4545124329036154,0.9240181777531876,0.0328378097166288,0.0855464162959534
58,3,10,1.0654081451774478,2.625,2.4345918548225525,0.9931033789237524,0.0296495964007491,0.0799241749338068
59,3,11,0.9810356819851584,2.6875,2.5189643180148416,1.0306437980863303,0.029673650021277,0.0799320282050788
60,3,12,0.9068399416785164,2.75,2.593160058321484,0.9844279229470408,0.0171777528745168,0.0819024586941414
61,3,13,1.0087773354392804,2.8125,2.49122266456072,0.9655509863676518,0.0057571204360967,0.070961725685641
62,3,14,0.998323071390748,2.875,2.501676928609252,0.9713134495028484,-0.0137117328014093,0.0507607025166755
63,3,15,1.0415161641409891,2.9375,2.45848383585901,1.0162055236570058,0.0009811330512926,0.0501987898091839
64,3,16,1.1278393773725952,3.0,2.372160622627405,1.0558928709681108,0.0322169394364592,0.0664517811362043
65,3,17,1.1991503959192729,3.0625,2.300849604080727,1.1228353124776191,0.0531980425643991,0.0941541684212227
66,3,18,1.1334767737860638,3.125,2.3665232262139364,1.1534888490259771,0.0374943536728885,0.0735175842386261
67,3,19,1.0435448745189009,3.1875,2.4564551254811,1.125390681408079,0.0163800532320762,0.0684918562925119
68,3,20,1.0991877490355035,3.25,2.4008122509644965,1.0920697991134891,-0.0008628344634776,0.0547745117135549
69,3,21,1.057600039834527,3.3125,2.442399960165473,1.0667775544629772,-0.0211719007888231,0.0517945190596933
70,3,22,1.0506590314601911,3.375,2.4493409685398086,1.0691489401100738,-0.0261269757038117,0.0552673811838417
71,3,23,1.1466146785355735,3.4375,2.3533853214644265,1.084957916610097,0.0012984081534413,0.0406656337586987
72,3,24,1.3447135223561055,3.5,2.1552864776438945,1.1806624107839567,0.0468909434089113,0.1049618498694943
73,4,1,14560.206001800576,26041.666666666668,35439.79399819943,14560.206001800576,0.0,0.0
74,4,2,9438.847855122023,27083.33333333333,40561.152144877975,11999.5269284613,-5121.358146678554,2560.6790733392754
75,4,3,8463.852671652681,28125.0,41536.14732834732,10820.968842858429,-3048.1766650739496,2673.833053883185
76,4,4,9012.329445514826,29166.666666666668,40987.67055448517,8971.676657429845,-1761.8624852326616,2444.459651555554
77,4,5,10153.099261946085,30208.333333333336,39846.90073805392,9209.76045970453,-924.0731889316188,2188.0930740244958
78,4,6,10306.931794647531,31250.0,39693.06820535247,9824.12016736948,-530.7182868980244,1997.458760986217
79,4,7,8919.54061058868,32291.666666666668,41080.45938941132,9793.190555727431,116.38488464997396,664.184082079543
80,4,8,9009.182902320515,33333.333333333336,40990.81709767948,9411.88510251891,74.34620517892009,677.2749107235085
81,4,9,9004.970015239682,34375.0,40995.02998476032,8977.897842716293,-138.74106898032102,588.7265984487144
82,4,10,10137.452066921378,35416.66666666667,39862.54793307862,9383.868328160524,-111.27082918900643,613.7164307434045
83,4,11,11734.405555245496,36458.333333333336,38265.5944447545,10292.275879135515,308.1968652830598,1010.7074604753049
84,4,12,11731.257589716772,37500.0,38268.74241028323,11201.038403961216,667.6209973170606,1232.5770399147448
85,4,13,13169.73984198871,38541.66666666667,36830.26015801129,12211.800995650325,873.6743117170386,1539.7035165798195
86,4,14,11260.99933884254,39583.333333333336,38739.00066115746,12053.998923516008,582.110342219645,1316.1974926157038
87,4,15,11854.05037688938,40625.0,38145.94962311062,12094.929852573545,245.7501472258027,894.8064240463544
88,4,16,12176.25475301946,41666.66666666667,37823.74524698054,11763.76815625046,19.11096706404311,592.8248614664143
89,4,17,11592.551719848956,42708.333333333336,38407.448280151046,11874.285616585932,-88.02667366285587,605.1586883998987
90,4,18,14094.8053646139,43750.0,35905.1946353861,12621.203945827438,169.77683235072303,979.0924791501152
91,4,19,14460.061105559991,44791.66666666667,35539.938894440005,13382.472730007616,632.3963075311527,1240.5516926853531
92,4,20,12836.551850310849,45833.333333333336,37163.44814968915,13797.139440161582,407.605144842683,1092.9941832662946
93,4,21,14234.762482740503,46875.0,35765.23751725949,13843.791812870448,411.1369937410574,1096.727420904983
94,4,22,15374.8570083326,47916.66666666667,34625.1429916674,14148.723780461318,505.93967261568326,1223.7744376582764
95,4,23,14170.586231477591,48958.333333333336,35829.413768522405,14593.4019075169,129.1857907161709,743.8544814777799
96,4,24,16719.91911346467,50000.0,33280.08088653533,15421.78745109162,469.7567916747351,1192.6955724067473
97,5,1,32.730199597633046,61.04166666666666,52.26980040236696,32.730199597633046,0.0,0.0
98,5,2,21.924213740312656,62.083333333333336,63.07578625968735,27.32720666897285,-10.805985857320394,5.402992928660195
99,5,3,20.275326572030416,63.125,64.72467342796958,24.97657996999204,-6.22743651280132,5.523807275242706
100,5,4,19.73468947056765,64.16666666666667,65.26531052943236,20.64474326097024,-4.063541754947847,5.294936318031583
101,5,5,19.12929244414778,65.20833333333333,65.87070755585222,19.71310282891528,-2.939133857671555,5.071716750858669
102,5,6,18.1156332138855,66.25,66.8843667861145,18.993205042866972,-2.3428066545341424,4.942620003133086
103,5,7,19.25441733659738,67.29166666666667,65.74558266340262,18.833114331543555,-0.5838131176980265,1.1764853885305069
104,5,8,19.83144936049065,68.33333333333333,65.16855063950935,19.06716663699118,-0.1335389054249092,0.6840873717429086
105,5,9,17.6928759596345,69.375,67.3071240403655,18.926247552240845,-0.1989660766550061,0.7951380820471725
106,5,10,19.18854390113004,70.41666666666667,65.81145609886997,18.904289740418395,-0.0112852129699545,0.7297881537518657
107,5,11,22.448939366499907,71.45833333333333,62.55106063350009,19.77678640908815,0.5522953444518248,1.5334634290809266
108,5,12,19.885661549204613,72.5,65.11433845079539,20.50771493894485,0.3572674006445568,1.4198218652421066
109,5,13,20.59052730936127,73.54166666666667,64.40947269063872,20.9750427416886,0.3895469136695247,1.4345121404457644
110,5,14,18.99752423776961,74.58333333333333,66.00247576223039,19.82457103211183,0.2333118228021145,1.4780034936009607
111,5,15,23.20476126544457,75.625,61.79523873455543,20.93093760419181,0.2980487770153847,1.591039048240743
112,5,16,21.843628310241108,76.66666666666667,63.15637168975889,21.348637937818427,0.1525068798809778,1.468234752087754
113,5,17,19.641150621192427,77.70833333333334,65.35884937880758,21.56318006562603,0.1926852968643891,1.4303966096779548
114,5,18,19.4439128142192,78.75,65.5560871857808,20.30956391521758,-0.1475236080184384,1.4805899768421087
115,5,19,18.597810234391904,79.79166666666667,66.4021897656081,19.22762455660117,-0.4423883731318078,1.6623498452792655
116,5,20,20.04208685920392,80.83333333333334,64.95791314079608,19.361269969271675,-0.7356589733064031,1.5702155686209
117,5,21,19.6696627471408,81.875,65.3303372528592,19.43651994691221,-0.3003749051798375,0.9846565574433034
118,5,22,19.49432331926773,82.91666666666667,65.50567668073228,19.735357641870817,0.0396397118272407,0.4392486012855599
119,5,23,20.19126241719076,83.95833333333334,64.80873758280924,19.78508282786643,0.1729675187834899,0.5140497703765423
120,5,24,21.45419354956337,85.0,63.54580645043663,20.379926428673954,0.415831537769854,0.8595988735862888
121,6,1,11.40886916877232,25.83333333333333,33.59113083122768,11.40886916877232,0.0,0.0
122,6,2,8.49254380537345,26.666666666666668,36.50745619462655,9.950706487072884,-2.9163253633988715,1.4581626816994353
123,6,3,7.419040334908246,27.5,37.58095966509176,9.106817769684673,-1.9949144169320367,1.6857605421700632
124,6,4,7.725266571779418,28.33333333333333,37.274733428220586,7.878950237353703,-1.212431126144392,1.5777261011450625
125,6,5,8.672217320694434,29.166666666666668,36.32778267930557,7.938841409127366,-0.624058092974981,1.4116122497629604
126,6,6,9.43567084996534,30.0,35.56432915003466,8.611051580813063,-0.2577355660343076,1.3141787839227543
127,6,7,10.005642316496264,30.833333333333336,34.994357683503736,9.371176829052011,0.4160667099914392,0.8987948860760885
128,6,8,8.51352889523082,31.666666666666668,36.48647110476918,9.318280687230809,0.3736292447152665,0.8983131028912554
129,6,9,9.18962769346108,32.5,35.81037230653892,9.236266301729389,0.2118774799585256,0.7269980984075267
130,6,10,9.28791196534056,33.333333333333336,35.712088034659445,8.997022851344152,0.0242351523557834,0.4934093354429378
131,6,11,10.750452122641446,34.16666666666667,34.24954787735855,9.742663927147696,0.1456232602326775,0.6990838144097713
132,6,12,10.528036640446254,35.0,34.47196335955375,10.18880024280942,0.2691721592531806,0.7873562503802949
133,6,13,11.146223064762324,35.833333333333336,33.85377693523768,10.808237275950008,0.5326067955975421,0.9550141324273504
134,6,14,11.383653045843316,36.66666666666667,33.61634695415668,11.01930425035063,0.4663612736566094,0.8527605698089803
135,6,15,11.380686576106294,37.5,33.61931342389371,11.303520895570644,0.3709046356500108,0.7237812017404098
136,6,16,10.80384334562804,38.333333333333336,34.19615665437196,11.189394322525883,0.0874953115141171,0.3258286074001749
137,6,17,10.63396425106366,39.16666666666667,34.36603574893634,10.939498057599332,-0.0142990735443658,0.3430637098388933
138,6,18,10.183937186459827,40.0,34.81606281354017,10.540581594383845,-0.2182096858951338,0.4311718878475613
139,6,19,10.746773090039907,40.833333333333336,34.25322690996009,10.521558175854466,-0.1984150583577378,0.422163322986174
140,6,20,11.859368823361653,41.66666666666667,33.14063117663835,10.930026366620462,0.0506335258545313,0.5416707511803315
141,6,21,11.42778946706648,42.5,33.57221053293352,11.344643793489348,0.2102508636476085,0.5483765086508466
142,6,22,12.494423028205617,43.333333333333336,32.50557697179438,11.927193772877915,0.4041841845957578,0.7870637284409294
143,6,23,13.341308294816823,44.16666666666667,31.658691705183173,12.421173596696308,0.5885207428567701,1.0510323253495828
144,6,24,13.990836779868337,45.0,31.009163220131665,13.275522700963592,0.6209362978470516,1.1066362805870134
145,7,1,7.957313653265781,16.041666666666668,32.04268634673422,7.957313653265781,0.0,0.0
146,7,2,5.831733607683408,17.083333333333332,34.16826639231659,6.894523630474595,-2.1255800455823737,1.0627900227911864
147,7,3,5.312425084896949,18.125,34.68757491510305,6.36715744861538,-1.3224442841844155,1.1442225604752456
148,7,4,5.400473148159028,19.166666666666668,34.59952685184097,5.514877280246462,-0.8189830038106726,1.07570845333008
149,7,5,5.259822532075564,20.208333333333336,34.74017746792444,5.324240255043847,-0.5826242701904815,1.022555017135482
150,7,6,6.093907625296322,21.25,33.906092374703675,5.584734435176972,-0.312706151525964,0.9349502451864704
151,7,7,6.2315245159949,22.291666666666668,33.7684754840051,5.861751557788928,0.1200786156192036,0.3846866274439908
152,7,8,5.986820320135792,23.333333333333336,34.01317967986421,6.104084153809005,0.191406153512074,0.3984199771737882
153,7,9,6.25304111527695,24.375,33.74695888472305,6.157128650469214,0.1880414311562538,0.394539580576864
154,7,10,7.657583322169519,25.416666666666668,32.34241667783048,6.632481585860753,0.3491857207015019,0.7136375488897464
155,7,11,7.147270348933403,26.458333333333336,32.8527296510666,7.019298262126624,0.2803203094814412,0.6187966007237555
156,7,12,7.90185157543477,27.5,32.09814842456523,7.568901748845897,0.3782150740138504,0.7449705632784877
157,7,13,7.928576924988362,28.541666666666668,32.07142307501164,7.659232949785512,0.4041400409000054,0.7731462059555696
158,7,14,7.294526655924145,29.583333333333336,32.705473344075855,7.708318385449092,0.1935711353769683,0.5744925730268498
159,7,15,7.905758289237953,30.625,32.09424171076205,7.709620623383486,0.0488391173105143,0.3122260388836995
160,7,16,8.204592495865377,31.666666666666668,31.795407504134623,7.801625813675824,0.1332651602001491,0.3773381652897942
161,7,17,9.51865351125247,32.708333333333336,30.48134648874753,8.543001432118599,0.2720939435723817,0.680040759647069
162,7,18,9.337436992581708,33.75,30.66256300741829,9.020227666566518,0.4004432888736904,0.800995411046833
163,7,19,9.443091113195935,34.79166666666667,30.556908886804067,9.433060539010038,0.4671976974793519,0.8601661469062064
164,7,20,9.817139407484555,35.833333333333336,30.182860592515443,9.532555837754066,0.374033854987256,0.7151207825971002
165,7,21,9.42911682752952,36.875,30.57088317247048,9.563115782736672,0.2035352419323209,0.5088044342852152
166,7,22,11.780973519385336,37.91666666666667,28.219026480614662,10.342409918133136,0.3417339382798973,0.8598860084786137
167,7,23,10.549875540592732,38.958333333333336,29.450124459407267,10.586655295835865,0.3625090679619518,0.8719131918986945
168,7,24,12.454144696518773,40.0,27.545855303481225,11.594997918832282,0.5601523716512729,1.1658121676045523
169,8,1,1.3929866665907489,2.5625,2.607013333409251,1.3929866665907489,0.0,0.0
170,8,2,1.0442496460977904,2.625,2.95575035390221,1.2186181563442695,-0.3487370204929587,0.1743685102464792
171,8,3,0.9984016723064932,2.6875,3.001598327693507,1.145212661665011,-0.197292497142128,0.1761996543940928
172,8,4,1.050939508046674,2.75,2.9490604919533263,1.031196942150319,-0.1071989449423524,0.1579592710524244
173,8,5,1.0187056083273591,2.8125,2.981294391672641,1.0226822628935086,-0.0741872254577897,0.147160889305827
174,8,6,1.0197049695836875,2.875,2.9802950304163125,1.029783361985907,-0.0540143646458976,0.1377175325307099
175,8,7,1.152915343313479,2.9375,2.847084656686521,1.063775307074842,0.0164286993768774,0.0502445933356238
176,8,8,1.0572526335875658,3.0,2.9427473664124344,1.0766243154949109,0.0171766192417744,0.0503385956088232
177,8,9,0.970984736113333,3.0625,3.029015263886667,1.0603842376714592,-0.0043120688616082,0.055738342367224
178,8,10,1.1412559072567647,3.125,2.858744092743235,1.056497758985888,0.0105979452717159,0.0664528067208269
179,8,11,1.2372294601903795,3.1875,2.7627705398096207,1.116490034520159,0.0276107499254024,0.0896125525829895
180,8,12,1.2134581799789708,3.25,2.786541820021029,1.1973145158087048,0.028940452407981,0.0909993802277829
181,8,13,1.3201558823257027,3.3125,2.679844117674297,1.2569478408316843,0.0610831465206062,0.1162201683791465
182,8,14,1.2411731918517783,3.375,2.758826808148221,1.2582624180521509,0.0532534549625038,0.1100322109261497
183,8,15,1.201446827209068,3.4375,2.798553172790932,1.2542586337955164,0.01198524277407,0.0534837984817123
184,8,16,1.0727560457819072,3.5,2.927243954218093,1.1717920216142512,-0.0267823948807425,0.073772138770967
185,8,17,1.317668485692698,3.5625,2.682331514307302,1.1972904528945578,-0.0074535527344416,0.0833902451396315
186,8,18,1.4130689584207283,3.625,2.5869310415792715,1.2678311632984445,0.016153156587735,0.1074020179161767
187,8,19,1.2809995099169968,3.6875,2.719000490083003,1.3372456513434745,0.0308260121106248,0.104769351362679
188,8,20,1.3627697945501338,3.75,2.637230205449866,1.35227942096262,0.0436213057668181,0.111755370219917
189,8,21,1.23986350039373,3.8125,2.7601364996062703,1.2945442682869537,0.0239649071750769,0.108420963199984
190,8,22,1.4290565831919768,3.875,2.5709434168080234,1.3438966260452805,0.003402697087101,0.0680609126158496
191,8,23,1.2035735778042993,3.9375,2.796426422195701,1.2908312204633354,-0.0207489136403888,0.0855062562339923
192,8,24,1.1649482203566175,4.0,2.8350517796433823,1.2658594604509643,-0.0248186290068899,0.0910661911440066
193,9,1,46383.14819041536,106250.0,203616.85180958465,46383.14819041536,0.0,0.0
194,9,2,37193.11928619183,112500.0,212806.88071380815,41788.13373830359,-9190.02890422352,4595.014452111762
195,9,3,38152.35555261691,118750.0,211847.6444473831,40576.207676408034,-4115.396318899222,4124.758752833997
196,9,4,33430.8544298094,125000.0,216569.1455701906,36258.77642287271,-3789.764501539286,4725.805726837759
197,9,5,35717.806273667346,131250.0,214282.19372633265,35767.00541869789,-2509.294868987848,4401.886331557535
198,9,6,42718.02365507883,137500.0,207281.9763449212,37288.8947861852,-784.9446524875268,4360.40476227502
199,9,7,40378.912189376526,143750.0,209621.08781062343,39604.91403937424,911.7977333476362,3018.0255169662737
200,9,8,45918.74944620724,150000.0,204081.25055379275,43005.22843022087,1905.0388608018468,4187.408787013287
201,9,9,47037.2223463524,156250.0,202962.7776536476,44444.96132731205,2751.3016467037846,4984.422258305306
202,9,10,48131.53684176824,162500.0,201868.46315823172,47029.16954477596,2301.88817631874,4292.004143607168
203,9,11,50037.81852318168,168750.0,199962.18147681837,48402.192570434105,1742.1520342238457,3260.141399793715
204,9,12,55425.26991391823,175000.0,194574.73008608175,51198.20842628938,2533.8088671156493,4517.616848273844
205,9,13,57839.48025971199,181250.0,192160.519740288,54434.18956560397,2476.4022414752785,4408.44108641847
206,9,14,47985.96575267267,187500.0,202014.03424732733,53750.238642100965,1121.571390747691,4087.960664825505
207,9,15,51057.00668656537,193750.0,198942.99331343465,52294.15089965001,311.0286073786402,3680.179474524824
208,9,16,50815.63629432698,200000.0,199184.36370567305,49952.86957785501,-544.8347238106074,3363.080492126729
209,9,17,54950.78569170387,206250.0,195049.21430829613,52274.47622419874,-582.0832020952537,3336.5241186404305
210,9,18,64170.025253919564,212500.0,185829.97474608044,56645.48241331681,1494.4518398826622,5365.33067322552
211,9,19,67526.26909983219,218750.0,182473.7309001678,62215.69334848521,4033.592052435348,7259.45334641497
212,9,20,63819.75748863609,225000.0,186180.2425113639,65172.01728079595,3518.9969139738578,6691.636851780966
213,9,21,62320.044608306605,231250.0,187679.9553916934,64555.357065591634,2499.577165903072,5797.859807233016
214,9,22,61212.98167083181,237500.0,188787.0183291682,62450.92792259151,630.1293242172844,3836.379586088028
215,9,23,64841.25383345821,243750.0,185158.7461665418,62791.42670419888,-488.0980648467817,1991.2891343073136
216,9,24,64341.516914762506,250000.0,185658.4830852375,63465.25080635084,-399.0381379530472,1995.01408521892
217,10,1,106.23546551504894,212.5,393.7645344849511,106.23546551504894,0.0,0.0
218,10,2,82.70375483673395,225.0,417.29624516326606,94.46961017589145,-23.531710678314987,11.765855339157495
219,10,3,79.93345134793363,237.5,420.0665486520664,89.62422389990552,-13.151007083557657,11.800244527198569
220,10,4,77.34557905311382,250.0,422.65442094688615,79.99426174592713,-8.943996287460587,11.519669615057024
221,10,5,74.10838267396025,262.5,425.89161732603975,77.12913769166924,-6.9612341465797565,11.443225679133592
222,10,6,82.88175536400831,275.0,417.1182446359917,78.11190569702747,-4.146929701095532,10.455496459426763
223,10,7,88.92684012642138,287.5,411.0731598735786,81.97232605479665,1.049232631928794,4.677314248472054
224,10,8,93.09702689943305,300.0,406.90297310056695,88.30187412995424,3.123858104784795,6.545262945037441
225,10,9,87.2752792214348,312.5,412.7247207785652,89.76638208242974,3.2188433794410445,6.5968523775968855
226,10,10,102.21304075930291,325.0,397.78695924069706,94.1951156267236,4.51068710777156,8.645864798444585
227,10,11,88.5574688634489,337.5,411.4425311365511,92.68192961472889,1.7832977633671263,6.036337378815012
228,10,12,94.51197795330388,350.0,405.4880220466961,95.0941625253519,0.8355650446950903,5.071607502299403
229,10,13,97.8535828546341,362.5,402.1464171453659,93.64100989046229,0.9096372593073948,5.134594330443516
230,10,14,85.9234441132708,375.0,414.0765558867292,92.76300164040292,-0.3966582904277496,5.956053867468538
231,10,15,101.80181972170294,387.5,398.19818027829706,95.19294889653597,-0.189044986777245,6.197314390197804
232,10,16,108.11802201488042,400.0,391.8819779851196,98.61442861661806,3.0783472091711888,7.560731045532515
233,10,17,119.71901658111422,412.5,380.2809834188858,109.87961943923251,4.934482463663512,10.648851265067762
234,10,18,113.94759976841384,425.0,386.05240023158615,113.92821278813616,5.3763715504459055,11.033941094391066
235,10,19,134.18693974042984,437.5,365.8130602595702,122.61785202998595,8.267308938347481,14.96220601066497
236,10,20,115.46000448039302,450.0,384.539995519607,121.19818132974557,4.020750290211387,10.095692368239916
237,10,21,130.17485325837993,462.5,369.8251467416201,126.60726582640092,3.364184568210008,9.154873496396355
238,10,22,132.02086623383158,475.0,367.9791337661684,125.8852413242015,2.6132592420985303,8.14622906337474
239,10,23,145.19459206519457,487.5,354.80540793480543,135.79677051913538,4.698616849774172,10.8632876985904
240,10,24,134.79550457726717,500.0,365.20449542273286,137.3369876254311,2.688359997544092,8.790081506419789
241,11,1,27.25823896290256,54.16666666666666,122.74176103709743,27.25823896290256,0.0,0.0
242,11,2,18.73932729826471,58.333333333333336,131.2606727017353,22.998783130583632,-8.518911664637853,4.259455832318926
243,11,3,20.217577100101195,62.5,129.7824228998988,22.071714453756154,-3.520330931400683,3.716748846518031
244,11,4,20.22019442970926,66.66666666666667,129.77980557029073,19.72569960935839,-1.9635883797743463,3.317143378114078
245,11,5,21.96120665106785,70.83333333333334,128.03879334893216,20.7996593936261,-0.9113197492224876,2.970289336061533
246,11,6,21.748000530585603,75.0,128.2519994694144,21.309800537120903,-0.5109410506733489,2.7116116307985467
247,11,7,21.767983442174028,79.16666666666667,128.23201655782597,21.82573020794249,0.6135875209245277,1.1620615416986653
248,11,8,23.233498210529326,83.33333333333334,126.76650178947068,22.24982739442965,0.5574218991157925,1.0511806368707313
249,11,9,25.885957340048275,87.5,124.11404265995172,23.62914633091721,0.9190192040476574,1.760033080191303
250,11,10,27.76195584262807,91.66666666666669,122.23804415737192,25.627137131068555,1.2252323187012686,2.311482874146951
251,11,11,26.867456693229418,95.83333333333334,123.1325433067706,26.83845662530192,1.3209044898314335,2.4081748308079267
252,11,12,26.952059997083687,100.0,123.0479400029163,27.19382417764706,1.105664477863667,2.17032225462906
253,11,13,30.822677583542,104.16666666666669,119.177322416458,28.2140647579517,1.149991591050601,2.2584326461833664
254,11,14,28.30351865225577,108.33333333333334,121.69648134774422,28.69275207762715,0.6101307167895302,1.5618716535491022
255,11,15,24.42407042912581,112.5,125.5759295708742,27.850088888307862,-0.2431606743992532,1.9110751285971008
256,11,16,26.72704419750967,116.66666666666669,123.27295580249032,26.484877759630415,-0.3087197175359559,1.9282560262420931
257,11,17,31.685592249109543,120.83333333333334,118.31440775089044,27.612235625248346,0.2143232251114981,2.483598307291748
258,11,18,35.55107629030721,125.0,114.4489237096928,31.321237578975477,1.0311768026506076,3.6051744550817113
259,11,19,32.48053074914384,129.16666666666669,117.51946925085616,33.2390664295202,1.692132174845271,3.750014911528352
260,11,20,34.599815972303816,133.33333333333334,115.40018402769618,34.21047433725162,2.0572763260568654,4.037054038134076
261,11,21,34.13638660291937,137.5,115.86361339708064,33.738911108122345,1.2205382187276557,2.8977372119793103
262,11,22,32.75394358946288,141.66666666666669,117.24605641053712,33.83004872156202,0.0919135103646637,1.3355601123026168
263,11,23,39.54163439543744,145.83333333333334,110.45836560456256,35.47732152927323,0.5802742764921092,2.3481336911501134
264,11,24,39.87396355624993,150.0,110.12603644375008,37.38984718038342,1.4402907511849972,3.0212936213822954
265,12,1,25.70117077988378,56.04166666666666,54.29882922011622,25.70117077988378,0.0,0.0
266,12,2,21.232143109053997,57.083333333333336,58.76785689094601,23.466656944468888,-4.469027670829789,2.234513835414893
267,12,3,19.0038122993867,58.125,60.996187700613305,21.979042062774823,-3.348679240248541,2.784725742255838
268,12,4,16.58109055215639,59.16666666666666,63.41890944784361,18.939015320199022,-2.9588571492849494,3.3584781807385564
269,12,5,16.8608327516858,60.208333333333336,63.1391672483142,17.481911867742962,-2.233172861329359,3.3609555711508663
270,12,6,17.920034222097392,61.25,62.07996577790261,17.120652508646526,-1.5554953030933367,3.1535075842369458
271,12,7,19.200724259417957,62.29166666666666,60.79927574058205,17.993863744400382,-0.3751053223005323,1.5762895514284696
272,12,8,17.500124530062486,63.333333333333336,62.49987546993752,18.20696100385928,0.0399903927307199,0.9892298179568516
273,12,9,17.83509414277669,64.375,62.16490585722331,18.17864764408571,0.2705309521586341,0.8465359144627961
274,12,10,19.96414236991876,65.41666666666667,60.03585763008124,18.43312034758598,0.3874608035384931,1.0493876664282111
275,12,11,17.779709555853227,66.45833333333333,62.22029044414677,18.52631535618289,0.0549600175141679,0.8967575386524121
276,12,12,19.00230996134363,67.5,60.99769003865637,18.915387295705205,0.0564494804040786,0.8976309456770795
277,12,13,18.28822119985191,68.54166666666667,61.71177880014809,18.35674690568292,0.1502199425880709,0.8500307698604389
278,12,14,20.889559317275868,69.58333333333333,59.11044068272413,19.39336349282381,0.3276332219367371,1.1433194736207113
279,12,15,18.0841826946496,70.625,61.9158173053504,19.087321070592463,-0.0224096529591276,1.105626400223079
280,12,16,20.3114653471254,71.66666666666667,59.688534652874594,19.76173578635029,0.357306722105794,1.1621662996938442
281,12,17,19.725183733277294,72.70833333333334,60.2748162667227,19.373610591684105,0.1965349908246448,1.0230061160460393
282,12,18,22.41029013698976,73.75,57.58970986301024,20.815646405797484,0.5527000167476964,1.4921890300548972
283,12,19,21.611133212758112,74.79166666666667,58.38886678724189,21.248869027675056,0.4571402911595321,1.384886999474042
284,12,20,19.588555299937312,75.83333333333334,60.41144470006269,21.203326216561727,0.4030278007728329,1.4093817784324294
285,12,21,20.97920940174453,76.875,59.02079059825547,20.72629930481332,0.0608479442526885,1.0115603745868478
286,12,22,23.817074324430013,77.91666666666667,56.18292567556999,21.46161300870395,0.4041037953487752,1.4809286299354676
287,12,23,23.341213906444,78.95833333333334,56.658786093556,22.71249921087285,0.3618027509741188,1.4298379958943943
288,12,24,24.0572470327982,80.0,55.9427529672018,23.738511754557404,0.7521831383544575,1.6338656401866691
289,13,1,111.5651885386077,243.75,-11.5651885386077,111.5651885386077,0.0,0.0
290,13,2,74.62676861877323,237.5,25.373231381226773,93.09597857869046,-36.93841991983447,18.46920995991724
291,13,3,76.26325681227935,231.25,23.73674318772065,87.4850713232201,-17.650965863164163,17.040316061857073
292,13,4,73.92790171894647,225.0,26.072098281053528,74.93930904999968,-11.127537226547767,15.882102743522603
293,13,5,64.40106227038628,218.75,35.59893772961372,71.53074026720402,-9.502711943626966,16.243584834745644
294,13,6,54.85583342704039,212.5,45.14416657295961,64.39493247212438,-9.044549991323713,17.57233068176348
295,13,7,61.985895875193904,206.25,38.014104124806096,60.41426385754019,-3.9129563806335295,7.837937743081013
296,13,8,60.379072532687054,200.0,39.62092746731295,59.07360061164045,-3.5654905077875667,7.524639276769432
297,13,9,57.68883322626712,193.75,42.311166773732886,60.01793387804936,-2.4608928350954478,6.055811688813455
298,13,10,56.17140697707166,187.5,43.82859302292834,58.079770912008605,-0.9787457260399832,3.3295894824175427
299,13,11,56.17282036100286,181.25,43.82717963899714,56.67768685478055,-0.3871077523135482,2.520565784150941
300,13,12,55.24149679066326,175.0,44.75850320933674,55.8619080429126,-1.367376519625744,2.446568947574028
301,13,13,48.36193197934529,168.75,51.63806802065471,53.258749710337135,-1.9264656768453965,3.659388812761257
302,13,14,48.882753212693686,162.5,51.11724678730632,50.82872732756741,-1.954004246611022,3.7012058098757663
303,13,15,45.82841447749622,156.25,54.17158552250378,47.6910332231784,-2.2989922501177844,4.204398677329023
304,13,16,47.96916271868704,150.0,52.03083728131296,47.56011013629232,-1.963906111935192,3.873610195968861
305,13,17,39.00019985996947,143.75,60.99980014003053,44.26592568538424,-2.4411180334468847,4.7929319695934245
306,13,18,42.46978700396258,137.5,57.53021299603742,43.14638319420636,-1.6276467626827162,3.587669556561352
307,13,19,34.8252282448873,131.25,65.1747717551127,38.765071702939785,-2.552356289095723,5.004116594189416
308,13,20,32.89792177671279,125.0,67.10207822328721,36.73097900852089,-2.8747051366092307,5.481855939938801
309,13,21,33.93102565216702,118.75,66.06897434783298,33.88472522458904,-2.7469165240412954,5.345336818391255
310,13,22,32.696770121323055,112.5,67.30322987867694,33.175239183400954,-1.6874496919083743,3.5835029267079825
311,13,23,27.970911212970314,106.25,72.02908878702968,31.53290232882013,-2.2241899842914203,4.312414194273399
312,13,24,28.341383291044306,100.0,71.65861670895569,29.66968820844589,-1.3838431997510356,2.65592853875778
313,14,1,1.8510900692189929,3.4166666666666665,-0.3510900692189929,1.8510900692189929,0.0,0.0
314,14,2,1.3542449489311923,3.333333333333333,0.1457550510688077,1.6026675090750926,-0.4968451202878006,0.2484225601439003
315,14,3,1.2301473478805975,3.25,0.2698526521194024,1.478494122010261,-0.3104713606691975,0.2682919536051566
316,14,4,1.2933982489361726,3.1666666666666665,0.2066017510638274,1.2925968485826542,-0.1797173061899059,0.2457829727521868
317,14,5,1.1666487183738556,3.083333333333333,0.3333512816261443,1.2300647717302085,-0.1429729401685294,0.2441555359217951
318,14,6,1.0944283982718306,3.0,0.4055716017281694,1.1848251218606196,-0.1223670327243496,0.2468447598469584
319,14,7,1.108714587748599,2.916666666666667,0.3912854122514009,1.1232639014647618,-0.0503302338657593,0.0945488870362215
320,14,8,1.0254438699576085,2.833333333333333,0.4745561300423915,1.076195618659346,-0.047136819807991,0.0889868566854502
321,14,9,1.1820240173218506,2.75,0.3179759826781494,1.105394158342686,-0.0276057003955308,0.0836950808010941
322,14,10,0.9537655862911318,2.666666666666667,0.5462344137088682,1.053744491190197,-0.0252828434587013,0.0789801421573272
323,14,11,1.0513593859308905,2.583333333333333,0.4486406140691095,1.0623829965146243,-0.014960340534653,0.0712800533679586
324,14,12,0.9985027258315112,2.5,0.5014972741684889,1.0012092326845112,-0.0200448912198945,0.0745321182289255
325,14,13,0.9680266968316862,2.416666666666667,0.5319733031683138,1.0059629361980291,-0.0211444554417391,0.0755343294492136
326,14,14,1.0692813897416702,2.333333333333333,0.4307186102583298,1.0119369374682892,-0.016393899039389,0.0768628827255773
327,14,15,1.121296177249214,2.25,0.3787038227507859,1.0528680879408567,0.0245983696349407,0.0590565832491901
328,14,16,1.1449698559470392,2.166666666666667,0.3550301440529608,1.111849140979308,0.026791068492681,0.0624122382342914
329,14,17,0.8939839629419586,2.083333333333333,0.6060160370580414,1.053416665379404,0.0017214414401669,0.087926320162845
330,14,18,0.8055553105590331,2.0,0.6944446894409669,0.9481697098160105,-0.037559300944702,0.1228805291449232
331,14,19,0.8012895499150626,1.9166666666666667,0.6987104500849374,0.8336096078053514,-0.0725190769202474,0.1441068995139588
332,14,20,0.8198595094494531,1.8333333333333333,0.6801404905505469,0.8089014566411828,-0.0750472259850758,0.1462185288855389
333,14,21,0.6776763701478228,1.75,0.8223236298521772,0.7662751431707795,-0.0732316157176447,0.1435158209570293
334,14,22,0.733108570855581,1.6666666666666667,0.766891429144419,0.7435481501509523,-0.0334126806323179,0.0682089821810639
335,14,23,0.7088258540983081,1.5833333333333337,0.7911741459016919,0.7065369317005706,-0.0237249531081056,0.0539307949671023
336,14,24,0.7079200944141555,1.5,0.7920799055858445,0.7166181731226816,-0.0212718869385774,0.0517269555909322
337,15,1,27.60785606545014,61.04166666666666,57.39214393454986,27.60785606545014,0.0,0.0
338,15,2,19.328588780897626,62.083333333333336,65.67141121910237,23.468222423173884,-8.279267284552523,4.139633642276257
339,15,3,17.529794933158456,63.125,67.47020506684154,21.48874659316874,-5.039030566145842,4.388738647720172
340,15,4,17.458621770729234,64.16666666666667,67.54137822927076,18.10566849492844,-3.22464967319019,4.182239541122386
341,15,5,20.11317931018085,65.20833333333333,64.88682068981915,18.36719867135618,-1.685932052070696,3.7436044331823246
342,15,6,18.12196107734833,66.25,66.87803892265167,18.564587386086146,-1.2899107575739577,3.521987040848697
343,15,7,17.263968120470768,67.29166666666667,67.73603187952924,18.499702835999983,-0.1683442094318009,1.0607987475892482
344,15,8,17.142094866501754,68.33333333333333,67.85790513349825,17.509341354773614,-0.128962271911183,1.0205770501224734
345,15,9,18.227128756126906,69.375,66.7728712438731,17.54439724769981,-0.1693917531693284,1.0070589878880227
346,15,10,18.14246450422537,70.41666666666667,66.85753549577463,17.83722937561801,-0.2759984070688763,0.9712315275905824
347,15,11,18.857220562058256,71.45833333333333,66.14277943794174,18.40893794080351,0.2113377275553884,0.590100547745367
348,15,12,21.746010510563337,72.5,63.25398948943666,19.581898525615653,0.7848835652923117,1.5391684083932011
349,15,13,20.69838255430526,73.54166666666667,64.30161744569475,20.43387120897562,0.8300811360045651,1.5874365222762854
350,15,14,21.380331622421988,74.58333333333333,63.61966837757801,21.274908229096862,0.7520730980062927,1.4827413702205456
351,15,15,19.856710586476645,75.625,65.14328941352335,20.64514158773463,0.4312267324597006,1.3000769388310291
352,15,16,19.05677844262821,76.66666666666667,65.94322155737179,20.097940217175616,-0.1139474657512442,1.0979917121452063
353,15,17,21.106594065634013,77.70833333333334,63.89340593436599,20.00669436491296,-0.2755861598749444,0.9230924166418196
354,15,18,21.17594401091194,78.75,63.82405598908806,20.446438839724724,0.0219046419663175,0.8289878709217595
355,15,19,21.934881247961943,79.79166666666667,63.06511875203806,21.405806441502637,0.2508646864003286,0.9810532874211186
356,15,20,24.868036646174108,80.83333333333334,60.131963353825896,22.659620635016,0.9645796759933284,1.8391703844919876
357,15,21,21.162502552995964,81.875,63.83749744700404,22.655140149044005,0.6449110151574015,1.7253179287578877
358,15,22,22.273438435935805,82.91666666666667,62.7265615640642,22.76799254503529,0.2493443678849485,1.318962882519176
359,15,23,24.60341227814072,83.95833333333334,60.39658772185928,22.679784422357496,0.4127851087682088,1.5150280585520035
360,15,24,26.168162807299893,85.0,58.83183719270011,24.348337840458807,0.6138134450151286,1.8085934606594207
361,16,1,15.660209228367576,31.45833333333333,49.33979077163242,15.660209228367576,0.0,0.0
362,16,2,11.435451606250524,32.916666666666664,53.56454839374948,13.54783041730905,-4.224757622117053,2.1123788110585258
363,16,3,9.986161641202372,34.375,55.01383835879763,12.360607491940158,-2.837023793582601,2.4070229281519038
364,16,4,11.143626182500796,35.833333333333336,53.8563738174992,10.855079809984565,-1.49990391026485,2.150119808324088
365,16,5,11.988589321139957,37.29166666666666,53.011410678860045,11.03945904828104,-0.7635065238204991,1.9233166815289071
366,16,6,11.951047361368072,38.75,53.04895263863193,11.69442095500294,-0.4493980471151651,1.7560728868907456
367,16,7,12.773632818761644,40.20833333333333,52.22636718123836,12.237756500423224,0.3837293246197676,0.8635441797868365
368,16,8,12.49409526976789,41.66666666666666,52.50590473023211,12.406258483299204,0.4969184597668079,0.9285510133858916
369,16,9,13.607307554133104,43.125,51.3926924458669,12.95834521422088,0.4187860046125412,0.7662487215475963
370,16,10,13.43472369236619,44.58333333333333,51.56527630763381,13.178708838755728,0.340568996726645,0.6425824200910425
371,16,11,14.634374804254588,46.04166666666666,50.36562519574541,13.892135350251294,0.4718034891317563,0.866305678330722
372,16,12,13.54718292142542,47.5,51.45281707857458,13.8720938060154,0.2890287215717734,0.6832685601345498
373,16,13,12.319711228953937,48.95833333333333,52.68028877104607,13.50042298487798,0.0042102002770173,0.769772657084331
374,16,14,14.89958567069137,50.41666666666666,50.10041432930864,13.588826607023575,0.0579760374207251,0.8475202414748705
375,16,15,15.156587359084131,51.875,49.843412640915865,14.125294752909811,0.2336422640122462,0.9914064778272662
376,16,16,13.597894507444591,53.33333333333333,51.40210549255541,14.551355845740032,0.063591036304675,0.9777065857850524
377,16,17,16.633111635477334,54.79166666666666,48.366888364522666,15.12919783400202,0.5577484312606951,1.384256083246096
378,16,18,16.043581894932473,56.25,48.95641810506753,15.4248626792848,0.6360353820746023,1.4512655183581904
379,16,19,16.161170878350145,57.70833333333333,48.83882912164985,16.279288136253317,0.3429750506820482,1.005815001849047
380,16,20,18.67239199888389,59.16666666666666,46.32760800111611,16.959048257388837,0.7051235020334456,1.529714537286961
381,16,21,18.036047739614897,60.625,46.9639522603851,17.623203538949642,0.8121770352711115,1.62472160543065
382,16,22,18.456402455986908,62.08333333333333,46.543597544013096,18.38828073149523,0.5030020787751116,1.0859636810813862
383,16,23,17.33245907361145,63.54166666666666,47.66754092638856,17.941636423071085,0.3626781819153219,1.0411089930717556
384,16,24,15.970223028809803,65.0,49.0297769711902,17.253028186136053,-0.1301195230613435,1.0578538744217625
385,17,1,33.08705379396255,61.04166666666666,51.91294620603745,33.08705379396255,0.0,0.0
386,17,2,23.713075909686168,62.083333333333336,61.28692409031383,28.40006485182436,-9.373977884276387,4.686988942138193
387,17,3,18.707972012689517,63.125,66.29202798731049,25.16936723877941,-7.189540890636524,5.95987061070561
388,17,4,21.443972947359978,64.16666666666667,63.55602705264002,21.288340289911886,-3.9934346436804415,5.407612575318307
389,17,5,22.001720051998973,65.20833333333333,62.99827994800103,20.71788833734949,-2.443977044625336,4.918738054653432
390,17,6,23.155373193557697,66.25,61.84462680644231,22.200355397638884,-1.4873277040118678,4.496412448839175
391,17,7,21.030096486782263,67.29166666666667,63.96990351321773,22.06239657744631,0.0138586723635469,1.6188747378792212
392,17,8,22.617813091676155,68.33333333333333,62.382186908323845,22.267760924005373,0.5560351187073955,1.4294841282310735
393,17,9,22.888984289685744,69.375,62.111015710314256,22.178964622714727,0.1985159749681432,0.7682154265984652
394,17,10,21.362585642616743,70.41666666666667,63.63741435738326,22.28979434132621,-0.0687749186752311,0.7818598000469528
395,17,11,19.9403786545404,71.45833333333333,65.0596213454596,21.39731619561429,-0.4230381151306704,1.1494682300137806
396,17,12,21.832121134588995,72.5,63.167878865411005,21.04502847724871,-0.1585308205555031,0.9904493347527424
397,17,13,24.71587264965003,73.54166666666667,60.28412735034997,22.162790812926477,0.1685000381857971,1.4672662115319273
398,17,14,26.08548093317737,74.58333333333333,58.91451906682264,24.2111582391388,0.79811676338876,2.0677341553829067
399,17,15,26.935832643346117,75.625,58.06416735665388,25.912395408724507,1.4052940958462523,2.581554731446712
400,17,16,26.4610012092029,76.66666666666667,58.538998790797095,26.494104928575464,1.4081101595174648,2.584256851766092
401,17,17,26.40993331968241,77.70833333333334,58.59006668031759,26.60225572407714,0.8278513804084133,1.7403004923662668
402,17,18,23.67182125214308,78.75,61.32817874785693,25.514251927009465,-0.1349066074903652,1.1430920482926588
403,17,19,23.949247803717192,79.79166666666667,61.05075219628281,24.67700079184756,-0.5864076488694395,1.281864490382378
404,17,20,27.099518022600297,80.83333333333334,57.90048197739971,24.90686235948685,-0.2701412967921573,1.3982038077805974
405,17,21,24.50781976466121,81.875,60.49218023533879,25.185528530326238,-0.2119921874965896,1.3482243719100244
406,17,22,23.45969260857977,82.91666666666667,61.54030739142023,25.02234346528043,-0.2597982228307333,1.399001089347031
407,17,23,23.365476098336504,83.95833333333334,61.6345239016635,23.777662823859163,-0.1597739889252605,1.288853530004498
408,17,24,24.76519172100574,85.0,60.234808278994265,23.863453475974,-0.2334438097837163,1.2581067009479605
409,18,1,35.89311844568102,75.83333333333333,59.10688155431898,35.89311844568102,0.0,0.0
410,18,2,26.86087832016354,76.66666666666667,68.13912167983646,31.37699838292228,-9.032240125517486,4.51612006275874
411,18,3,22.773154477902366,77.5,72.22684552209763,28.50905041458231,-6.559981983889327,5.4815275893110975
412,18,4,23.43817678473988,78.33333333333333,71.56182321526012,24.3574031942686,-4.145254882508461,5.230362168734343
413,18,5,22.787287559690142,79.16666666666667,72.21271244030986,22.99953960744413,-2.9634363307405427,5.005947726779944
414,18,6,26.313585835398104,80.0,68.6864141646019,24.17968339327604,-1.69866894359992,4.569804886157291
415,18,7,22.98965300125957,80.83333333333333,72.01034699874043,24.030175465449272,-0.2681634784880641,1.7138769955559712
416,18,8,26.945525250445584,81.66666666666667,68.05447474955442,25.416254695701085,0.6583594510852324,1.735979015138987
417,18,9,23.037524144811364,82.5,71.96247585518864,24.324234132172176,0.2042147725281509,1.7020270624493063
418,18,10,26.49745897551705,83.33333333333333,68.50254102448295,25.493502790258,0.3622441216160101,1.8349177504433447
419,18,11,23.08002252751813,84.16666666666667,71.91997747248186,24.20500188261552,-0.2729257063503297,1.7849794486965704
420,18,12,23.813262021195005,85.0,71.186737978805,24.4635811747434,-0.1148150925256966,1.673859380343058
421,18,13,26.67116377175503,85.83333333333333,68.32883622824497,24.521482773489392,-0.0703437203514486,1.7207496134048468
422,18,14,29.084474842774352,86.66666666666667,65.91552515722564,26.522966878574795,0.8996887820630244,2.231186930317232
423,18,15,25.09191245170692,87.5,69.90808754829308,26.949183688745432,0.3955293164936621,1.9927936028488384
424,18,16,26.49113657955155,88.33333333333333,68.50886342044845,26.889174624677608,0.6658523606492047,1.9923766533803149
425,18,17,25.012284807528943,89.16666666666667,69.98771519247106,25.53177794626247,0.0417848561140558,1.6724828247737669
426,18,18,27.432145718040942,90.0,67.56785428195906,26.311855701707145,-0.2003553213274842,1.3947267439714048
427,18,19,27.20683788329428,90.83333333333331,67.79316211670573,26.550422802954724,-0.109895336297737,1.4115146944608432
428,18,20,25.42798845587562,91.66666666666669,69.57201154412438,26.68899068573695,0.1784955669309652,0.9834469562151544
429,18,21,27.767178138858004,92.5,67.232821861142,26.800668159342635,0.2114860259093046,1.0261454773756074
430,18,22,28.282952463283465,93.33333333333334,66.71704753671654,27.15937301933903,0.4451310318230058,1.2083022135401968
431,18,23,27.584773922869275,94.16666666666669,67.41522607713073,27.878301508336914,0.1808764127740471,0.8939156687402577
432,18,24,28.58065190547061,95.0,66.4193480945294,28.14945943054112,0.3958628810368033,1.0193820723164473
433,19,1,33.605850804711544,65.95833333333333,54.394149195288456,33.605850804711544,0.0,0.0
434,19,2,25.031327260881717,66.91666666666667,62.96867273911829,29.31858903279663,-8.574523543829837,4.287261771914915
435,19,3,22.259797258792137,67.875,65.74020274120787,26.9656584414618,-5.673026772959703,4.829731573206447
436,19,4,22.45597930590781,68.83333333333333,65.54402069409218,23.24903460852722,-3.6221144498500815,4.616054203454502
437,19,5,21.37125034266389,69.79166666666667,66.62874965733612,22.02900896912128,-2.704454887906921,4.498777907862305
438,19,6,19.38519573162389,70.75,68.6148042683761,21.0708084600652,-2.339637830656454,4.599874265124249
439,19,7,18.679894765217675,71.70833333333333,69.32010523478232,19.812113613168485,-1.1847341720876778,2.097531047714836
440,19,8,19.334266136020062,72.66666666666667,68.66573386397994,19.133118877620543,-0.7983418241991628,1.5031576487986529
441,19,9,19.160728361122843,73.625,68.83927163887716,19.05829642078686,-0.6655002374360698,1.3635370871804875
442,19,10,18.88261430630211,74.58333333333333,69.11738569369788,19.125869601148334,-0.3560631692145585,0.8855600292012672
443,19,11,21.959952284680394,75.54166666666667,66.0400477153196,20.00109831736845,0.3802401032468189,1.098015978125387
444,19,12,22.256094528223844,76.5,65.74390547177616,21.03288703973545,0.7279983773197474,1.475223764052415
445,19,13,21.087394987084025,77.45833333333333,66.91260501291598,21.76781393332942,0.6036880210000327,1.3730699907324382
446,19,14,23.347297771628934,78.41666666666667,64.65270222837106,22.23026242897893,0.7955237525262779,1.6228923362414465
447,19,15,25.323891656584447,79.375,62.67610834341555,23.2528614717658,1.005706390603358,1.9731159119596595
448,19,16,24.31473025515362,80.33333333333333,63.68526974484638,24.328639894455662,0.6639195434855099,1.4450375625283525
449,19,17,23.417702215738835,81.29166666666667,64.58229778426116,24.3521080424923,0.4990468036211227,1.3617879910787658
450,19,18,23.379656214088044,82.25,64.62034378591196,23.704029561660168,0.3046673733119705,1.281458482883281
451,19,19,24.88469382004303,83.20833333333334,63.115306179956974,23.894017416623303,0.0273498821476142,0.7863396542457037
452,19,20,20.744418940387582,84.16666666666667,67.25558105961241,23.00292299150622,-0.6064433967990545,1.4907020222269958
453,19,21,22.026906218400303,85.125,65.9730937815997,22.55200632627697,-0.5129694972532951,1.3865680823202855
454,19,22,21.849552714971058,86.08333333333334,66.15044728502895,21.540292624586318,-0.4582649248730721,1.338454548034382
455,19,23,22.25898520893629,87.04166666666667,65.7410147910637,22.045148047435884,-0.3836083160846255,1.3066589593519824
456,19,24,20.45486909570432,88.0,67.54513090429569,21.52113567320389,-0.5080793805564744,1.43572158306885
457,20,1,53.24088097892556,97.6,46.659119021074446,53.24088097892556,0.0,0.0
458,20,2,39.17402619324967,97.7,60.72597380675034,46.20745358608761,-14.066854785675895,7.033427392837947
459,20,3,29.010298062944663,97.8,70.88970193705535,40.47506841170662,-12.115291457990454,9.93478133470861
460,20,4,30.02688339625704,97.9,69.87311660374297,32.737069217483786,-7.980572087831063,9.720764734490066
461,20,5,26.288272489530417,98.0,73.61172751046959,28.441817982910703,-6.305235977578293,9.850410468610203
462,20,6,30.00341934341189,98.1,69.89658065658811,28.772858409733114,-4.3950852558689615,9.2265219609382
463,20,7,26.403514631382045,98.2,73.49648536861795,27.565068821441447,-1.846051567847513,4.315045344573587
464,20,8,27.120367628053053,98.3,72.77963237194695,27.842433867615664,-0.4744174747200436,1.5955134274930771
465,20,9,27.980323844797557,98.4,71.91967615520245,27.168068701410885,-0.3238976301074071,1.5475587130193618
466,20,10,25.56887668443933,98.5,74.33112331556067,26.88985605242998,-0.2556975007036376,1.448912280880497
467,20,11,30.446773839447616,98.6,69.45322616055239,27.998658122894835,0.0163661387455744,1.7886577845914111
468,20,12,28.50480642580382,98.7,71.39519357419618,28.17348564989692,0.5164065841695541,1.5718604745677431
469,20,13,27.826885434163668,98.8,72.07311456583633,28.92615523313837,0.2852552551022909,1.4665846644277925
470,20,14,30.522864821827326,98.9,69.37713517817268,28.95151889393161,0.5012789634479458,1.6927709282241463
471,20,15,26.173900585977705,99.0,73.7260994140223,28.174550280656234,0.0735848989483107,1.9017383908316547
472,20,16,28.69780150673857,99.1,71.20219849326143,28.4648556381812,-0.3726171370102785,1.5030827465335994
473,20,17,31.25560540914756,99.2,68.64439459085244,28.70910250062128,0.343365111388396,1.6799644122396982
474,20,18,32.66219650119783,99.3,67.23780349880218,30.87186780569466,0.8256765147969266,2.184430880702537
475,20,19,28.258789395597937,99.4,71.64121060440206,30.725530435314443,0.3057804147692138,2.1338768600096043
476,20,20,26.021304874253136,99.5,73.87869512574687,28.980763590349635,-0.0192406799998406,2.4445634938355125
477,20,21,26.967369002426672,99.6,72.93263099757334,27.082487757425916,-0.8216706066240741,2.314492182138663
478,20,22,27.33379890629685,99.7,72.56620109370316,26.774157594325555,-1.112314272340336,2.3963097859977966
479,20,23,26.524776501556016,99.8,73.37522349844399,26.94198147009318,-0.929028781083966,2.213434929543617
480,20,24,26.44227445347091,99.9,73.45772554652909,26.7669499537746,-0.2058779978530358,0.7254622707843815
481,21,1,20.633869236582623,41.25,49.366130763417374,20.633869236582623,0.0,0.0
482,21,2,14.244095605174866,42.5,55.75590439482514,17.438982420878745,-6.38977363140776,3.194886815703878
483,21,3,12.287602790299989,43.75,57.712397209700015,15.72185587735249,-4.173133223141316,3.5639746037821043
484,21,4,12.849626464777277,45.0,57.15037353522273,13.127108286750712,-2.5309221130290944,3.3276501197563597
485,21,5,13.278887902981886,46.25,56.721112097018114,12.805372386019718,-1.610443180759907,3.0552667510066898
486,21,6,15.63849991824052,47.5,54.36150008175948,13.922338095333226,-0.7802984578232031,2.8128600834882214
487,21,7,16.85930248089262,48.75,53.14069751910738,15.258896767371676,0.673085348588999,1.605824897151077
488,21,8,14.870171985364813,50.0,55.12982801463519,15.78932479483265,0.7800424582551091,1.625969504062682
489,21,9,16.02515107380766,51.25,53.97484892619234,15.918208513355031,0.6249222244272241,1.442259397267984
490,21,10,14.447494412235258,52.5,55.55250558776474,15.114272490469242,0.143253014784015,1.1540569188069216
491,21,11,16.2834698773312,53.75,53.7165301226688,15.585371787791374,-0.0815884377735944,0.8216192556643143
492,21,12,17.409753157206673,55.0,52.59024684279333,16.046905815591042,0.1546997255970584,1.04017241306575
493,21,13,15.678252499187485,56.25,54.32174750081251,16.457158511241786,0.2865766938401817,0.9646407819887106
494,21,14,17.741713191528362,57.5,52.25828680847164,16.943239615974175,0.3828962322667341,1.0951869386623236
495,21,15,16.076989242383714,58.75,53.92301075761628,16.498984977699852,0.3083058124375604,1.0934693440006504
496,21,16,18.16242573724075,60.0,51.83757426275925,17.32704272371761,0.2131413784977079,0.9230201129723948
497,21,17,17.35394541713809,61.25,52.64605458286191,17.19778679892085,0.1573930589906364,0.8910368212811677
498,21,18,17.76506775292341,62.5,52.234932247076586,17.760479635767414,0.3244631268675952,0.9228543189547092
499,21,19,21.317106718620494,63.75,48.68289328137951,18.812039962894,0.6323635099136322,1.5936240275105944
500,21,20,21.942428350825093,65.0,48.0575716491749,20.341534274123003,1.1200674520608984,2.1287166092120264
501,21,21,21.85668401169966,66.25,48.14331598830034,21.705406360381748,1.0225365468300769,1.9958441425298243
502,21,22,21.46794867669097,67.5,48.53205132330904,21.755687013071903,0.9562910487513652,1.94177766358014
503,21,23,19.74215521009852,68.75,50.25784478990148,21.02226263282971,0.2929205377417603,1.4933988037697603
504,21,24,20.909971521631554,70.0,49.090028478368446,20.70669180280701,-0.2578637354895167,0.7390481068685728
505,22,1,1.685959119139108,3.208333333333333,6.314040880860892,1.685959119139108,0.0,0.0
506,22,2,1.3272209055138904,3.4166666666666665,6.67277909448611,1.5065900123264993,-0.3587382136252179,0.1793691068126088
507,22,3,1.091475677647744,3.625,6.908524322352256,1.368218567433581,-0.2972417207456821,0.2444221031521971
508,22,4,1.0952830591987612,3.8333333333333335,6.904716940801238,1.171326547453465,-0.2007773407687187,0.2424339277357747
509,22,5,1.241125525941768,4.041666666666667,6.758874474058232,1.1426280875960912,-0.112160503270981,0.2181138960542359
510,22,6,1.138497285223868,4.25,6.861502714776132,1.1583019567881323,-0.0854796550497585,0.2067798018593024
511,22,7,1.1444343293946948,4.458333333333334,6.855565670605305,1.17468571352011,-0.0179150168892741,0.0847719958117275
512,22,8,1.2262774547043631,4.666666666666667,6.773722545295636,1.1697363564409755,0.0205381272900856,0.0584167804284668
513,22,9,1.4879510861244725,4.875,6.512048913875527,1.2862209567411769,0.0549923704310621,0.1292026651761386
514,22,10,1.3690420584269034,5.083333333333334,6.630957941573096,1.361090199751913,0.0505653482982046,0.1245594495040878
515,22,11,1.6027299391645795,5.291666666666667,6.397270060835421,1.4865743612386515,0.0930474310920085,0.1744994296653511
516,22,12,1.7924195541562369,5.5,6.207580445843763,1.5880638505825733,0.1214392728425939,0.2202280288897606
517,22,13,1.580266361888222,5.708333333333334,6.4197336381117776,1.658471951736346,0.083343937735779,0.1798844531164156
518,22,14,1.5960847576705608,5.916666666666667,6.40391524232944,1.6562568912383395,0.0389723109458873,0.1280830552945335
519,22,15,1.5967025198763196,6.125,6.403297480123681,1.5910178798117007,0.0258918162999147,0.1225653336871491
520,22,16,1.9716446031898884,6.333333333333334,6.028355396810111,1.721477293578923,0.0363783032305466,0.145485091507793
521,22,17,2.0935278874768986,6.541666666666667,5.906472112523101,1.8872916701810356,0.0765798329346876,0.200869762744451
522,22,18,1.8431782609526064,6.75,6.156821739047394,1.9694502505397975,0.0909094562301289,0.2026223345988159
523,22,19,2.203352074462133,6.958333333333334,5.796647925537867,2.0466860742972126,0.1113613454706783,0.2311819855865389
524,22,20,2.1216705289028037,7.166666666666667,5.878329471097197,2.0560669547725143,0.0877032237835677,0.2033620848457752
525,22,21,2.118611647262491,7.375,5.881388352737509,2.147878083542476,0.0336981988042929,0.1181243354775518
526,22,22,2.257096565534536,7.583333333333334,5.742903434465465,2.1657929138999434,0.0446417715331004,0.1303474162915692
527,22,23,2.318466802916813,7.791666666666667,5.681533197083187,2.2313916719046136,0.072417637182798,0.1518708991154281
528,22,24,2.3748340073833143,8.0,5.625165992616686,2.3167991252782207,0.0453223829977137,0.0951817784754665
529,23,1,14.604218429208135,29.166666666666668,-4.604218429208137,14.604218429208135,0.0,0.0
530,23,2,9.735446663976036,28.33333333333333,0.2645533360239636,12.169832546592088,-4.868771765232102,2.4343858826160503
531,23,3,7.66540383273882,27.5,2.3345961672611804,10.668356308640996,-3.4694072982346595,2.9085537419681726
532,23,4,7.025512854485183,26.666666666666668,2.974487145514817,8.14212111706668,-2.48061595554061,2.972027335564294
533,23,5,7.732896466256389,25.83333333333333,2.2671035337436107,7.474604384493464,-1.6452577735394345,2.7789016778301026
534,23,6,7.205887071157728,25.0,2.794112928842272,7.3214321306331,-1.246834238904703,2.659953902107044
535,23,7,7.393571710533645,24.166666666666664,2.606428289466355,7.4441184159825875,-0.3537297554338287,0.9024294285580796
536,23,8,6.1663093642334905,23.33333333333333,3.8336906357665095,6.921922715308288,-0.1976658619851398,0.522338976602657
537,23,9,6.015624481489668,22.5,3.984375518510333,6.525168518752268,-0.2731862437620094,0.627669566711012
538,23,10,6.4892625754451885,21.666666666666664,3.5107374245548115,6.2237321403894486,-0.3147491305531515,0.6446999925996555
539,23,11,6.074828234615457,20.83333333333333,3.925171765384543,6.193238430516771,-0.2433973277348724,0.5482866085252522
540,23,12,5.8227632545737125,20.0,4.177236745426288,6.128951354878119,-0.2187099307056635,0.5171276154864347
541,23,13,5.7576699445065564,19.166666666666664,4.242330055493444,5.885087144565243,-0.0867490034346363,0.2398799442909502
542,23,14,5.417795590389263,18.33333333333333,4.582204409610737,5.666076263156509,-0.1553139236674179,0.3277782324528092
543,23,15,5.575717851487784,17.5,4.424282148512216,5.583727795461201,-0.1886832817866503,0.3488699046668183
544,23,16,5.20696764736713,16.666666666666664,4.79303235263287,5.400160363081393,-0.1548660999890488,0.2820481415382709
545,23,17,4.951760598220132,15.833333333333332,5.048239401779868,5.244815365691682,-0.1671199403453608,0.3048454869377579
546,23,18,4.1764499019225285,15.0,5.823550098077472,4.778392715836596,-0.2763701541013761,0.5174888821042922
547,23,19,4.029949662196325,14.166666666666666,5.970050337803675,4.386053387446329,-0.3254925868230697,0.591867444060533
548,23,20,3.5487495529596247,13.333333333333332,6.451250447040375,3.918383039026159,-0.4126058898414512,0.713164147609517
549,23,21,3.8801327636667247,12.5,6.119867236333276,3.8196106596075583,-0.3139916512574212,0.5882507618646214
550,23,22,3.8523176978945095,11.666666666666664,6.1476823021054905,3.760400004840287,-0.1962104578752059,0.4369424208759463
551,23,23,3.289763637932104,10.833333333333332,6.710236362067897,3.674071366497779,-0.1324269714900131,0.2964040894476682
552,23,24,2.967909815506633,10.0,7.032090184493367,3.369997050444416,-0.1747134869800918,0.3708648694698536
553,24,1,12.852559960883967,23.166666666666668,-8.852559960883967,12.852559960883967,0.0,0.0
554,24,2,7.627752032905367,22.33333333333333,-3.627752032905368,10.240155996894668,-5.2248079279786,2.6124039639893
555,24,3,6.096717778450141,21.5,-2.0967177784501407,8.859009924079826,-3.3779210912169124,2.8922134423796817
556,24,4,6.0870646654000815,20.666666666666668,-2.087064665400081,6.603844825585196,-2.18275201409069,2.777474400272801
557,24,5,5.729926404686763,19.83333333333333,-1.729926404686763,5.971236282845662,-1.5785954479899698,2.668524380603291
558,24,6,6.035577863618506,19.0,-2.0355778636185056,5.950856311235117,-1.136801156686662,2.5118144976453385
559,24,7,5.270443576863965,18.166666666666664,-1.2704435768639648,5.678649281723078,-0.3522028652975773,0.7249442495881306
560,24,8,4.715497159447814,17.333333333333332,-0.7154971594478141,5.340506199976762,-0.258580425762521,0.5103581459611067
561,24,9,4.919034876001772,16.5,-0.9190348760017716,4.9683252041045165,-0.2756734562703687,0.5291846894480213
562,24,10,5.031792856503933,15.666666666666666,-1.031792856503933,4.888774963984506,-0.2112926606051566,0.4625844765244411
563,24,11,4.575667381141078,14.833333333333332,-0.575667381141078,4.8421650378822605,-0.2231990530546647,0.4768078304220831
564,24,12,4.081653941288594,14.0,-0.0816539412885939,4.563038059644534,-0.1785908437798539,0.3776318314422349
565,24,13,3.9397223112294215,13.166666666666666,0.0602776887705784,4.199014544553031,-0.1956326434455524,0.4057754848215191
566,24,14,3.6583648040853034,12.333333333333332,0.3416351959146975,3.893247018867773,-0.2878164410073814,0.5093105746839136
567,24,15,3.6465918365385166,11.5,0.3534081634614834,3.748226317284414,-0.2805669846015305,0.5004287939532954
568,24,16,3.082755796317012,10.666666666666666,0.917244203682988,3.46257081231361,-0.2586029070147046,0.456956573401606
569,24,17,2.64995270336419,9.833333333333332,1.35004729663581,3.1264334454065725,-0.278319391483029,0.4957045065923901
570,24,18,2.594088338746002,9.0,1.405911661253998,2.775598946142401,-0.2947783487086265,0.5191595434129924
571,24,19,2.0236489731397644,8.166666666666666,1.976351026860236,2.422563338416652,-0.3361112211730866,0.5886624966032407
572,24,20,1.9343248709223009,7.333333333333332,2.0656751290777,2.184020727602689,-0.3369862760637425,0.5899069910632282
573,24,21,1.6374978646450693,6.5,2.362502135354931,1.865157236235712,-0.2841032148940462,0.4946660745839311
574,24,22,1.4766850163431078,5.666666666666664,2.523314983656892,1.6828359173034926,-0.2521552559893047,0.4413718826853945
575,24,23,1.286501624279526,4.833333333333332,2.713498375720474,1.4668948350892344,-0.2421614985428448,0.4261005039112115
576,24,24,1.172355858797198,4.0,2.8276441412028017,1.3118474998066103,-0.1817356617126603,0.313111220028007
577,25,1,17.14600882466887,36.458333333333336,52.85399117533113,17.14600882466887,0.0,0.0
578,25,2,13.770196947938937,37.91666666666666,56.229803052061065,15.458102886303902,-3.3758118767299354,1.687905938364966
579,25,3,11.487013491830613,39.375,58.51298650816939,14.13440642147947,-2.8294976664191305,2.3245850453695747
580,25,4,12.370462670945216,40.833333333333336,57.629537329054784,12.542557703571587,-1.6609821917279295,2.153178468320395
581,25,5,12.086875432821495,42.29166666666666,57.91312456717851,11.981450531865772,-1.151800106068849,2.030246274053031
582,25,6,12.85694200499406,43.75,57.14305799500594,12.438093369586923,-0.731767127560335,1.8632706899600888
583,25,7,12.147418721034716,45.20833333333333,57.85258127896529,12.36374538628342,-0.1225055095186992,0.7147897437547134
584,25,8,13.04274739984637,46.66666666666666,56.95725260015363,12.682369375291714,0.2251315503577112,0.5148403966876298
585,25,9,15.063605647931244,48.125,54.93639435206875,13.417923922937442,0.4463945000584413,1.017076958029308
586,25,10,12.91191854773956,49.58333333333333,57.08808145226044,13.672757198505726,0.3325867194918165,0.9871855783756642
587,25,11,14.685842762737536,51.04166666666666,55.314157237262464,14.220455652802782,0.384538900483338,1.051573476068178
588,25,12,13.41155563758496,52.5,56.58844436241504,13.669772316020683,0.2599509591780874,1.0191310016364232
589,25,13,15.91521867769884,53.95833333333333,54.08478132230116,14.670872359340445,0.3194323020920425,1.120944430550341
590,25,14,16.709718071931317,55.41666666666666,53.29028192806868,15.34549746240504,0.4561764395635899,1.320615144426767
591,25,15,16.57372075003225,56.875,53.42627924996775,16.399552499887466,0.7681228565473914,1.4839184406448438
592,25,16,15.111246053898885,58.33333333333333,54.88875394610112,16.131561625287485,0.3545146053537465,1.1478772879951948
593,25,17,17.004245543895806,59.79166666666666,52.995754456104194,16.229737449275646,0.440443838235867,1.2293522650387434
594,25,18,19.50691447718449,61.25,50.49308552281551,17.207468691659727,0.4965596204910965,1.3578849538628703
595,25,19,19.74439841283341,62.70833333333333,50.25560158716659,18.75185281130457,0.7390280678846901,1.6572617141127062
596,25,20,17.41687425830866,64.16666666666666,52.58312574169134,18.88939571610885,0.5890826728992676,1.6258619212197067
597,25,21,16.480517603509558,65.625,53.519482396490446,17.88059675821721,0.2377636521983119,1.6356226546545534
598,25,22,19.490808260165164,67.08333333333333,50.50919173983483,17.796066707327796,0.0293171087370657,1.3370547205949794
599,25,23,19.49806221110406,68.54166666666666,50.50193778889594,18.48979602492626,-0.0497539555201693,1.2633305398309138
600,25,24,20.222851725743947,70.0,49.77714827425605,19.737240732337725,0.3327463165598425,1.3646403945944283
601,26,1,44.64677595189688,98.08125,55.303224048103125,44.64677595189688,0.0,0.0
602,26,2,35.33291791983387,98.1625,64.61708208016614,39.98984693586537,-9.31385803206301,4.656929016031505
603,26,3,31.420432555069933,98.24375,68.52956744493007,37.13337547560023,-6.613171698413467,5.547688736178581
604,26,4,26.88178405782976,98.325,73.06821594217024,31.211711510911183,-5.720746104696535,6.541251712941625
605,26,5,31.103454999556263,98.40625,68.84654500044374,29.80189053748532,-3.553777576668539,6.012787915355128
606,26,6,30.22637814383549,98.4875,69.72362185616451,29.40387240040717,-2.552257894239422,5.655003742140882
607,26,7,26.673727259360604,98.56875,73.2762727406394,29.334520134250784,-1.2187555884098022,2.945796713825216
608,26,8,30.848451203627363,98.65,69.10154879637264,29.249518868941152,-0.1246044002383136,1.976696862794615
609,26,9,29.52006914976744,98.73125,70.42993085023257,29.014082537585136,0.2535360910693387,1.7912809292879763
610,26,10,26.87179115398362,98.8125,73.07820884601638,29.08010383579281,-0.5457863504514439,1.7934472513788051
611,26,11,27.177262372030054,98.89375,72.77273762796995,27.85637422526037,-0.4565648351147964,1.6958427896101138
612,26,12,29.046953690331225,98.975,70.90304630966878,27.698669072114967,-0.0513060667349317,1.5527999447661358
613,26,13,27.589217032503168,99.05625,72.36078296749683,27.93781103162148,-0.497429886168089,1.4191937584627177
614,26,14,29.757231072587366,99.1375,70.19276892741263,28.797800598473923,0.1487936733702731,1.152617404961455
615,26,15,25.799749367292144,99.21875,74.15025063270787,27.715399157460894,0.0263417288681884,1.330951846774845
616,26,16,29.009267102816107,99.3,70.94073289718389,28.18874918089854,0.0453264207113518,1.3456912488566553
617,26,17,29.79188246062902,99.38125,70.15811753937098,28.200299643579086,0.1150660673466471,1.4100221784921714
618,26,18,26.534146934195068,99.4625,73.41585306580494,28.44509883254673,-0.0560536740540448,1.5511960533974574
619,26,19,29.05055178245333,99.54375,70.89944821754668,28.458860392425805,-0.0156453826328126,1.5695919716966875
620,26,20,26.97020044770509,99.625,72.9797995522949,27.51829972145116,0.0776678261297874,1.4868679376617124
621,26,21,25.714527040862365,99.70625,74.23547295913764,27.245093090340266,-0.6406383285794885,1.506748668135674
622,26,22,27.308455879948017,99.7875,72.64154412005199,26.664394456171824,-0.484466969090036,1.4184681264735766
623,26,23,25.31161822010555,99.86875,74.63838177989444,26.111533713638647,-0.3598458481373194,1.2121161639409377
624,26,24,25.64102645880259,99.95,74.30897354119742,26.08703351961872,-0.5836984131990438,1.2898059419317651
625,27,1,31.47090687591401,61.04166666666666,53.52909312408599,31.47090687591401,0.0,0.0
626,27,2,19.541032221089413,62.083333333333336,65.45896777891059,25.50596954850171,-11.929874654824603,5.964937327412299
627,27,3,17.367915941554536,63.125,67.63208405844546,22.793285012852653,-7.051495467179739,6.199809109416473
628,27,4,19.136114639334654,64.16666666666667,65.86388536066535,18.681687600659533,-3.917749298927299,5.59785830330033
629,27,5,17.8612560330372,65.20833333333333,67.1387439669628,18.12176220464213,-2.7624219267508376,5.258475727281185
630,27,6,19.29064256876977,66.25,65.70935743123023,18.762671080380542,-1.833498611488504,4.846174351321207
631,27,7,18.93161358602721,67.29166666666667,66.06838641397279,18.694504062611397,0.0413208028582081,0.7934233630668904
632,27,8,19.311746379111906,68.33333333333333,65.6882536208881,19.17800084463629,0.3010010161027748,0.7560645166165768
633,27,9,19.065303551559627,69.375,65.93469644844038,19.10288783889958,0.1039539033316136,0.4964463002498378
634,27,10,20.20491995222225,70.41666666666667,64.79508004777774,19.52732329429793,0.3263552953537026,0.6910570420595082
635,27,11,18.005289726073492,71.45833333333333,66.9947102739265,19.09183774328512,-0.0815225126413837,0.6484162099754964
636,27,12,18.412320646562964,72.5,66.58767935343704,18.874176774952904,-0.153606235879251,0.6942604764807345
637,27,13,19.01382163424144,73.54166666666667,65.98617836575856,18.477144002292636,-0.1613772190140288,0.6938130276444496
638,27,14,18.87487636300083,74.58333333333333,66.12512363699918,18.767006214601743,-0.1176685707499111,0.6803028267362682
639,27,15,21.06207642553201,75.625,63.93792357446799,19.650258140924763,0.2141726647145521,1.0521490561489577
640,27,16,23.753813680828188,76.66666666666667,61.24618631917181,21.23025548978701,1.044369766841143,1.992851670013497
641,27,17,22.131466079591235,77.70833333333334,62.868533920408765,22.315785395317143,1.0000829533552231,1.9477675821172105
642,27,18,24.804905590287863,78.75,60.19509440971214,23.563395116902427,1.1833407481514162,2.220979098632733
643,27,19,23.78866900446276,79.79166666666667,61.21133099553724,23.57501355811395,0.97643151715258,1.9930457827953452
644,27,20,21.323430011931816,80.83333333333334,63.67656998806818,23.30566820222748,0.1167078118171279,1.3876693807669576
645,27,21,21.697622294988538,81.875,63.302377705011466,22.26990710379437,-0.3920371919429014,1.2693608373063172
646,27,22,23.63664415794481,82.91666666666667,61.36335584205519,22.21923215495505,-0.1217485281903134,1.2571742331325635
647,27,23,25.023275822059425,83.95833333333334,59.976724177940575,23.452514091664256,0.0288562543531649,1.415595154559478
648,27,24,25.35137048968869,85.0,59.64862951031131,24.67043015656431,0.5957733348419649,1.5182570149642094
649,28,1,43.08072681381431,95.1875,56.41927318618569,43.08072681381431,0.0,0.0
650,28,2,34.6914513917891,95.375,64.8085486082109,38.886089102801705,-8.389275422025214,4.194637711012604
651,28,3,31.35702553207226,95.5625,68.14297446792774,36.37640124589189,-5.861850640871026,4.932246610758685
652,28,4,31.51792711536449,95.75,67.98207288463551,32.522134679741946,-3.802282495506636,4.761426993186355
653,28,5,30.401328393335508,95.9375,69.0986716066645,31.092093680257417,-2.8532321117382238,4.665067808970093
654,28,6,26.48048537480832,96.125,73.01951462519168,29.466580294502773,-2.734590703059954,5.141305750415964
655,28,7,26.68938942729871,96.3125,72.8106105727013,27.85706773181418,-1.5930436861792192,2.870767479284261
656,28,8,28.791313907715733,96.5,70.70868609228427,27.32039623660759,-0.8924289772716334,2.0548499838256733
657,28,9,30.92013010727792,96.6875,68.57986989272209,28.80027781409745,-0.2174321269943339,1.9838591611758976
658,28,10,27.11115232401129,96.875,72.38884767598871,28.94086544633498,-0.0294291905370066,1.7692439308918608
659,28,11,29.234062625570573,97.0625,70.26593737442943,29.088448352286598,0.4903426041003222,1.5938523677744694
660,28,12,27.48379390775153,97.25,72.01620609224847,27.94300295244446,0.0426083077874863,1.4503888935385618
661,28,13,29.08837382955429,97.4375,70.41162617044571,28.602076787625464,-0.1914513910807693,1.2480864363390325
662,28,14,25.662919320588905,97.625,73.83708067941109,27.41169568596491,-0.6315616609895731,1.701855699644928
663,28,15,28.315018024138983,97.8125,71.184981975861,27.6887703914274,-0.0882720426429624,1.2330033272229952
664,28,16,24.94007826902823,98.0,74.55992173097177,26.30600520458537,-0.6400486840718485,1.6385874475720537
665,28,17,29.17393160056447,98.1875,70.32606839943553,27.47634263124389,-0.0383457003989516,1.6278184279696524
666,28,18,28.30699393502608,98.375,71.19300606497393,27.473667934872925,0.0928913603478555,1.659766921047035
667,28,19,29.911174808196687,98.5625,69.58882519180331,29.130700114595744,0.7271731000638992,1.806160842669535
668,28,20,29.462518133747068,98.75,70.03748186625293,29.22689562565661,0.5652529285716421,1.6321994569815044
669,28,21,27.70017337021641,98.9375,71.79982662978358,29.02462210405339,0.4648690279616957,1.650479055770989
670,28,22,29.2027217276645,99.125,70.2972782723355,28.788471077209326,-0.060719078096525,0.7388637205097681
671,28,23,29.64569451592648,99.3125,69.85430548407352,28.84952987126913,0.0801656828392819,0.7813690389967926
672,28,24,25.99951753792273,99.5,73.50048246207727,28.2826445938379,-0.5001773956395243,1.3829199297654051
673,29,1,30.89619578743556,61.04166666666666,54.10380421256444,30.89619578743556,0.0,0.0
674,29,2,24.30703301623172,62.083333333333336,60.69296698376828,27.60161440183364,-6.589162771203835,3.294581385601917
675,29,3,19.894969142761827,63.125,65.10503085723818,25.0327326488097,-5.500613322336864,4.520451812921112
676,29,4,20.430592662499787,64.16666666666667,64.56940733750021,21.544198273831118,-3.5808873248277284,4.392841424380688
677,29,5,21.0735031144223,65.20833333333333,63.9264968855777,20.46635497322797,-2.3521825699758443,4.086544631455734
678,29,6,17.56864615891903,66.25,67.43135384108098,19.690913978613704,-2.165791837950653,4.3024933044509215
679,29,7,18.110745795689866,67.29166666666667,66.88925420431013,18.917631689677066,-1.066214131494717,2.2007656409307157
680,29,8,20.177311332135023,68.33333333333333,64.82268866786498,18.618901095581307,-0.2586481888304853,1.2653008882420047
681,29,9,19.488002062330217,69.375,65.51199793766978,19.258686396718367,-0.195983677455394,1.2554649912909808
682,29,10,17.86115051430079,70.41666666666667,67.13884948569921,19.17548796958868,-0.235346564397966,1.2940338258108683
683,29,11,17.472527666601934,71.45833333333333,67.52747233339807,18.27389341441098,-0.0548196450159282,1.0210328699076934
684,29,12,18.514697430636023,72.5,66.48530256936397,17.949458537179584,-0.2206126962827941,0.9434067540155804
685,29,13,22.3488246629482,73.54166666666667,62.65117533705181,19.445349920062053,0.215686568893842,1.6394279258910407
686,29,14,22.629988197461184,74.58333333333333,62.37001180253881,21.16450343034847,0.863289225303748,2.057173513561767
687,29,15,23.09145327472968,75.625,61.90854672527032,22.69008871171302,1.298800646486698,2.3995237298845447
688,29,16,21.81842933791502,76.66666666666667,63.18157066208498,22.51329027003529,1.021169697810269,2.165541381507974
689,29,17,19.538173247209,77.70833333333334,65.461826752791,21.482685286617897,0.113933091000969,1.6933979321759838
690,29,18,22.103575845548917,78.75,62.89642415445108,21.153392810224315,-0.3364203678447873,1.138520516302152
691,29,19,23.11591586242826,79.79166666666667,61.88408413757174,21.58588831839539,-0.0804071443832259,1.2194914121018867
692,29,20,21.7774775993932,80.83333333333334,63.222522400606806,22.332323102456787,-0.0032004629943648,1.192966097549052
693,29,21,23.979883670666936,81.875,61.02011632933306,22.9577590441628,0.5296435639197591,1.3723749791227189
694,29,22,20.1518231306709,82.91666666666667,64.84817686932911,21.969728133577007,0.2102495608465286,1.5494937522940508
695,29,23,22.50350826299976,83.95833333333334,62.49649173700024,22.2117383547792,-0.1340060010498308,1.1867831691385409
696,29,24,25.143878083505665,85.0,59.85612191649434,22.59973649239211,0.2425669301774481,1.5879380222876625
697,30,1,7.679925387368753,14.583333333333334,-2.679925387368753,7.679925387368753,0.0,0.0
698,30,2,5.409541380447582,14.166666666666666,-0.4095413804475818,6.544733383908167,-2.270384006921172,1.1351920034605856
699,30,3,4.263885873997126,13.75,0.7361141260028736,5.784450880604488,-1.7080197566858144,1.4195655061109342
700,30,4,3.728498321436325,13.333333333333334,1.2715016785636748,4.467308525293677,-1.2999936704247752,1.5178689314778275
701,30,5,3.691679665849607,12.916666666666666,1.3083203341503933,3.89468795376102,-0.9657534502049548,1.497314206892719
702,30,6,3.573934918512382,12.5,1.426065081487618,3.664704301932771,-0.7491121440181873,1.460509240142802
703,30,7,3.487175835744965,12.083333333333332,1.512824164255035,3.584263473368985,-0.3348142641586861,0.6665518007052713
704,30,8,3.358761476451092,11.666666666666666,1.6412385235489082,3.47329074356948,-0.1533524054897562,0.2872109779287577
705,30,9,3.5799913101530136,11.25,1.4200086898469864,3.4753095407830235,-0.0522299630679857,0.1235074387570197
706,30,10,3.247807593579178,10.833333333333332,1.752192406420822,3.395520126727761,-0.0665601584492604,0.1481591551437806
707,30,11,3.350474333658913,10.416666666666666,1.6495256663410869,3.392757745797035,-0.0461193662017937,0.1231680326140713
708,30,12,3.029767987858845,10.0,1.970232012141155,3.2093499716989786,-0.0755452681251704,0.1753230517332546
709,30,13,3.393449120399653,9.583333333333332,1.6065508796003471,3.257897147305804,-0.0392732859159987,0.1656289634815227
710,30,14,3.393026112199009,9.166666666666666,1.606973887800991,3.272081073485836,-0.0233887930031046,0.1672187522970546
711,30,15,2.830758187007329,8.75,2.169241812992671,3.2057444732019973,-0.0455403018485185,0.20999461274337
712,30,16,2.9858344748511394,8.333333333333332,2.0141655251488606,3.0698729246858263,-0.0691614772798299,0.2238614713373891
713,30,17,2.8690570184230064,7.916666666666666,2.1309429815769936,2.895216560093825,-0.0739619059718973,0.2288247651241459
714,30,18,2.848796038071121,7.5,2.1512039619288785,2.901229177115089,-0.1182884687179099,0.2452749641780754
715,30,19,2.454361685463922,7.083333333333333,2.545638314536078,2.724071580652684,-0.1358853153403482,0.276090127414583
716,30,20,2.0814280369031284,6.666666666666666,2.918571963096872,2.461528586812724,-0.1531808599724151,0.3134970942263123
717,30,21,1.8019236630967328,6.25,3.1980763369032665,2.1125711284879283,-0.2479107244553959,0.4393569428744533
718,30,22,1.6823500948687569,5.833333333333332,3.317649905131243,1.855233931622873,-0.269916725464434,0.470023627875711
719,30,23,1.8150389177596908,5.416666666666666,3.184961082240309,1.7664375585750605,-0.2218378499185439,0.4143113231429376
720,30,24,1.5305396428691165,5.0,3.469460357130884,1.675976218499188,-0.1582243182466374,0.3002071662602621
721,31,1,33.328027211986864,61.04166666666666,51.671972788013136,33.328027211986864,0.0,0.0
722,31,2,20.001376268745435,62.083333333333336,64.99862373125457,26.664701740366148,-13.326650943241432,6.663325471620714
723,31,3,19.43270391162045,63.125,65.56729608837955,24.254035797450918,-6.94766165018321,6.420479587784887
724,31,4,18.383333263770552,64.16666666666667,66.61666673622945,19.27247114804548,-4.540275420177397,6.113847716264855
725,31,5,16.5505044099043,65.20833333333333,68.4494955900957,18.12218052843177,-3.517308860914002,6.010411852439503
726,31,6,16.62064495403769,66.25,68.37935504596231,17.184827542570847,-2.7125399289748304,5.7848266501162655
727,31,7,16.802363446041024,67.29166666666667,68.19763655395897,16.657837603327675,-0.7504019954324707,1.3925873806986926
728,31,8,19.075261978043937,68.33333333333333,65.92473802195606,17.499423459374217,-0.1845708164839345,1.1957556203612625
729,31,9,21.629046347146744,69.375,63.37095365285326,19.16889059041057,0.6852730460943782,1.8130741136619584
730,31,10,18.890560433725096,70.41666666666667,66.1094395662749,19.864956252971925,0.8285252237266875,1.832452118379137
731,31,11,21.58047896179022,71.45833333333333,63.41952103820978,20.700028580887352,0.9605012963119346,2.000819121226326
732,31,12,23.341399867312028,72.5,61.65860013268797,21.27081308760912,1.0706384898334935,2.1732282411224286
733,31,13,22.21960359913512,73.54166666666667,62.78039640086489,22.38049414274579,0.672819634114769,1.6210194478272122
734,31,14,19.416794125405552,74.58333333333333,65.58320587459446,21.659265863950896,0.0196225512298848,1.552679339485502
735,31,15,20.95199770395608,75.625,64.04800229604392,20.862798476165583,0.0769810163949719,1.540473107702825
736,31,16,19.190132374720616,76.66666666666667,65.80986762527938,19.852974734694083,-0.6263642542612976,1.4724835262498923
737,31,17,22.435022362067077,77.70833333333334,62.56497763793293,20.85905081358126,-0.3452885034547914,1.5497506827875578
738,31,18,19.990304835205254,78.75,65.00969516479475,20.53848652399765,-0.1101049839685749,1.2788655683020895
739,31,19,20.25561191403972,79.79166666666667,64.74438808596028,20.89364637043735,0.1301114378361386,1.0848129661850645
740,31,20,20.33437099174472,80.83333333333334,64.66562900825528,20.193429246996565,-0.0667546419988928,1.0005984120056173
741,31,21,24.580575651737902,81.875,60.4194243482621,21.723519519174115,0.5975876957986838,1.8288940726323253
742,31,22,22.58131388598941,82.91666666666667,62.4186861140106,22.49875350982401,0.4166008327689905,1.657752422639682
743,31,23,25.09441654442511,83.95833333333334,59.90558345557489,24.08543536071747,1.0498248320554722,2.094124579135085
744,31,24,22.451363263045337,85.0,62.54863673695466,23.37569789781995,0.6645609039234531,1.861058411535058
745,32,1,27.81296287283684,58.54166666666666,-2.8129628728368417,27.81296287283684,0.0,0.0
746,32,2,21.50008584821004,57.083333333333336,3.4999141517899623,24.65652436052344,-6.312877024626808,3.156438512313402
747,32,3,19.05682232200574,55.625,5.94317767799426,22.789957014350875,-4.378070275415553,3.689202719234274
748,32,4,16.891793093078334,54.16666666666666,8.108206906921666,19.149567087764705,-3.5206772865479854,4.09029043413996
749,32,5,14.729206317372135,52.708333333333336,10.270793682627865,16.89260724415207,-3.077580586606113,4.508312990197887
750,32,6,15.652950430589645,51.25,9.347049569410355,15.757983280346703,-2.3793637152193434,4.422641944865935
751,32,7,15.52376168651632,49.79166666666667,9.47623831348368,15.301972811492698,-1.2073092359549442,2.357169668233607
752,32,8,14.48300247588355,48.333333333333336,10.51699752411645,15.21990486432984,-0.7442699810594121,1.5483277847504944
753,32,9,12.528910103214,46.875,12.471089896786,14.178558088537956,-0.6480632919388776,1.3366882032212737
754,32,10,11.813094459746944,45.41666666666667,13.186905540253056,12.941669012948166,-0.714098270882446,1.4535443673297732
755,32,11,13.194462470648512,43.958333333333336,11.805537529351488,12.51215567786982,-0.725100967219522,1.4591807577673352
756,32,12,13.65939237133545,42.5,11.34060762866455,12.88898310057697,-0.3972366352878994,1.222189804703183
757,32,13,11.304978859775884,41.04166666666667,13.695021140224116,12.719611233919949,-0.3176372361506399,1.080399679651329
758,32,14,12.421048897314764,39.583333333333336,12.578951102685236,12.461806709475368,-0.0456777979634976,0.7887157996216466
759,32,15,12.17295904894381,38.125,12.82704095105619,11.96632893534482,-0.0821523224450402,0.7966775477488022
760,32,16,10.478406116615735,36.66666666666667,14.521593883384265,11.69080468762477,-0.483528905708568,1.0749543502478212
761,32,17,10.111746237743787,35.208333333333336,14.888253762256213,10.921037134434444,-0.5847439641659905,1.2078398120248508
762,32,18,9.255867996085554,33.75,15.744132003914446,9.94867345014836,-0.5390861494140743,1.1240136034679404
763,32,19,8.92861218626482,32.29166666666667,16.07138781373518,9.43207547336472,-0.7594319026484682,1.331346619554512
764,32,20,8.735788697983791,30.833333333333336,16.264211302016207,8.973422960111387,-0.6483174796431728,1.17233649590626
765,32,21,7.556775886753737,29.375,17.443224113246263,8.40705892366745,-0.5446651308117337,0.9535122936327418
766,32,22,6.864325067174322,27.91666666666667,18.13567493282568,7.718963217303949,-0.6150630191178217,1.0754264474511472
767,32,23,7.488922105480749,26.458333333333336,17.51107789451925,7.303341019802936,-0.4630458177578727,0.8768711759396688
768,32,24,6.379986755990585,25.0,18.620013244009414,6.911077976215219,-0.4907479356702768,0.9199772064433142
769,33,1,33.188024241145165,65.83333333333333,51.81197575885484,33.188024241145165,0.0,0.0
770,33,2,26.9294374096621,66.66666666666667,58.0705625903379,30.058730825403632,-6.258586831483068,3.1292934157415324
771,33,3,25.11329374233428,67.5,59.88670625766572,28.41025179771385,-4.037365249405443,3.458798114567398
772,33,4,20.50804468757665,68.33333333333333,64.49195531242336,24.18359194652434,-3.985608232803342,4.5476233106050055
773,33,5,19.96681801904707,69.16666666666667,65.03318198095293,21.862718816319333,-3.2863805166281645,4.820587291297418
774,33,6,20.44771051097743,70.0,64.55228948902257,20.307524405867053,-2.548419310784038,4.735452835462595
775,33,7,23.806788256268447,70.83333333333333,61.19321174373155,21.40710559543098,-0.8614634894162386,2.6529957651530265
776,33,8,24.107805868922387,71.66666666666667,60.892194131077616,22.787434878722756,0.1528481094556091,2.0629768074724595
777,33,9,22.630072692329637,72.5,62.369927307670366,23.51488893917349,0.7540623233909117,1.6746331802971608
778,33,10,24.59927943987514,73.33333333333333,60.40072056012486,23.77905266704239,0.8574403217385992,1.7932070468939736
779,33,11,25.21231448126121,74.16666666666667,59.7876855187388,24.14722220448866,0.7063645778756079,1.5636934523970474
780,33,12,23.61954149223901,75.0,61.38045850776099,24.477045137791787,0.1241856789832807,0.8061376069029902
781,33,13,22.32495137873024,75.83333333333333,62.67504862126977,23.71893578407682,-0.1523666002813277,1.0238553241823023
782,33,14,22.2708441191018,76.66666666666667,62.729155880898205,22.738445663357016,-0.2917685725313159,1.138965579366979
783,33,15,23.172342135253405,77.5,61.8276578647466,22.589379211028483,-0.492962506374161,1.0914082008340091
784,33,16,23.955288343162565,78.33333333333333,61.04471165683744,23.132824865839257,-0.2194524577450956,1.0099141289715527
785,33,17,25.582709984054517,79.16666666666667,59.41729001594548,24.23678015415683,0.4459528962436047,1.1222938563135556
786,33,18,27.68226024774894,80.0,57.31773975225106,25.74008619165534,1.07157394708174,1.9314922929273328
787,33,19,26.177727999311752,80.83333333333333,58.82227200068824,26.48089941037173,0.9911884394122396,1.8519066003758635
788,33,20,23.033860338518185,81.66666666666667,61.96613966148182,25.631282861859628,0.2306988642418844,1.6927523955515855
789,33,21,24.007954332871783,82.5,60.99204566712822,24.40651422356724,-0.253935749614289,1.5721619350420213
790,33,22,26.97004550926661,83.33333333333334,58.02995449073339,24.670620060218862,-0.206574507981843,1.6157071541851902
791,33,23,29.308138920324616,84.16666666666667,55.69186107967538,26.76204625415433,0.3280125682027585,2.13231200539828
792,33,24,25.255913303893475,85.0,59.74408669610652,27.178032577828237,0.4907386698492242,2.040316644145812
793,34,1,30.53570966921958,65.95833333333333,57.464290330780415,30.53570966921958,0.0,0.0
794,34,2,25.82217624638171,66.91666666666667,62.17782375361829,28.178942957800643,-4.713533422837877,2.356766711418937
795,34,3,22.230169611556267,67.875,65.76983038844374,26.19601850905252,-4.152770028831663,3.401011363342931
796,34,4,22.65317121216682,68.83333333333333,65.34682878783318,23.568505690034936,-2.723962200598381,3.320935866120834
797,34,5,19.68749134034817,69.79166666666667,68.31250865965183,21.523610721357088,-2.486544169195772,3.725783193533221
798,34,6,23.09221786028616,70.75,64.90778213971385,21.810960137600382,-1.5771003474902028,3.425487820279397
799,34,7,22.153731279197185,71.70833333333333,65.84626872080281,21.64448015994384,-0.5349074274729003,1.800273562268399
800,34,8,21.606161661175783,72.66666666666667,66.39383833882422,22.28403693355304,-0.0346752294535223,1.0911377581924349
801,34,9,21.9305381123697,73.625,66.0694618876303,21.896810350914222,0.0344102537830926,1.081876344889312
802,34,10,23.990341072625657,74.58333333333333,64.00965892737435,22.509013615390376,0.4994754228461911,1.3323112830240091
803,34,11,23.83156331657668,75.54166666666667,64.16843668342332,23.25081416719068,0.2723123746552002,0.9272662928667754
804,34,12,24.72556068364792,76.5,63.27443931635208,24.18248835761675,0.6170044271060663,1.1862479382823004
805,34,13,23.623298478898437,77.45833333333333,64.37670152110157,24.06014082637434,0.5231992584685423,1.1283441062277328
806,34,14,21.21062348856047,78.41666666666667,66.78937651143953,23.186494217035605,-0.1087629580901869,1.2313334743796585
807,34,15,22.76201272473792,79.375,65.23798727526207,22.53197823073228,-0.4316206693781923,1.1203530797945984
808,34,16,21.558303469720805,80.33333333333333,66.44169653027919,21.8436465610064,-0.5619890886099203,1.250377812521832
809,34,17,25.722476572172503,81.29166666666667,62.2775234278275,23.34759758887708,0.0097423900362148,1.616944309253278
810,34,18,23.421586929172808,82.25,64.5784130708272,23.56745565702204,0.3235226356340264,1.4888630841417747
811,34,19,23.91086013441638,83.20833333333334,64.08913986558362,24.351641211920565,0.5612593984295989,1.5110189479432754
812,34,20,26.20205741505342,84.16666666666667,61.79794258494658,24.511501492880868,0.627342965790416,1.613650356260664
813,34,21,28.040996300714035,85.125,59.959003699285965,26.051304616727947,0.981185139681502,2.1023576372559365
814,34,22,28.405042849735736,86.08333333333334,59.59495715026426,27.5493655218344,0.8446359080879128,1.8737557339118411
815,34,23,26.25122145105994,87.04166666666667,61.74877854894006,27.56575353383657,0.8419902754586978,1.873392789304016
816,34,24,28.50222831569312,88.0,59.49777168430688,27.7194975388296,0.6705251303835721,1.6317617236022544
817,35,1,41.78070058981205,85.54166666666667,56.21929941018795,41.78070058981205,0.0,0.0
818,35,2,27.934579912524327,86.08333333333333,70.06542008747567,34.85764025116819,-13.846120677287724,6.923060338643861
819,35,3,27.52032788084944,86.625,70.47967211915056,32.41186946106194,-7.130186354481316,6.626922298509041
820,35,4,26.89817342867773,87.16666666666667,71.10182657132228,27.45102707401716,-4.506183351507789,6.215885504185547
821,35,5,23.6942357044306,87.70833333333333,74.3057642955694,26.03757900465259,-3.72093362546095,6.287131781519653
822,35,6,25.16820665764166,88.25,72.83179334235834,25.253538596916663,-2.7544473353515624,5.968729336753187
823,35,7,23.94478196192599,88.79166666666667,74.055218038074,24.26907477466608,-0.8631226041960578,1.6820398173887354
824,35,8,23.28818259331417,89.33333333333333,74.71181740668584,24.133723737627275,-0.8156265681348702,1.617004218971227
825,35,9,22.467749092128223,89.875,75.53225090787177,23.233571215789464,-0.7026773060517831,1.4352247074069773
826,35,10,22.0031820755306,90.41666666666669,75.99681792446941,22.58637125365766,-0.4918068631329155,1.027780831746194
827,35,11,27.804872626152594,90.95833333333331,70.19512737384741,24.091934597937136,0.1868027623480751,1.941227605148134
828,35,12,24.99710629225757,91.5,73.00289370774243,24.93505366464692,0.5242035638164455,1.9267171066435596
829,35,13,25.805339791371654,92.04166666666669,72.19466020862833,26.202439569927275,0.7421585183227866,2.0264481791682067
830,35,14,29.44884355758236,92.58333333333331,68.55115644241764,26.75042988040386,1.242976546882825,2.6657377172550114
831,35,15,30.04678896837897,93.125,67.95321103162104,28.433657439111,1.313090878789864,2.7609411081125104
832,35,16,28.01151030841185,93.66666666666669,69.98848969158814,29.169047611457728,0.5664497201677496,1.805919037555888
833,35,17,26.1113097131848,94.20833333333331,71.8886902868152,28.05653632999187,0.3653564019015272,1.8953753295308464
834,35,18,27.35459215716872,94.75,70.64540784283128,27.159137392921792,-0.1229033818335529,1.572690733733723
835,35,19,25.01784164381266,95.29166666666669,72.98215835618734,26.16124783805539,-0.9180514456487514,1.75560244596584
836,35,20,24.91275059179493,95.83333333333331,73.08724940820507,25.761728130925437,-0.9545118695066797,1.8008147358659488
837,35,21,22.676866029947504,96.375,75.3231339700525,24.202486088518366,-0.9315899791384938,1.7546206765458972
838,35,22,26.74465334916368,96.91666666666669,71.25534665083632,24.77808999030204,-0.3134728929653393,1.522294195536812
839,35,23,23.65070607433368,97.45833333333331,74.34929392566633,24.35740848448162,-0.4449965674276999,1.622349405429796
840,35,24,25.32739869913816,98.0,72.67260130086184,25.24091937421184,0.0522696869560006,1.2852876022318576
