output_id,bucket_id,period_id,delivered_output_quantity,delivered_output_quality_score,output_cost_per_unit,total_cost
1,19,1,229.6171477704953,0.7410581923413007,116.30910912858714,26706.56589783346
2,19,2,242.54971267531644,0.6780191739142164,103.88674336601407,25197.69975420105
3,19,3,261.43961638133334,0.7085343880966031,113.52465072575484,29679.8411355662
4,19,4,254.7438736960053,0.7384807650158071,125.2898060412688,31916.810525573983
5,19,5,954.1105873803166,0.7663981290503942,27.14523628700107,25899.557338368075
6,19,6,924.2304857099998,0.7187104133520914,33.10078654030891,30592.75602153273
7,19,7,832.8983585389786,0.6648754656165956,31.683499058873032,26389.134358906624
8,19,8,1008.2615219827546,0.7986425411429668,31.075317480179372,31332.04689866296
9,19,9,1040.7546695649155,0.7307901107342514,26.2361421624944,27305.38746698501
10,19,10,823.9897819389428,0.7165694103524938,24.436306952845747,20135.26723746844
11,19,11,820.7672540759536,0.7357438585117276,31.915996840879156,26195.60508818519
12,19,12,994.804257602953,0.6795292708150704,22.51064035042188,22393.680861968514
13,19,13,944.7838791601586,0.7605036306151237,28.733468756950565,27146.91807391897
14,19,14,850.0761310702655,0.6953030691270714,27.435081659927047,23321.90807306758
15,19,15,234.7230196915328,0.6427582469176626,100.15439493620546,23508.54201480451
16,19,16,217.2236552330668,0.6309592487795442,94.91588533518608,20617.975552191765
17,19,17,219.7644083271424,0.7374943310050153,113.73581839928876,24995.08483612301
18,19,18,256.69616664648095,0.7676716518925416,115.37005088491188,29615.049807966327
19,19,19,222.96103933207124,0.7222340174008102,130.09687431088457,29006.534310208663
20,19,20,764.8776185624354,0.7603764688554442,40.06650739056513,30645.974757009677
21,19,21,817.1925891948368,0.7755864527848357,35.597174532746024,29089.747224435232
22,19,22,997.980973133548,0.7870988379446058,32.131780525291774,32066.905597144265
23,19,23,1016.4874473122444,0.7660067765975856,31.380329579478644,31897.71111006116
24,19,24,1081.6452007735058,0.7940783257810635,29.624488859689865,32043.186200451728
25,20,1,690.0062520778234,0.6529552959555482,107.88663254939536,74442.4509747056
26,20,2,617.199356950127,0.5980308018552063,123.6899396912096,76341.35123861456
27,20,3,800.810763148901,0.649223377973175,87.45787795175892,70037.20998593149
28,20,4,782.3896982305604,0.6153368941551599,93.92615331137884,73486.85474524705
29,20,5,621.9638241708657,0.6617828465519784,110.84413325136968,68941.04100392689
30,20,6,658.2251975023829,0.7014513349792573,98.22585403693354,64654.732173300814
31,20,7,663.0701121451841,0.6865483948406925,106.37527792078392,70534.26746040932
32,20,8,613.1733540138893,0.7001267947828712,119.54310960726404,73300.64946713607
33,20,9,649.5165649186151,0.7197610720801035,111.75183027337516,72584.66492253073
34,20,10,782.9711985579222,0.6161411655131749,71.23782749196917,55777.1671740496
35,20,11,773.0054888672195,0.6919274694944032,74.53033165554827,57612.355456833095
36,20,12,601.8160297394287,0.702891559589184,81.89621990837274,49286.457915924046
37,20,13,711.5791707838056,0.7993697221030385,73.96463257873121,52631.69191770241
38,20,14,734.7829425999031,0.7692316642654551,79.62855003026249,58509.70030619988
39,20,15,716.4434240703791,0.7320155550075069,93.43206459084072,66938.78827342675
40,20,16,678.5227426061836,0.6543312370736563,95.95177856403788,65105.46394921219
41,20,17,694.5814624631435,0.8139126877029308,82.09701471496892,57023.06454458132
42,20,18,596.0540880112578,0.6948611274172886,100.25324988442632,59756.35943002648
43,20,19,614.7472950764952,0.801214928845152,95.4606368872418,58684.1683127114
44,20,20,547.251451101055,0.7609921766558719,103.34907738425046,56557.932568486285
45,20,21,634.1954176324067,0.773570978533861,96.12877341971306,60964.42760540592
46,20,22,604.3429470647083,0.8340221180288615,91.73674662586424,55440.45581000323
47,20,23,594.3879702696133,0.7542876294788085,99.20356329605347,58965.404631054334
48,20,24,549.6024210870232,0.7885348229376454,99.04895893828576,54437.54763863101
49,21,1,1515.7547302624523,0.7589824376575044,39.91092605064818,60495.17495042493
50,21,2,1348.5364884138285,0.8519251144332068,45.56517485366967,61446.30089112977
51,21,3,1279.5362266951,0.734580475804294,48.902312948952485,62572.28098736559
52,21,4,1316.1753654481022,0.8610812767517332,45.473541505425246,59851.15510912252
53,21,5,1380.9360578780866,0.804948905978007,42.21438053623216,58295.36024346987
54,21,6,1292.155410931326,0.7977864782013248,46.20353468024828,59702.14734123599
55,21,7,1356.3950587851027,0.7611997446984168,45.17049900581662,61269.04165434706
56,21,8,1486.2235443156665,0.8336275077496311,39.69389237591892,58993.99741462283
57,21,9,1564.0391917563636,0.7627320572148909,35.54936654670114,55600.60252115316
58,21,10,1529.6394233645149,0.8866118197580365,30.20355131028324,46200.54280982219
59,21,11,1223.9146141152346,0.8235950962267891,38.08745307036767,46615.79042725116
60,21,12,1341.3846619373894,0.9010856305161772,33.68039515386575,45178.36546738591
61,21,13,1401.1675848515536,0.8285138725493324,38.89137860374758,54493.339029760384
62,21,14,1244.8798547968006,0.9709287774670908,42.124120621768576,52439.46916307018
63,21,15,1340.2728677361952,0.9266512587786696,38.59905782909934,51733.26992852221
64,21,16,1341.3664825335024,0.929694695402946,36.89067986991919,49483.92149538299
65,21,17,1194.9501089515604,0.9270185723988424,42.192854529302046,50418.356116766816
66,21,18,1277.6542500464295,0.8082943074186827,38.65745873882428,49390.86645365332
67,21,19,1193.0862376884666,0.8217011512006834,40.01121434610024,47736.829189535536
68,21,20,1270.8402718128998,0.9020705740430088,40.775553941685175,51819.216054572746
69,21,21,1319.989029722342,0.8386577055718176,37.12902953200752,49009.911666486776
70,21,22,1336.993687768013,0.8872234469710398,34.65209841822598,46329.636853084085
71,21,23,1128.9931768496083,0.8271626039288086,41.09946147029888,46401.011572160816
72,21,24,1119.4474454264953,0.9197410847282128,42.72505554036656,47828.45428036847
73,22,1,1104.234899955105,0.825857866527179,38.12940306755119,42103.81758164526
74,22,2,1046.0515736959994,0.8518794221104463,39.4699574700555,41287.61112526572
75,22,3,1235.5498119123497,0.9022170220213008,33.80928418992048,41773.05472174742
76,22,4,1260.4481436266228,0.8336329841330088,33.183723583549224,41826.3627895036
77,22,5,1093.9925068901466,0.8634639248654262,38.98876204209402,42653.41352697383
78,22,6,1188.0060936591942,0.8143029090823535,35.675368597051715,42382.5552868353
79,22,7,1146.7807269349837,0.8367720507483575,39.00452940499351,44729.6425848154
80,22,8,1033.2207250528163,0.8515404545378554,40.42607185774668,41769.05527589828
81,22,9,1180.764264458259,0.847798662923938,33.57264504569399,39641.37953329708
82,22,10,1179.518811674298,0.9255847978977236,27.45868600012291,32388.036681002657
83,22,11,1043.5408181326125,0.8965689944644323,29.23756904570232,30510.596722160943
84,22,12,1226.2192762153118,0.875536424454946,25.41826282131571,31168.36383940432
85,22,13,1121.7643283295572,0.9084606799238146,34.896779076483035,39145.96194159594
86,22,14,1225.8310495792296,0.8841457663042831,29.689865176150875,36394.758590746846
87,22,15,1318.9727680836547,0.9871731531311668,26.87387992115073,35445.91578874793
88,22,16,979.4342361996484,0.8983757282680634,34.50735648127899,33797.68633851047
89,22,17,1090.3579259347878,0.8248184206543543,30.38438425609211,33129.85419827821
90,22,18,1059.7776672640268,0.8484725892207502,33.55460166625214,35560.41747983432
91,22,19,849.6469354903014,0.907802760704053,38.66071933080484,32847.961703268986
92,22,20,1109.0873214770068,0.8500781605442559,29.09490428173463,32268.78945845896
93,22,21,914.8233091923796,0.8067110090713341,34.262265413515365,31343.91902601974
94,22,22,853.88958484658,0.8247427883279491,40.33378994381341,34440.603150412
95,22,23,1068.9545492852285,0.7899366881840097,30.798817419891574,32922.53599359824
96,22,24,943.8008061255564,0.8282720504033735,33.66360336436425,31771.73599237797
97,23,1,787.078112832233,0.6802607338067264,23.060166906175343,18150.152650108805
98,23,2,761.2643042614527,0.6837715928869726,24.60204056753401,18728.65529605581
99,23,3,714.2580722370237,0.6932167332293443,26.606980980834702,19004.250943418152
100,23,4,846.50771300075,0.6837306920484741,21.49850857787688,18198.653329185563
101,23,5,843.8900820214305,0.771220088815888,23.96922276940746,20227.3893688652
102,23,6,758.72333775044,0.7551723588845094,23.51614148907178,17842.245361600144
103,23,7,662.5384598435286,0.6856486362856985,23.31871525394137,15449.545689876117
104,23,8,732.9742387839835,0.6746266529158549,21.49691904584924,15756.687873832265
105,23,9,644.9341243883738,0.7321133111588702,24.127954105848985,15560.940954538582
106,23,10,225.61323448608977,0.7647218358521677,60.0025392286944,13537.36695276423
107,23,11,622.1276895684845,0.7165359841209852,20.85633158799652,12975.301383714475
108,23,12,722.7742832449319,0.7602008982257313,16.680904211991486,12056.528585699512
109,23,13,727.2872573948868,0.7827825619547187,23.291772855099207,16939.809599649772
110,23,14,621.544054288275,0.7321350880862658,27.85321669942894,17312.00123233295
111,23,15,688.9924196269573,0.6856669537120373,21.41338269595416,14753.658356083472
112,23,16,760.5212231880347,0.6832154579106882,20.144634483084975,15320.42205775165
113,23,17,702.9560731142178,0.6904222648954571,19.794271814673586,13914.503584998383
114,23,18,220.13388249000707,0.6301144680002219,59.160331992848526,13023.193570983523
115,23,19,200.33185856288696,0.6884548529206218,82.58934339723059,16545.276660255702
116,23,20,196.94368119383563,0.7196241837484246,93.7690299410083,18467.217938557165
117,23,21,216.19279187774703,0.71163371014493,77.7261020920252,16803.82301304972
118,23,22,684.1866658015841,0.7117155227975764,25.129691481209104,17193.39982715093
119,23,23,761.2285050364649,0.7453272164866722,23.53154640462421,17912.883890788285
120,23,24,648.9863011344772,0.7068696840499326,27.444845099953923,17811.32850662778
121,24,1,779.5443503906176,0.7320215119760689,45.405048962352026,35395.2493978109
122,24,2,796.0596186030263,0.8135947964081216,38.01735902372326,30264.084324719457
123,24,3,745.0916459332826,0.7874368321179266,43.51293203101297,32421.12214637051
124,24,4,744.3941393010219,0.8552926249390895,46.03396352195623,34267.41265454125
125,24,5,642.9713561131252,0.8578535249402641,49.12594781677672,31586.577288095552
126,24,6,759.0132983374496,0.7774835840263767,44.70169081391832,33929.17778593301
127,24,7,826.6260778533269,0.8928439230103002,34.223336866123,28289.902724696425
128,24,8,646.0677347783613,0.7906967657992922,51.68043874106285,33389.06398979034
129,24,9,767.7755061569667,0.8338297089040807,47.58535457496832,36534.86969445503
130,24,10,794.7925369229022,0.8287816449823464,37.811791670696834,30052.5298275534
131,24,11,681.1300462134351,0.8170153118997845,43.42148791737961,29575.680071820887
132,24,12,680.7916371930472,0.7202629998432072,45.599363396085934,31043.66526138205
133,24,13,769.3379386979775,0.7047330802275086,50.57214766689145,38907.071841576006
134,24,14,706.9376817351833,0.824977465000689,54.55073201300726,38563.96802623261
135,24,15,811.2950734612925,0.7665055469695511,49.13194989164654,39860.50889663993
136,24,16,658.1120669163041,0.8052889904907844,56.44758716140696,37148.838259231765
137,24,17,731.2965399889137,0.7244278000693566,59.36487378163877,43413.326793391
138,24,18,753.4049388395707,0.6947364138043933,55.62773774315394,41910.21235216458
139,24,19,673.5514420776767,0.6753467768113238,60.5436623808414,40779.27110527971
140,24,20,901.5669537858846,0.6797423080298353,46.39871386036515,41831.54711467231
141,24,21,779.178260035209,0.6726495618344026,54.13340887010808,42179.57533318536
142,24,22,886.8088070605949,0.7024976484336937,49.43080632659563,43835.67439053157
143,24,23,755.4769943280503,0.7113823157187928,49.85462673262022,37664.02355730679
144,24,24,843.1606269127188,0.8265820842151694,41.702307257587485,35161.74353101429
145,25,1,1005.8130197274968,0.6608449455740365,20.004691975082046,20120.97964417569
146,25,2,957.78866764346,0.6846716912559485,23.10370897289655,22128.470634772835
147,25,3,802.9786868676297,0.7464644088653946,28.997809188730734,23284.622744405093
148,25,4,1047.1264375841338,0.8046839203808827,23.168192692467343,24260.02707932609
149,25,5,1128.7437725325358,0.789107605308061,17.97722245762414,20291.677896475296
150,25,6,1115.6140467707628,0.8193271424385207,22.392170791288837,24981.02027245181
151,25,7,1099.6197897515804,0.6920742169551444,21.026312910254592,23120.94978162509
152,25,8,865.7506476967762,0.7917977689480399,24.4555442354786,21172.40326164276
153,25,9,1026.3413255147614,0.7018497517969612,19.3617569299463,19871.771271775702
154,25,10,951.7889306021204,0.7170998711210714,17.683849751201066,16831.292443624236
155,25,11,789.3604684796643,0.66711868840907,21.414442429436445,16903.714308330753
156,25,12,928.6959561897646,0.7245322736184239,16.112319056707022,14963.445552803096
157,25,13,839.9397653962162,0.7879538053522109,37.66677460127846,31637.821821829988
158,25,14,1001.2370482884209,0.9906582969388747,37.75547668105588,37802.18202886269
159,25,15,1261.5966837005085,0.8641581802545197,30.52556016626728,38510.94547386314
160,25,16,1303.9973905208235,0.821065387260217,28.10831464256625,36653.16894584464
161,25,17,1580.319193788347,0.9245943398356172,23.53316349280155,37189.90995823351
162,25,18,1385.5979104364242,0.8437083594198699,27.557143759430296,38183.12081066277
163,25,19,1336.8704657073372,0.7898257531710245,27.04099877326492,36150.312623206206
164,25,20,1611.7207325653185,0.8854419978905881,24.25846229159228,39097.86661551326
165,25,21,1594.7573724268543,0.7942860181779059,20.382093569130067,32504.493984864148
166,25,22,1338.2770004669974,0.8988841339099896,28.72375089994444,38440.33519653887
167,25,23,1422.6923937857994,0.8785330172886894,25.878829642942517,36817.61409309279
168,25,24,1456.6703427591729,0.7517804940857896,22.50584737789893,32783.600414049666
169,26,1,937.5601660766046,0.8942600609098796,42.2290856106495,39592.308518383696
170,26,2,1226.6877703481125,0.8340878896786361,31.961813198289136,39207.16536849217
171,26,3,1103.3870284230425,0.8193388524167557,34.02937420729882,37547.57008568718
172,26,4,1217.7231791389588,0.8070972129130506,32.80840595256082,39951.5563990339
173,26,5,1012.4251064226293,0.8292868949197862,38.86593106930111,39348.84439905175
174,26,6,1150.1068851860502,0.7874095756186962,34.6142137693747,39810.04558145963
175,26,7,1053.750243344214,0.895205893507479,35.8250997823862,37750.70761352021
176,26,8,1214.2479319855731,0.9030024442347668,31.555241928480065,38315.887254961366
177,26,9,1004.2745150941709,0.8764890523352956,37.99477448568858,38157.18372272727
178,26,10,1059.1111797366411,0.9097841688487368,26.709815499089643,28288.664203788856
179,26,11,1252.3865123705466,0.8064030390829969,22.742694612998484,28482.64398828159
180,26,12,1119.645873668719,0.8208720042550791,24.43832235356892,27362.26678255946
181,26,13,1222.313138838574,0.8146195514794713,28.67261530334369,35046.914410140955
182,26,14,1052.100462490179,0.8022795028852231,30.60540998423023,32199.96599911018
183,26,15,1093.6563346324897,0.9615028175956388,30.49395116408728,33349.90285857783
184,26,16,1163.739553978827,0.7767143308081265,26.964849341155524,31380.061745382594
185,26,17,989.2579276187896,0.9177588927173164,33.51438312985224,33154.369200459754
186,26,18,1056.3853049538427,0.8297072605259057,28.90401509564436,30533.776801202737
187,26,19,986.9119222566312,0.8680169015638509,29.59997253335177,29212.56579163369
188,26,20,992.125817340624,0.879781102552252,31.231042068967707,30985.123139074
189,26,21,900.7961214860331,0.8608976646191614,33.07634575091097,29795.04396535164
190,26,22,836.5514805946261,0.8617819297758224,37.8972194036852,31702.97500257225
191,26,23,826.8908459528444,0.8179828302041641,37.213397123594895,30771.417428308527
192,26,24,1025.6985229536783,0.8674956419345955,28.3055694034981,29032.98072853084
193,27,1,724.9943228480117,0.7138843185665747,68.51242414270725,49671.11854801781
194,27,2,873.0006150486239,0.6202280651602765,53.89511667351842,47050.47000409893
195,27,3,912.8188497818552,0.6225700866126698,52.70039192894309,48105.9111436308
196,27,4,917.5402829385772,0.7001242763039895,44.47006980127637,40803.08042776139
197,27,5,858.1364280493522,0.6251597325936574,54.19620435866399,46507.73722217665
198,27,6,773.5752391258397,0.7023704098000285,61.03531086829025,47215.4052000576
199,27,7,898.1579459535222,0.573649584691438,60.77630667666583,54586.72276735552
200,27,8,830.3954043899702,0.6309086410756072,55.1468578443026,45793.69732045586
201,27,9,707.2881524152109,0.7906128541206885,60.09485420288139,42504.378398817455
202,27,10,861.8924747142032,0.6460762497782266,45.202568929019456,38959.75399767193
203,27,11,893.7687830890378,0.607521784802963,44.94721557060119,40172.41816377688
204,27,12,785.597766958866,0.6765839531275898,46.01359034393909,36148.17382395859
205,27,13,942.8720369261478,0.7042306020711321,39.18278011980536,36944.34770399024
206,27,14,819.7070356619876,0.9388584011820718,33.106522714178446,27137.649595115472
207,27,15,879.9199880353667,0.886883330241181,28.525438136336398,25100.103183628715
208,27,16,762.4615347424296,0.9895125264338398,32.75830036737609,24976.94397366307
209,27,17,772.9834736779835,1.0,32.445776741075505,25080.049211496866
210,27,18,645.02564996368,0.8821579000243744,36.12011266967304,23298.39915151721
211,27,19,677.0817478346081,0.8653377809468871,33.247921919628006,22511.56108521031
212,27,20,629.5691185538983,0.970746409162376,40.77018388840466,25667.64873390327
213,27,21,660.8649426936428,0.8830344673546804,33.47644276668915,22123.40743059504
214,27,22,665.6814019014693,0.9345552882208706,37.19243318456899,24758.31106243061
215,27,23,693.0880896160489,1.0,36.34198911215808,25188.199806592893
216,27,24,689.7032386634534,0.8638152728967461,34.802941480092926,24003.70145383473
217,28,1,1589.231556828083,0.9029051129742768,18.242788620299663,28992.01535992447
218,28,2,2065.377449792621,0.8095893495360605,14.543375293760633,30037.559375604345
219,28,3,1605.7937479240447,0.7952156403272983,19.48378087042817,31286.93350765566
220,28,4,2090.7444767181223,0.8048374538137103,15.006095120486677,31373.910490264287
221,28,5,1961.241644822878,0.8270982957158888,15.001546910985882,29421.65853858952
222,28,6,1616.3935570332771,0.7964758866963516,20.98633915298645,33922.18339260249
223,28,7,1836.6221465157616,0.8180918649482546,17.956506712064268,32979.31790143616
224,28,8,1877.570402327972,0.8189485762917236,18.397113500738875,34541.87579725565
225,28,9,2026.8661770924048,0.8492192473479374,17.9785519830431,36440.11892752765
226,28,10,1666.4606759918186,0.8160254220616328,17.40104511139216,28998.157399294712
227,28,11,1627.9887447385931,0.7878264983290924,18.102254612693383,29470.26676385711
228,28,12,1835.896687348784,0.8230992123498817,16.695386468466968,30651.00471146622
229,28,13,1945.8160460573797,0.7645667220388537,19.375076537770365,37700.33482078343
230,28,14,1749.9513519895822,0.7311913183228612,21.981924537183808,38467.29856317778
231,28,15,2073.8434312557188,0.7216174862002267,18.423254390567465,38206.945100231416
232,28,16,1843.6566592697525,0.7668447096724239,22.27513049847056,41067.692679608
233,28,17,1925.2554902949023,0.7845063672190347,20.918727763269715,40273.89547621943
234,28,18,1919.4802181041584,0.6795234377467374,24.589093628164004,47198.27880037181
235,28,19,2146.223943518151,0.6867782016640402,20.05909340565172,43051.306552476766
236,28,20,2179.2174017294465,0.7213752055737542,21.004402183232614,45773.15875062449
237,28,21,2016.582572972453,0.6912632049765649,22.841196857184272,46061.15952803097
238,28,22,1830.752348536464,0.6595986796557095,23.87973116686054,43717.87391614932
239,28,23,2233.4202223324587,0.6725433599027629,18.34089745313539,40962.93126755847
240,28,24,1915.02201616146,0.7271994726821054,20.848566292838527,39925.4634561875
241,29,1,301.8125408748828,0.6715048585057383,34.70398936307968,10474.099208165982
242,29,2,357.2785188497895,0.8159835194697842,29.02413041752032,10369.698326474783
243,29,3,312.47328775836854,0.7647466452249806,32.57142075066177,10177.698928920432
244,29,4,359.2597247754311,0.7700413125140968,30.432392537757664,10933.1329673727
245,29,5,383.2149978707613,0.7428132361410362,28.049411766417425,10748.955270343758
246,29,6,376.3858458530928,0.7314702536944692,29.78964608923956,11212.401140962707
247,29,7,394.5738117818586,0.755074359867224,21.348955845565754,8423.738885547473
248,29,8,361.66853287035616,0.6700352731254399,25.5956722798536,9257.149241285097
249,29,9,360.9712725189996,0.8031489650369068,29.47327643018244,10639.006098307193
250,29,10,324.8507405132623,0.743161193371164,24.423495669002573,7933.99065399794
251,29,11,336.32122587651713,0.7638963543669025,23.226693506552056,7811.630033181727
252,29,12,380.46977693045136,0.7191563060305756,20.13225499714232,7659.7145678697025
253,29,13,308.24180095211494,0.7599048390095047,29.059838629106867,8957.45699441374
254,29,14,368.5641416468867,0.6717836156102654,21.265810196871325,7837.815081635491
255,29,15,269.84793772552,0.6700866130880105,36.12678064982406,9748.737255017246
256,29,16,103.80473523872602,0.6944324021684163,64.84439458076447,6731.155211171737
257,29,17,83.31598351876282,0.6547834020361784,98.72655069694648,8225.499670731095
258,29,18,88.40878733832118,0.7348819958256277,94.50468454917538,8355.044558783173
259,29,19,89.26238247519315,0.7406332944220544,94.79258453336656,8461.411936429444
260,29,20,96.11752702652224,0.7252316010623422,99.35720200891257,9549.968549371284
261,29,21,102.67788872063832,0.6978301011774516,95.06105177580557,9760.668095903
262,29,22,320.02582593076727,0.7327353301011955,31.820035850952845,10183.23325434781
263,29,23,306.12652029308083,0.6881456240937371,31.80560327124527,9736.538655248543
264,29,24,330.3631763288496,0.6749601285464059,30.406405027766493,10045.15654571444
265,30,1,305.2870031509061,0.7922427126809438,33.86501113972261,10338.547762517966
266,30,2,331.0398668739677,0.6903905612017107,31.638999174161352,10473.77007463995
267,30,3,265.4797145450836,0.6726858897588479,38.49966097263414,10220.879005097408
268,30,4,285.28113828298245,0.7320935838403358,32.08368745145015,9152.87087646514
269,30,5,308.2866747781304,0.7906425863011467,32.023891508593906,9872.53902664002
270,30,6,315.39153764809794,0.793485910761259,34.80293539914154,10976.551310202669
271,30,7,305.99620053796474,0.7277602336945722,35.86126542720184,10973.410967207235
272,30,8,340.79068730368255,0.7862548706900119,28.29920229277914,9644.104599502152
273,30,9,339.38745502835405,0.7820238869532551,26.47296315544796,8984.591592386867
274,30,10,315.8182763139356,0.7532783741337685,25.30422094140864,7991.535441182669
275,30,11,301.0918276972742,0.6700231261212961,23.646252916105063,7119.693508702074
276,30,12,243.62259102138725,0.6767925988797372,30.146896848982944,7344.46512160372
277,30,13,261.6165801841654,0.7746097065249999,52.87968370121102,13834.202011131178
278,30,14,283.1495553615845,0.9521475921434877,61.810654153628704,17501.659240208643
279,30,15,331.4714080331407,0.9977189319335484,50.72364764434698,16813.438905248593
280,30,16,468.05890837245767,0.9311573462339672,34.6163930075609,16202.511122910932
281,30,17,427.21902053037326,0.922326489503428,38.30540167241073,16364.796183509836
282,30,18,481.5767859500792,0.8630084040423689,31.781040088890265,15305.011140158394
283,30,19,425.32467517484,0.8315159204198569,37.26717348299911,15850.648456341009
284,30,20,440.981636985188,0.8165637465894736,34.985109567055446,15427.790886986271
285,30,21,352.30298719940794,0.862489480855706,41.86723575964674,14749.95222390542
286,30,22,362.6684040220361,0.9043756862507144,40.70705801660816,14763.163763315712
287,30,23,411.6613903437444,0.8853771016850682,35.1565776830148,14472.60564871773
288,30,24,414.981343042242,0.9076635954061696,38.74644251263528,16079.05075200241
289,31,1,1488.9158611894543,0.7677908932300778,45.07600598265974,67114.38026665282
290,31,2,1352.052495014044,0.759232212410074,55.70016032947348,75309.54074614689
291,31,3,1760.2233970840423,0.8063284357322852,45.0157460081203,79237.76936068594
292,31,4,1604.3900197617572,0.7834796963991689,42.99230243338573,68976.42095070318
293,31,5,1347.0974886346023,0.7845653806299032,61.18352572403181,82420.17384865385
294,31,6,1721.474631188512,0.8866421990204663,40.92365579016051,70449.03525825219
295,31,7,1470.7203068102488,0.8018995349084214,51.93189030794127,76377.28564693157
296,31,8,1338.6255863906904,0.7265780291127414,60.85374226514541,81460.37642374821
297,31,9,1490.9699782341224,0.845412272031697,56.34865032053527,84014.14594193065
298,31,10,1415.4125266635658,0.8089439102419903,48.27327215436877,68326.59411033306
299,31,11,1766.388138583225,0.7553242961135118,39.61619557912344,69977.57796675684
300,31,12,1774.862835302395,0.7841979920658688,41.06213866754494,72879.66385905893
301,31,13,1557.3538162683665,0.6971647940551807,59.15090415317567,92118.88631867248
302,31,14,1490.6621172200914,0.783285850036246,60.50098449642972,90186.52564334784
303,31,15,1400.4900368506387,0.8315062562694286,62.365244401088056,87341.9034294789
304,31,16,1685.123569200558,0.6986847408276398,62.36059856437935,105085.31443029012
305,31,17,1723.341424485406,0.8205434093393064,53.1146183928556,91534.62212214252
306,31,18,1980.3497174682848,0.6941950664534752,50.17145169865762,99357.02019641032
307,31,19,1680.9716585950914,0.7407059504737521,61.27733136552131,103005.45733978138
308,31,20,1687.0051615575928,0.8388548588573657,50.78043892964954,85666.8625804789
309,31,21,1855.5304198398671,0.6705442080418067,52.41690139067183,97261.1550441382
310,31,22,1804.1275509994737,0.6290210544419708,59.568377992928575,107468.95190539316
311,31,23,1808.0765453069755,0.763221811026728,56.27168470655824,101743.51328283716
312,31,24,1667.431685913689,0.7449706201029483,58.68709151074798,97856.71593913746
313,32,1,1849.138533614608,0.7622072206567517,29.119985787387893,53846.88781776868
314,32,2,1497.4001085025047,0.8124344890397274,35.23363054289431,52758.84219786711
315,32,3,1467.3969682407196,0.7920728632319415,36.09208320256856,52961.41346894091
316,32,4,1557.8063288335345,0.9014984063977102,32.50435403666541,50635.48843296322
317,32,5,1661.7142932891577,0.7532592480372514,32.546281952140085,54082.62191329012
318,32,6,1598.9054714045458,0.9046714537434674,31.53477233116704,50421.12001979966
319,32,7,1715.6510484985567,0.8114043002511699,30.744777696399787,52747.310090683335
320,32,8,1681.3296428764068,0.854755495295853,29.57910203443849,49732.22106016726
321,32,9,1817.972059010728,0.8807212361916332,27.143034715704044,49345.27870990816
322,32,10,1543.0518591181567,0.8975106562697363,26.19127045490497,40414.48856810756
323,32,11,1846.2894790710875,0.8710066718584356,20.222589586306047,37336.75439276938
324,32,12,1712.7949365902482,0.7768023766908124,21.997469467333566,37677.15432144752
325,32,13,1933.4304933282756,0.8859247117468143,23.82481227536396,46063.61855101049
326,32,14,1958.081119214192,0.8494875006358594,22.75918232899444,44564.325207157286
327,32,15,1722.758554610511,0.8953194353142182,25.251420642712866,43502.10092830203
328,32,16,1902.5433375206328,0.9251893091663228,23.37442360721153,44470.853902285286
329,32,17,1507.7360031783942,0.8909730693123173,28.20415013293112,42524.412594468944
330,32,18,1594.9834415117498,0.8409595801757922,25.418641396218494,40542.3121326936
331,32,19,1559.1698823996987,0.8128698362264241,27.07764161598414,42218.64329405518
332,32,20,1438.0244416481876,0.7650160409982216,28.676060983041094,41236.87658380705
333,32,21,1520.0079437738625,0.8316753017556786,26.461654547104025,40221.92511699787
334,32,22,1365.198884443757,0.8160362043028344,28.690383092957163,39168.07899276914
335,32,23,1207.1788555752164,0.7709576380305879,33.14980799984992,40017.747283796976
336,32,24,1230.7255162330412,0.8183665594369296,33.37371520958112,41073.88287992623
337,33,1,1185.5739368796992,0.8047630267760526,16.69914894036823,19798.07575177282
338,33,2,1083.1754689336742,0.6980248666228651,17.54858047358864,19008.19188359969
339,33,3,1087.6021302673946,0.7867184734148097,17.0371831539267,18529.676691966448
340,33,4,910.5904163414692,0.7689327717105172,22.288267048795344,20295.4823714924
341,33,5,953.6072711810958,0.7262182827450115,21.44307892038376,20448.275974988035
342,33,6,1002.0917596262992,0.7533244433133833,20.89962887731184,20943.345877202035
343,33,7,1164.95033877623,0.7856050243922946,15.67813121414855,18264.24426930054
344,33,8,1166.1913502508985,0.8161215998756307,16.77165916673475,19558.963849602256
345,33,9,997.4104005974616,0.7810152848698315,18.678799410202483,18630.42880240969
346,33,10,1132.4619567100774,0.6544707511535772,12.477654826203109,14130.469399634914
347,33,11,960.9572328753012,0.6554670655982738,12.993928446600234,12486.609524224625
348,33,12,1052.028535850974,0.6649787062237945,13.5071574693382,14209.915095976416
349,33,13,992.6680447523278,0.7987087088988853,24.323341906773628,24145.00425243933
350,33,14,1108.0371487466482,1.0,28.84457889087016,31960.864951037525
351,33,15,1025.5227300055997,1.0,31.333159977978365,32132.867760318568
352,33,16,1406.5616505047046,0.8626868438665498,20.181888749410906,28387.07074967373
353,33,17,1610.060172976936,0.7710662016950263,18.552588375028915,29870.783648268945
354,33,18,1685.536311450238,0.7821351058761346,17.988230769927206,30319.81614145877
355,33,19,1349.255946204984,0.8204316491415359,22.07655582551198,29786.92421929832
356,33,20,1649.7768851955182,0.8593291911102734,19.86158904626696,32767.19051178372
357,33,21,1591.2206874321312,0.90189970066324,18.708175651783773,29768.83612123243
358,33,22,1306.1770083086742,0.7580313933903156,21.64365178493508,28270.440337321197
359,33,23,1716.92897606083,0.9400650646307216,18.001871689116303,30907.9351263729
360,33,24,1413.647926553614,0.9242437265214608,21.67887855090631,30646.301713496323
361,34,1,714.1868428477958,0.8941201595084354,76.91272267779196,54930.05458408031
362,34,2,679.1099003053059,0.7415684869441019,86.72616656459378,58896.59832954264
363,34,3,695.1579961259774,0.8206623588822332,70.34257670035231,48899.20466135479
364,34,4,742.2513234550066,0.7595649136958738,80.15470236325625,59494.93391026909
365,34,5,711.8525427563992,0.8309546592032974,78.6882641938216,56014.440951459226
366,34,6,793.0267026419527,0.8793723309562632,70.58330236482243,55974.44353595508
367,34,7,790.2984206590578,0.8412731717331776,73.30004379728496,57928.90884723407
368,34,8,791.3415015308931,0.8554205190735981,78.4922692355476,62114.19019542536
369,34,9,681.9630951542181,0.8146948880756678,92.857971753614,63325.70982683756
370,34,10,645.5806362857688,0.7258236438002653,77.8083114736357,50231.53922947102
371,34,11,655.1230611050679,0.8133740244910597,76.97662663551347,50429.16327499949
372,34,12,785.7213713043146,0.6909308793549441,71.87686678641317,56475.1903364781
373,34,13,856.2827092169335,0.8140393838856501,80.55403936007896,68977.03106161591
374,34,14,815.2027569321637,0.728184974153255,81.32269296231195,66294.48350402457
375,34,15,693.0615779737016,0.7851033587655705,93.3251375678577,64680.06710739224
376,34,16,769.0552315326615,0.789839627249287,90.99443070573284,69979.74297458009
377,34,17,731.8627257285174,0.7423369617915128,95.38354051535688,69807.65795120555
378,34,18,689.3111558097264,0.7184310658227511,97.48976584716176,67200.78317572667
379,34,19,700.3690184406265,0.7110177021919034,100.84684559239166,70630.00626037677
380,34,20,793.2189980953241,0.75077148659016,79.87401631562528,63357.58719572985
381,34,21,727.7189816826776,0.6945255375283054,107.18190699246848,77998.30821136663
382,34,22,703.1790274708205,0.7334385495170042,90.437471444435,63593.73321721791
383,34,23,713.4486915797123,0.6631245673735645,101.72299529527638,72574.13789698416
384,34,24,722.2711134878606,0.7044348907978576,109.9101753494906,79384.94473332257
385,35,1,1289.7053056797429,0.7784922298234878,28.118955979342516,36265.16671673317
386,35,2,1249.0455676389572,0.7525169360178978,27.055204624431017,33793.18341771058
387,35,3,1140.0461019632091,0.8013836056984737,30.01810059456104,34222.0185711688
388,35,4,1420.7890923888012,0.7959543074852939,23.217944244260217,32987.801929936264
389,35,5,1223.4941125435696,0.7471655950903231,28.18592529301229,34485.313652593424
390,35,6,1141.5055140377722,0.7933804112609013,30.254343523525225,34535.49995569701
391,35,7,1358.549322253931,0.8224933903587619,26.413335697604307,35883.81931044589
392,35,8,1314.4757513604138,0.7421453953622564,26.143707159197447,34365.269111432695
393,35,9,1400.120855347022,0.8137753291559628,23.40604883449315,32771.297114444715
394,35,10,1417.81605773237,0.7874619537949383,18.58730045873512,26353.3730602909
395,35,11,1453.4355263489745,0.8525842042200651,17.092478647323784,24842.81569938165
396,35,12,1291.6366074216344,0.9307027055542704,19.457663606027143,25132.230608440303
397,35,13,1166.7424713062717,0.7865893381222964,26.830409016069115,31304.177721566557
398,35,14,1273.219895427118,1.0,23.236119708270564,29584.68990509624
399,35,15,1399.54362813051,0.908034814545374,21.42505370391853,29985.29739367316
400,35,16,1426.211478689886,0.8612262761193552,20.21685190326857,28833.506247415105
401,35,17,1259.7619890799356,0.7820672818775625,22.274950561348057,28061.13602582105
402,35,18,1164.5473918020652,0.886681624787004,24.06229167548187,28021.67901146296
403,35,19,1252.7042356642444,0.8741642042077405,21.27443802843366,26650.57862959532
404,35,20,1166.2303341533068,0.917331569441384,24.91533666099035,29057.02139968891
405,35,21,922.3448589387896,0.874914131125235,29.996981238863533,27667.561429349105
406,35,22,1033.0192992533798,0.8327908815875324,25.36106837557207,26198.47308165051
407,35,23,1123.7101917510556,0.843721066200657,23.433962391882293,26332.98237286908
408,35,24,1112.6728121495337,0.7773103083317984,24.820386108280687,27616.96880973789
409,36,1,1158.4930060407748,0.8481242736612731,20.99473657369265,24322.255484291392
410,36,2,1446.601909757282,0.8184950485597451,16.681565085220434,24131.58391002028
411,36,3,1161.5085390587994,0.7842932035033467,21.46503163988281,24931.81754089119
412,36,4,1369.1533631479444,0.7592383361764956,18.1089682153074,24793.954735127358
413,36,5,1433.0759397300046,0.8067170796491631,16.98533466101463,24341.27443096216
414,36,6,1246.568425760328,0.8475922460911908,19.58906008263267,24419.10378933189
415,36,7,1315.3309270556222,0.881251083454959,18.31959791006228,24096.33370232845
416,36,8,1142.8935410430902,0.781572182853206,20.626986457619115,23574.44959359617
417,36,9,1271.1409109431393,0.7652734783346321,18.613957012244693,23660.96227280116
418,36,10,1246.4673362532728,0.8261270508270653,14.817964895670247,18470.1092322006
419,36,11,1270.5667799785692,0.7643836763878649,14.67668061408844,18647.70282861624
420,36,12,1137.4500474270203,0.8041789744609924,15.956732396931224,18149.98602166969
421,36,13,1404.338477553237,0.8079063179715524,16.06214386165549,22556.68665691834
422,36,14,1276.8664860268811,0.8522216335426666,16.44984914858524,21004.26107802632
423,36,15,1135.6532057156735,0.916571651831904,18.47032989519204,20975.88935610088
424,36,16,1174.579834927105,0.8914969932652562,16.902470656754208,19853.30119387059
425,36,17,1090.2665034114098,0.8597570746960111,18.048169046362577,19677.314159155765
426,36,18,1139.083142216076,0.8340463654062404,17.237344988801677,19634.76909330675
427,36,19,1044.103944269105,0.8892445340577037,18.18023700890852,18982.057168748543
428,36,20,1063.0910348478803,0.8355158674576613,19.31508953808525,20533.69852522251
429,36,21,1090.078981183014,0.7723228774575626,17.000338456591976,18531.71162452819
430,36,22,1197.5035938806532,0.8188144708001125,15.782927897283871,18900.112878956657
431,36,23,917.8720089023968,0.7946896168206352,20.593572238303288,18902.263520848068
432,36,24,982.8953320905766,0.7599118534706036,20.115571217322557,19771.501051841897
433,37,1,495.3213553174557,0.7044733134840584,44.18219208684954,21884.38326535448
434,37,2,592.2819915242267,0.7810549908410489,41.03283155706243,24303.00719249507
435,37,3,619.6638069241568,0.700515460643436,28.604702747966968,17725.2990007391
436,37,4,557.0075772807282,0.7844635840537464,37.58014457532466,20932.42528376109
437,37,5,620.4778922595203,0.7798699023126664,31.899145865281326,19792.71479136875
438,37,6,515.5335986692769,0.765174483058698,47.702533380148495,24592.258699109258
439,37,7,510.8745821044909,0.7524576862098111,40.26914308664688,20572.481646096672
440,37,8,523.392871144792,0.7372027575827607,32.83647848771085,17186.37875396718
441,37,9,489.0008685805117,0.6873742914458961,38.39875968814216,18777.02683991586
442,37,10,448.9083279662011,0.7550372180511521,31.949064610822248,14342.201174528343
443,37,11,130.8825854791992,0.695978977725361,123.32783247438616,16141.465575793209
444,37,12,162.31964220073868,0.6989881346276742,95.81334113986313,15552.3872518799
445,37,13,480.26091645046176,0.704821297432867,31.645466778685982,15198.080876634374
446,37,14,541.2643059017345,0.6875000240706257,32.33593760172514,17502.288821679555
447,37,15,160.39958849320445,0.6364446796322886,110.34965765123636,17700.039677624303
448,37,16,137.4863883502706,0.673745215512265,107.78342231696917,14818.753458392044
449,37,17,149.08266632789037,0.6676621503602974,117.05471404210684,17450.82887564604
450,37,18,119.84697364629928,0.707844706618926,146.63194542605962,17573.39489918256
451,37,19,120.15786256348176,0.6851190145069559,157.83060466717353,18964.58810390946
452,37,20,123.15276461160867,0.6974211578945346,166.06747252826725,20451.66835391849
453,37,21,132.8443899120271,0.7400536022646397,164.40574442680645,21840.380816411754
454,37,22,583.1705654955517,0.7944677992432915,39.57287549667972,23077.736181683777
455,37,23,551.2286335660515,0.6777088747379026,39.48114045764739,21763.135106098325
456,37,24,591.7336602311035,0.6961286768668997,37.96390472818426,22464.520301473367
457,38,1,848.7201328883473,0.7875634340938009,20.21222776615729,17154.524635662558
458,38,2,924.6898670718432,0.8238272196149632,21.54323446378376,19920.81061261376
459,38,3,803.3558038126212,0.7397341686867813,23.59897705765541,18958.37518330837
460,38,4,847.2893538358657,0.7853007762607424,22.828116977012797,19342.02048274273
461,38,5,847.8475729896791,0.6913022104384184,23.497004066419915,19921.877870242744
462,38,6,1022.7798349510482,0.7922002041498748,16.730193752656348,17111.304805040916
463,38,7,924.054171532209,0.6907263896425977,20.738033890056336,19163.06672548288
464,38,8,773.3748316105986,0.7521762381806788,22.81340194293363,17643.3108860812
465,38,9,925.402589569203,0.6801965678335861,18.199056696531777,16841.454194687252
466,38,10,863.9350356378044,0.7599722296161038,15.027818369366743,12983.058798497308
467,38,11,720.4099222482004,0.7677848487943941,18.6321550390295,13422.789362983656
468,38,12,912.6822375354257,0.6981978376616008,13.198208581670396,12045.770539778192
469,38,13,733.8499721273552,0.7734702309252237,31.487657641078297,23107.21668226101
470,38,14,817.3230889709256,0.8078587736914601,36.96008590678456,30208.331581963936
471,38,15,898.408710011632,0.9153203406356852,33.10460881583156,29741.46890167093
472,38,16,1300.7180637805611,0.8749089269713073,20.30885228155911,26416.091017274997
473,38,17,1269.4940124019224,0.7791716628947575,22.21653753150004,28203.761372541885
474,38,18,1225.5561708581106,0.949138353779298,24.00502269836012,29419.50369956426
475,38,19,1154.852833881988,0.8110468746411089,24.34975429177556,28120.3827481871
476,38,20,1147.6611618864736,0.8311275153715434,26.21434650720958,30085.187370558768
477,38,21,1413.3727309953802,0.8757585424937397,18.421952829234908,26037.08578052381
478,38,22,1390.0941402075448,0.902722814083972,19.791840129563425,27512.52098803065
479,38,23,1061.9694838124708,0.7689298052861199,24.089881312380182,25582.71882241207
480,38,24,1107.5212371887585,0.7718615470837528,25.25084610839642,27965.84832203415
481,39,1,1573.1955111561413,0.7368038241525667,16.57778502645398,26080.09698852889
482,39,2,1658.8333715479312,0.8409100977106667,14.591089497710652,24204.18618604497
483,39,3,1631.7782645741288,0.8649744801388868,15.804158824231823,25788.88285925891
484,39,4,1627.2947006015486,0.8265140352703954,15.608351351154417,25399.3874388606
485,39,5,1753.0280398226273,0.8138340459780318,14.533657863713644,25477.90975627864
486,39,6,1927.689081184338,0.757220372117775,13.373541173740092,25780.02929738795
487,39,7,1626.6301619941246,0.8079519015580521,15.119637582595482,24594.058530269744
488,39,8,1862.788261671613,0.8055367049572877,12.912488398425689,24053.23181755826
489,39,9,1914.883083336704,0.8420319043553512,12.499826688122306,23935.706669726063
490,39,10,1939.6550912524087,0.7722262928169021,9.727663016416844,18868.311095780697
491,39,11,1819.9567986950035,0.8346397048740877,10.13257059001232,18440.840733549965
492,39,12,1789.9879773216535,0.8823649212225798,10.44219557197648,18691.40453067931
493,39,13,1721.127236654114,0.9177435916194608,13.206971187269565,22730.877824115767
494,39,14,1656.4915947282493,0.8907626533911159,12.990798942546885,21519.14925713354
495,39,15,1780.206329222455,0.8485860365419569,12.100768534756542,21541.86473402953
496,39,16,1708.999343727066,0.7638760483365575,11.829420365694023,20216.47164164268
497,39,17,1739.8956870376812,0.7721752064307579,11.866830299130047,20647.04685626445
498,39,18,1551.3895166583748,0.8235465082673776,13.444197024907789,20857.18632433165
499,39,19,1411.0959187348294,0.8750770217165059,14.29169973364968,20166.95916593671
500,39,20,1464.3844311871503,0.7550590411322439,13.907725638571948,20366.25689834713
501,39,21,1763.7046184780156,0.8979637817148497,11.133004389883068,19635.33125997279
502,39,22,1577.15565922909,0.8133666172164605,12.746883821675151,20103.819956890693
503,39,23,1315.700440844175,0.8465907974768417,14.65289187865956,19278.81630439441
504,39,24,1334.8765931061316,0.8121831283188288,14.52792706504729,19392.98978548469
505,40,1,688.3473739951085,0.9167293056014152,20.406342188562927,14046.652058342885
506,40,2,668.4755319413941,0.7599907824767473,22.74868678736745,15206.940501153624
507,40,3,616.3880272594698,0.8766634359732806,25.20044133221054,15533.25031882926
508,40,4,572.8424100905402,0.7386278013951153,28.28085840612876,16200.475088796107
509,40,5,664.7886965916366,0.9604536810006415,19.92566951227855,13246.359863783367
510,40,6,708.8248955723268,0.83878677460893,23.16104536542096,16417.125562490437
511,40,7,546.2653409198072,0.834305144938179,26.31645360935639,14375.766502715358
512,40,8,620.449819491209,0.7668729487377147,27.19117170188941,16870.757574191754
513,40,9,582.5223715317146,0.8443471921159867,30.953783048625148,18031.271109363308
514,40,10,678.0239848235648,0.7691118269934832,21.449361280047192,14543.181407017875
515,40,11,579.5835086898172,0.7947062555454859,25.29857266639331,14662.63551083254
516,40,12,705.0917569512113,0.7553600483035402,22.25810216653421,15694.004363001171
517,40,13,700.1024610483579,0.6986549890739904,27.953111219862016,19570.041958983864
518,40,14,646.8785669904391,0.7743327364597281,30.452329898262,19698.95952610783
519,40,15,660.4951746151385,0.7523515106329265,27.638156321142112,18254.868885373253
520,40,16,783.8825457615372,0.7522858608114742,26.00957170113638,20388.449279254022
521,40,17,792.427687697942,0.7129198863540587,24.527278563905877,19436.094637919232
522,40,18,624.312620159388,0.7921353681406705,30.56389276673402,19081.423975470283
523,40,19,649.7994348006741,0.7890907480628495,31.73429440014093,20620.926565009773
524,40,20,660.3236440903919,0.7072144853672058,27.797616394882667,18355.423354895745
525,40,21,627.6907647393562,0.6667873894560336,32.78258248891783,20577.32427259986
526,40,22,785.7240461531936,0.6478571027943829,28.311011236412607,22244.642299362644
527,40,23,613.3566059138069,0.6353440120831427,37.09387154355743,22751.77115015913
528,40,24,823.7583592819716,0.7425079757653015,27.176361180684044,22386.75469745455
529,41,1,1602.9727766748997,0.857803547012353,16.84927903886186,27008.935605894578
530,41,2,1222.3315988539218,0.8070039915991416,19.99921704679127,24445.67494863098
531,41,3,1512.600028257724,0.7564898157772064,16.841311143959995,25474.16771225101
532,41,4,1428.0197047610498,0.8739246347933352,18.609402918101125,26574.594060886186
533,41,5,1495.5499397952233,0.8355081826241473,17.671506620935705,26428.620663031284
534,41,6,1312.7878488431402,0.8210816234836996,20.78910985463648,27291.69080543195
535,41,7,1567.6818552034265,0.7978810158351571,18.60403563333758,29165.209095941314
536,41,8,1396.3676649233275,0.7758876479258515,20.79826371078529,29042.02293228884
537,41,9,1239.2366221815023,0.7712501614805104,24.180875512176947,29965.82649110157
538,41,10,1517.367248376289,0.8309439854886471,16.62788712015486,25230.611325820908
539,41,11,1637.845175793369,0.8464098063549905,14.7504505008764,24158.954193639296
540,41,12,1297.0257251249457,0.8029807496568672,20.163418494254124,26152.472493507696
541,41,13,1396.4077560884011,0.7040376038386447,22.33872307282845,31193.96616000857
542,41,14,1227.5270496901696,0.8232037454216529,26.74745157107688,32833.22031377469
543,41,15,1340.7921075693137,0.7975733515918281,24.980284125647103,33493.367800506654
544,41,16,1613.2404209865265,0.6674255418832189,21.322586138479902,34398.4578385628
545,41,17,1556.13173288466,0.7230217150885062,26.052598732679236,40541.27561203283
546,41,18,1698.7419566851906,0.667778660431444,21.743305282627905,36936.26496061477
547,41,19,1394.7235314246618,0.7138644585733294,23.86623803625041,33286.80379574076
548,41,20,1617.1085575130144,0.7217159707254664,20.995040313259345,33951.2593559024
549,41,21,1454.067629404016,0.8033504235508706,21.43445856294093,31167.15235017413
550,41,22,1356.5857914634205,0.7294684379798121,23.34784429453949,31673.35383127256
551,41,23,1256.4908297093607,0.8089420628795121,23.432896129450448,29443.21910018646
552,41,24,1307.8550004506142,0.6807855003812043,26.39408727036853,34519.63901888138
553,42,1,455.2709993739015,0.6954400462618181,25.182359015313217,11464.797755494026
554,42,2,428.4287403105524,0.6616227660482433,25.377596366057144,10872.491643219511
555,42,3,485.44217709063474,0.6850622035578926,24.605609562936262,11944.60067487392
556,42,4,431.5894051897565,0.7928392225606703,28.529728256522212,12313.128448457812
557,42,5,545.6189607248812,0.7530482913172127,21.45145500896968,11704.32058803058
558,42,6,513.5817804507266,0.6760690583506376,18.899012115689363,9706.188291135595
559,42,7,553.072294961561,0.76868758739508,17.663855263066736,9769.388968213168
560,42,8,480.30224186081045,0.7614557260880691,25.261177395959205,12133.000135322836
561,42,9,463.0105495017012,0.6857708943601364,26.34338490511557,12197.265120652382
562,42,10,526.5952533328878,0.6537792956748539,13.735379123051608,7232.985448926619
563,42,11,440.81206877380765,0.7435924213636181,17.37028717292359,7657.032223891581
564,42,12,542.8604545974915,0.6707748404105752,16.144561636679402,8764.244069365002
565,42,13,123.51265794447116,0.7642052310075288,80.59676169231658,9954.720258335154
566,42,14,147.21141138076507,0.7347408495808849,60.7424533133839,8941.982282993473
567,42,15,490.51238602468845,0.7483702231163181,19.641928332416303,9634.60913245945
568,42,16,113.454024542355,0.7096805359845364,89.05480762069395,10103.626329412911
569,42,17,128.5888310989299,0.7227268835267472,73.39253278316255,9437.460001976764
570,42,18,120.45890206937216,0.66327824789562,82.68898769450236,9960.62467090758
571,42,19,136.6798030847317,0.7321643695693947,77.49733983230155,10592.32114786951
572,42,20,122.96568784089996,0.7853948431274733,89.61598388813705,11019.691100343782
573,42,21,484.74882609190206,0.6993124010915895,23.61621784153511,11447.933875414778
574,42,22,453.1702460467389,0.6637635712976095,24.86750514106249,11269.213423343834
575,42,23,527.1430559019634,0.6883052550848148,22.667854865531723,11949.202284558582
576,42,24,570.0528635426092,0.8163292025470735,21.681319162304835,12359.498073853116
577,43,1,1132.254406945919,0.8902742561840861,15.068571699181838,17061.456712779192
578,43,2,1256.690333365401,0.7805362578202492,13.715027720763656,17235.5427585222
579,43,3,1029.3395383665631,0.8857435053442761,16.208071155968142,16683.608481496656
580,43,4,966.379456431372,0.7988275489732002,16.992289899996408,16420.99987708282
581,43,5,1065.1135060848378,0.7698430718579052,17.66218274209845,18812.2293855476
582,43,6,995.8198151112464,0.8223512598782388,16.42591444567127,16357.251086321516
583,43,7,1121.331781912487,0.9127087981363792,14.146057279418857,15862.423616166856
584,43,8,1062.2051310602676,0.8151292246828212,18.801977004266654,19971.5564480092
585,43,9,1063.956224446325,0.7893900406535118,19.06821000481148,20287.740723668863
586,43,10,1230.6966474914195,0.7741182570337857,13.66533542089308,16817.88248933886
587,43,11,1194.3208301518923,0.7435223499648417,13.80096545124951,16482.7805146339
588,43,12,1166.242183386423,0.7038197056974204,14.552084598159473,16971.25491458144
589,43,13,1199.697718969308,0.7370849607995038,18.41762988114223,22095.5885572273
590,43,14,1036.4935747384452,0.7076095288367372,20.20456670732845,20941.90357252024
591,43,15,1208.9382404503128,0.7965613289788865,17.914926023990407,21658.03914524048
592,43,16,1169.216889786916,0.6660064915052115,20.93498980540452,24477.543667995866
593,43,17,1007.4164986685772,0.6954190334246526,26.99555484345465,27195.76734000864
594,43,18,1403.230123237634,0.6929076048651879,15.411149445154916,21625.38913515833
595,43,19,1121.3043303918894,0.6503463062802751,21.5608433035663,24176.266963189864
596,43,20,1101.2040951199776,0.737061914421233,19.918058332814688,21933.84740293413
597,43,21,1250.8798435094222,0.6443263613179246,20.1750670462875,25236.58470965221
598,43,22,1333.203971923263,0.7723066405936772,16.066481713941872,21419.89723585978
599,43,23,1221.8822023929754,0.6596338103806344,18.884495345158275,23074.62876342189
600,43,24,1251.304716915962,0.7525913476481805,17.612902048166923,22039.10741145008
601,44,1,965.6840709379818,0.6970571141670083,19.264927163960092,18603.833290016693
602,44,2,795.5349321138667,0.7474452304703008,23.945870708805646,19049.77662873713
603,44,3,814.787052018851,0.6813214914854417,22.030170757309342,17949.897886819977
604,44,4,934.8470548334946,0.687795068666797,21.121184126152112,19745.076774929257
605,44,5,809.2767327743395,0.7136169580533397,24.55139389355519,19868.87183523221
606,44,6,926.4719804245436,0.8131283435478909,21.62518163360816,20035.124855129416
607,44,7,885.6458510464488,0.7093113239526923,22.17864230274225,19642.42253726693
608,44,8,972.1324159842528,0.7289037968449207,18.400434196406493,17887.658550511907
609,44,9,1030.5856179993586,0.7102728370362184,16.70409462964517,17214.999687012634
610,44,10,786.417645654864,0.6801985176088031,19.347815569685046,15215.463568876236
611,44,11,961.2143983417698,0.6729365651079239,15.218789164573444,14628.519270315708
612,44,12,865.5827047151274,0.7111861525504074,16.601718866842265,14370.160719681488
613,44,13,965.710897790738,0.8188312794829486,26.038552771836976,25145.714174462195
614,44,14,865.7933669954282,0.8093261237087802,37.65889608902537,32604.82244224824
615,44,15,890.0556954017958,0.9081030766709882,34.64721746759055,30837.95323685355
616,44,16,1270.949121550938,0.8328320334944259,23.491411364504987,29856.388637709333
617,44,17,1440.2987238765331,0.7883142832738249,21.265830290467164,30629.14822953478
618,44,18,1177.05297472413,0.8313554967993027,25.03689854672357,29469.755912287237
619,44,19,1346.931500303008,0.8136702613351152,20.40212005276852,27480.25817203759
620,44,20,1360.1751965625608,0.7845066177446427,19.95335980186875,27140.065090590328
621,44,21,1356.6960857857314,0.7784366867577109,20.31510113683722,27561.41819468832
622,44,22,1135.3056797855986,0.7514025664338128,25.40691652023796,28844.616631264707
623,44,23,1263.5774901334528,0.782252451617577,24.06544861877054,30408.559164641647
624,44,24,1303.3174978082616,0.8166548309850838,21.496314302814103,28016.52256924362
625,45,1,517.1926659714941,0.7846997508684418,23.966210695961177,12395.148403078698
626,45,2,632.7434738525956,0.7306792011406605,18.454049483986257,11676.679377145165
627,45,3,547.7607468808039,0.7552395641414279,20.05335505365332,10984.440741655086
628,45,4,610.9902707548443,0.656999797970985,19.91679129203771,12168.965704089847
629,45,5,588.51073008871,0.7538809938311524,18.993019389472664,11177.595707487582
630,45,6,489.78946003520593,0.6817384058462933,21.991135087367997,10771.02618000324
631,45,7,599.2573789563547,0.6971494418156762,17.614607909076383,10555.683766936989
632,45,8,563.534170775896,0.7676423873219111,22.22286298391518,12523.342663906997
633,45,9,503.8470728531308,0.6589721726740018,21.393090755744016,10778.846156562991
634,45,10,480.8632867580874,0.7377310541055798,16.660289458722218,8011.321547462283
635,45,11,591.0781196816347,0.7145777974113263,14.77195440522696,8731.379033864392
636,45,12,135.9211141333598,0.7492979110333571,61.38931282748995,8344.10379539379
637,45,13,166.14110504641286,0.7093905182827682,70.1458759405153,11654.113343205796
638,45,14,563.4317592151547,0.6968430683695996,21.91652191855797,12348.464500450616
639,45,15,516.6536639216581,0.6580124586770313,18.99363153058541,9813.129321454886
640,45,16,579.6704644347442,0.6728890171631684,19.073864458386264,11056.555869158126
641,45,17,524.6581529721077,0.6338090751435899,18.97476513758661,9955.26523016573
642,45,18,128.42268454549375,0.7031597809856132,82.26340011473326,10564.486682574125
643,45,19,141.08184806397475,0.7804546641108078,80.86219261199112,11408.187572204795
644,45,20,135.84775281983855,0.699135073592734,91.18590629882672,12387.400459535971
645,45,21,553.9748497676474,0.699830776895494,22.082886683579087,12233.363832971703
646,45,22,635.2196711859309,0.706153574985545,19.70193266968389,12515.05519216395
647,45,23,526.2030441832829,0.6708267447573547,22.940285016659,12071.24781019812
648,45,24,554.05793700881,0.7327498540817396,21.315109854065284,11809.805792859568
649,46,1,1091.6721204653702,0.6603301927816899,30.24244255401832,33014.83139099732
650,46,2,1013.905349882412,0.6189179968797772,29.66012317488087,30072.55756518303
651,46,3,1008.001496922009,0.5831147399454171,31.300653696299893,31551.105780507707
652,46,4,1243.446364383316,0.7098210083399689,23.646149994332628,29402.71924211548
653,46,5,1034.9272005346163,0.6652781267486101,29.342280008092345,30367.12370607785
654,46,6,1006.330673672822,0.6465198549776496,29.58574129524169,29773.0389687504
655,46,7,1007.9208712079372,0.654283170822063,30.146090953880027,30384.87425774847
656,46,8,980.7295825085062,0.6855342749547961,24.856525977929365,24377.530344946503
657,46,9,1089.263833795873,0.7072796851532495,27.204960768123904,29633.37986455297
658,46,10,1014.1916761114204,0.7367854784343851,18.81168130722114,19078.650595444484
659,46,11,1162.0549146357564,0.6644349223776704,18.729978159841814,21765.26317166456
660,46,12,1294.0987140704344,0.7172267915037337,18.635892648091797,24116.684711450253
661,46,13,1220.243086975076,0.7740888852796036,17.985039168183913,21946.119713952397
662,46,14,1291.7102576784212,0.7724282534452083,19.664526906669188,25400.871117737905
663,46,15,1139.6466234016486,0.7152787223191233,23.142743352904635,26374.54931838872
664,46,16,876.4980114077515,0.6510907116645134,31.06835169734352,27231.34848043823
665,46,17,1115.266141640703,0.7192743162685187,20.794897628798275,23191.845244283253
666,46,18,1164.2897136846216,0.722391790749419,20.21993920296689,23541.867225342776
667,46,19,919.037617065864,0.704201777755509,26.83604121773336,24663.33137222697
668,46,20,1068.7048347945358,0.6887215034839387,23.16386705586659,24755.336715142494
669,46,21,970.8883159496248,0.8021132247221193,24.528132947458115,23814.07769074612
670,46,22,886.8394937439292,0.8237622679400205,24.833546606233654,22023.369900138525
671,46,23,1055.5885936917032,0.7853796881129991,23.95787467982136,25289.65924111469
672,46,24,907.4502517720535,0.7173065270219015,27.420699724539443,24882.9208687992
673,47,1,675.3456278413414,0.7718452879470955,17.58807050726821,11878.02651924883
674,47,2,658.378694849424,0.7850831802951325,19.69356519915441,12965.823752751316
675,47,3,661.2839762583154,0.7214064386296055,18.926956848512,12516.09328325357
676,47,4,773.3450392766916,0.6534669393770134,14.75482760632594,11410.57273473495
677,47,5,655.8668140613603,0.7141871652855702,18.72516139218628,12281.211945078
678,47,6,686.8059310482083,0.7107507957329077,15.810211559512409,10858.547070200064
679,47,7,724.9181611357177,0.8117007417703339,17.806401646136052,12908.183937760965
680,47,8,714.0998296594125,0.6991817674387237,16.57933633375936,11839.301251803668
681,47,9,652.3602159167568,0.631113594278696,14.17451381482728,9246.888892755776
682,47,10,773.5795856748097,0.7055530272907953,12.546550206748972,9705.755110585069
683,47,11,713.6262151884474,0.7401071582953674,10.844065961583096,7738.609749418417
684,47,12,198.41262449475295,0.7792430534144583,44.43803263291895,8817.066682080926
685,47,13,706.0413033759801,0.6858531159312556,15.939250705489124,11253.76934294005
686,47,14,161.78236685287888,0.6157152161226255,52.899843454236944,8558.261880173224
687,47,15,600.8673053745413,0.7274867334370961,19.42406478831989,11671.285468778284
688,47,16,192.86855339080424,0.6964729823221056,56.884824711582255,10971.293852012344
689,47,17,156.24059756491656,0.7330242922272187,71.08248618305227,11105.97011764001
690,47,18,684.6617404169848,0.6936515819493038,15.552921194852177,10648.4900938357
691,47,19,704.7974692537961,0.7034781481328335,15.21711070229839,10724.98111233476
692,47,20,563.4976760947519,0.7399184454613137,20.766585958919144,11701.922928272845
693,47,21,720.3771706397729,0.721453078268809,17.201603074513763,12391.642153286642
694,47,22,748.1747085268382,0.7279544079465662,15.6772521931095,11729.323590081436
695,47,23,780.863571188971,0.7264939827720552,16.04482539660013,12528.819658292678
696,47,24,650.2814386261603,0.7597484130126494,19.211879181520352,12493.128432871032
697,48,1,955.130021038592,0.7500990403228629,23.16137711377148,22122.126609959312
698,48,2,942.0089639791582,0.8934610427251062,22.89764997594933,21569.79153140143
699,48,3,1112.5223563486609,0.8349985171854268,20.043671338532423,22299.03246742221
700,48,4,1013.7988535107024,0.7726222571816614,20.535700888645817,20819.07001694784
701,48,5,955.1014603235574,0.8345161024605837,23.151047422165604,22111.599200930297
702,48,6,1008.0580040103029,0.8385555275235681,23.44159905236527,23630.49155153714
703,48,7,1008.597345196615,0.7595118257162214,21.816695672033585,22004.26133577555
704,48,8,1111.9856042168667,0.9003630574646976,18.825870688896284,20934.097192900936
705,48,9,948.7041075262994,0.908154353958716,21.06002488028861,19979.732108535867
706,48,10,1093.4136406727712,0.8705615718210256,15.91928910390131,17406.367856019107
707,48,11,1113.3053851210827,0.8100429205875388,15.090391017059028,16800.21358287463
708,48,12,1113.9450974530496,0.8495843350845864,14.415842460908692,16058.457034984744
709,48,13,1062.2754930663264,0.8183213254565621,18.93251995713234,20111.55197245082
710,48,14,1086.3153161833625,0.8932623807333927,18.52646114043394,20125.57849152927
711,48,15,1053.6092018520058,0.9040386006821496,17.193576332106858,18115.310236252644
712,48,16,999.6314222265434,0.8693501710917431,17.415236042150543,17408.817173225903
713,48,17,780.9191865122617,0.930637617225949,24.444510765171323,19089.187461427813
714,48,18,975.7083628854292,0.7997346029585126,17.964804271404766,17528.409765209508
715,48,19,933.4901737117286,0.8240149260758847,18.902217215914384,17645.034032420746
716,48,20,812.522327933326,0.8012201368859841,21.589392487567075,17541.86344266426
717,48,21,824.8730071898627,0.8963651834604742,21.374472251074813,17631.225202840356
718,48,22,840.1697639939684,0.9143577307826516,20.601525124875167,17308.77850208218
719,48,23,866.4209257354074,0.8853883096940891,20.06655653028041,17386.08448528744
720,48,24,807.5755173369174,0.8232596875925972,21.24434090696839,17156.409598426835
721,49,1,2298.861958308229,0.7321696365633569,14.678193244273386,33743.14006595694
722,49,2,1906.372857129196,0.728058854562972,16.862304732820466,32145.84005129011
723,49,3,2330.285104525911,0.5926697582283611,15.381376566771308,35842.99270065107
724,49,4,1915.245557318523,0.6536679283747852,17.538652806628807,33590.82686924787
725,49,5,2058.5460976847844,0.6825458569079752,16.053342893806565,33046.54636884127
726,49,6,2117.7362001745755,0.6949356170473663,15.82891024780942,33521.45624110032
727,49,7,2319.233496320669,0.7850402435673282,12.766990180010152,29609.6312726766
728,49,8,2193.083756532065,0.7588830298430779,14.563307380099388,31938.55285667951
729,49,9,1773.4107686958314,0.7007521801922256,20.142355229348173,35720.66967062284
730,49,10,1900.2677615949328,0.731630393217715,13.381477789797636,25428.39084645106
731,49,11,2372.0156175132392,0.7377878110101049,9.268729782245334,21985.571797996017
732,49,12,2050.0844642748225,0.7711165391374983,11.77305232060574,24135.75165956848
733,49,13,2180.76079239671,0.8404304496834185,11.512632582283205,25106.297752712097
734,49,14,1884.6256164403128,0.8837258516269908,9.951890899245573,18755.588520737427
735,49,15,2076.984863146265,0.8892968801345381,9.11787393228324,18937.686141428203
736,49,16,1763.2783240180552,0.8245279020437056,9.536015158659705,16814.648826772253
737,49,17,1401.7445983434686,0.7683497612664456,12.195838659207835,17095.450962813033
738,49,18,1623.108682064912,0.8874372465988853,10.959248183740996,17788.05087593413
739,49,19,1554.495594642728,0.9444435429310838,11.62553328385177,18071.840275119983
740,49,20,1350.2152552581683,0.8554129934392939,12.072753343524806,16300.81573739625
741,49,21,1478.6222179198353,0.828555931302988,10.999713916038758,16264.421387016904
742,49,22,1620.083153926951,0.7603104136152854,10.524031616170769,17049.806332752883
743,49,23,1639.4968718618277,0.8547645479011037,10.692252506438535,17529.91453746277
744,49,24,1365.1349883174398,0.9330876210625488,13.01145135356798,17762.38749154596
745,50,1,2121.9132939486008,0.8120206805876258,9.243324367691502,19613.53285608364
746,50,2,1667.584570737351,0.877401538916299,11.40906790091995,19025.585598068887
747,50,3,1625.7934121858643,0.8390124092492012,11.119844303199486,18078.56961267424
748,50,4,1668.2585755203213,0.7575889293742002,11.889070877093086,19834.04444567945
749,50,5,1780.7523597654106,0.7540020608582795,10.62395729771655,18918.6370279557
750,50,6,2107.576336935849,0.8621365076257547,8.62569774628931,18179.316459640235
751,50,7,1699.3504301637402,0.8291687888464915,11.321351595899886,19238.943704527417
752,50,8,2064.136709932486,0.8654411771593828,9.75081584499952,20127.016937454864
753,50,9,2112.8320016124503,0.7572045465525354,10.196305356474683,21543.08025537216
754,50,10,1667.0093943569589,0.7358680614702098,10.248184804859669,17083.820344807304
755,50,11,1925.480589254188,0.808779236066821,9.49929155024713,18290.70149166717
756,50,12,1896.4100647464209,0.699997479236004,9.452720915116188,17926.235082665335
757,50,13,1745.8333730847282,0.8017187559345539,13.692691830383,23905.15836484725
758,50,14,1992.320131123174,0.8107939694766508,11.385730628137086,22684.020337983216
759,50,15,1665.0239809031243,0.7610228922629295,14.467838950882252,24089.298805063256
760,50,16,1845.54608948729,0.721673588859619,14.801630140617174,27317.090624053235
761,50,17,2246.7322322679915,0.6742977352875551,11.9154027534354,26770.71942659809
762,50,18,1886.005439631469,0.7498581998882143,12.30515290504982,23207.585314420936
763,50,19,1895.4037001854688,0.7295206979616798,14.014229550550976,26562.622545362865
764,50,20,2088.2463779423624,0.6204031348583645,13.441053831907638,28068.231980209435
765,50,21,2369.407760823756,0.6699946998655482,10.306532062750096,24420.377056658952
766,50,22,2362.6040327556857,0.781138290498379,9.242051398408035,21835.30790481415
767,50,23,1930.8410298713247,0.7106293039428273,11.488895279486384,22183.230393527298
768,50,24,2102.3317274503333,0.6785900250684326,11.33954503797342,23839.48530818352
769,51,1,1875.3490345585408,0.8836613296601956,9.291744365448675,17425.263825108937
770,51,2,1822.341778327022,0.7773798336445897,9.675768598151672,17632.557353836473
771,51,3,1573.0243865465864,0.8833556483239857,11.061879624434852,17400.606410278815
772,51,4,1699.3868144698963,0.8963686032454395,9.89794459727532,16820.43653896323
773,51,5,2019.717880047495,0.8804852105990391,8.327292011666199,16818.780568338894
774,51,6,1928.5905756981751,0.8905588091420931,9.235841347678344,17812.15658177599
775,51,7,2046.9181729359063,0.7753024481362023,8.694337252839551,17796.59692447092
776,51,8,2006.757474090376,0.8108892626689025,8.293462477905997,16642.96781362595
777,51,9,1794.6877745505117,0.765716852533946,9.779490532081136,17551.13209925849
778,51,10,1855.686799978108,0.8654563626657387,7.400126536746813,13732.317132408774
779,51,11,1769.2550746158238,0.7945217408969494,7.582130035823359,13414.722042277535
780,51,12,1786.8131059606426,0.875018352376827,7.572228629041817,13530.157355702308
781,51,13,2057.052110149576,0.7839736704464357,7.755387546244011,15953.23631702898
782,51,14,1776.9519702572532,0.7996789935220961,8.163421083956163,14506.007179175504
783,51,15,1669.009248570013,0.8058028424932534,8.794686718523888,14678.413471492227
784,51,16,1664.207437790594,0.7573739199166696,8.239768016725458,13712.68321910356
785,51,17,1494.3442385775402,0.9130748788349984,9.67160757488966,14452.71105731926
786,51,18,1761.7371426284676,0.9943866416717564,8.535947281554561,15038.095373433169
787,51,19,1446.799650582066,0.7726967242444631,9.925388914706248,14360.049213688108
788,51,20,1531.7490224735398,0.7696376780803339,9.033327566424964,13836.79066955472
789,51,21,1456.8917151488065,0.8272600319450653,9.271507895067469,13507.58303926054
790,51,22,1451.4979498691307,0.8081372326826761,9.243744374258023,13417.276008349832
791,51,23,1635.501145842455,0.7715967675034036,8.449274409223307,13818.797977822049
792,51,24,1305.4487445997938,0.830733091361045,10.85645849177052,14172.550108881596
793,52,1,820.5764703641062,0.7899998919655281,20.61754915616663,16918.275714125666
794,52,2,665.0938662169987,0.796312335042533,23.1468724582454,15394.842894086198
795,52,3,679.9533259266555,0.8565100009605856,24.7789372979258,16848.520828652698
796,52,4,702.9009921719193,0.7661672512547584,23.784470168713845,16718.127679872377
797,52,5,692.7554919230164,0.8744551477976105,24.701735311664,17112.26279718394
798,52,6,637.8671440739809,0.7966307947786455,26.00917160140748,16590.396009119875
799,52,7,703.5886108121987,0.7551855452154149,23.08669570835213,16243.536161683429
800,52,8,787.3940502495175,0.8961868674797275,19.989686384516396,15739.760125521996
801,52,9,680.7287285250935,0.919896845142005,22.23775050416505,15137.87562595853
802,52,10,688.9776657559929,0.7508303200484238,18.56991252908732,12794.254987583548
803,52,11,764.3264640071626,0.7857454035737417,16.794052059048543,12836.13842664478
804,52,12,840.3049678133035,0.8669155355780144,15.198791287806776,12771.619823901592
805,52,13,697.9911790525538,0.8971404945045851,21.5964500805906,15074.131655101051
806,52,14,715.3063326174293,0.915341829098954,20.208716761753664,14455.423073754386
807,52,15,644.0049005237165,0.9125938580151728,22.48666403489143,14481.521834900488
808,52,16,840.8180643232556,0.9048300315419238,15.922639805086495,13388.043179829248
809,52,17,830.1589224985636,0.8288031806724545,16.026253087309104,13304.336994649804
810,52,18,597.7960213046327,0.8418825027764912,23.11109357395329,13815.719786508344
811,52,19,698.5191597424746,0.8830722052700691,18.990498071996083,13265.226756341788
812,52,20,642.154338900874,0.8564178530820106,20.93848047324545,13445.73608588579
813,52,21,644.1437344534887,0.8129627882451562,19.345824710547078,12461.491775134376
814,52,22,616.313076993628,0.9064813522732532,21.76204423158893,13412.232442042006
815,52,23,665.0750196961102,0.8018821105760157,19.28912435081068,12828.714757536132
816,52,24,586.7484218380512,0.8883442852101883,21.47779076383456,12602.0598352478
817,53,1,179.22942580811971,0.6808437947596678,38.08344058224619,6825.673188353629
818,53,2,616.087674542507,0.7353673196482741,12.737009406479038,7847.114505863708
819,53,3,545.4281805156575,0.7527658106804919,17.46752508738366,9527.28042652327
820,53,4,683.3858711114448,0.6892658827280872,13.317833999320696,9101.21958894339
821,53,5,680.0969449433942,0.734420569546903,10.77270833833526,7326.486029668039
822,53,6,664.9922649845178,0.6723496962780445,11.44198005309149,7608.828231412982
823,53,7,591.4788435030666,0.7236473460331428,14.065062260434116,8319.1867596002
824,53,8,559.7764697088269,0.7610867653118393,12.536120158571745,7017.42508621095
825,53,9,689.6924430019506,0.772821956364729,10.996766449124662,7584.386717418673
826,53,10,592.4939728754248,0.6613880075773085,10.978251502923428,6504.547848192705
827,53,11,669.0323674561432,0.7292442927015672,8.483989700962477,5676.063715108463
828,53,12,711.7109616709321,0.7666193729779043,8.820929527266593,6277.952236682427
829,53,13,564.3047936972732,0.6983065714912126,13.19878973243828,7448.140317017271
830,53,14,653.4427059454883,0.7220118428127927,11.985137855743488,7831.600911586733
831,53,15,620.6858125790575,0.6546669726258321,10.291377294227974,6387.711878425553
832,53,16,599.0408978036903,0.6632695351606436,10.563729620777403,6328.106076185933
833,53,17,174.9247185057093,0.7539977471245944,39.07106074950386,6834.494303326432
834,53,18,167.9709021287477,0.6496910071957839,34.15854248638416,5737.641196841103
835,53,19,176.74632976066263,0.6980842334950271,44.010564918319744,7778.705820006392
836,53,20,198.4537558484604,0.7924767479163096,40.04475327730882,7947.0316899068785
837,53,21,182.95307050863596,0.7913000222365395,43.382600443575086,7936.979957801373
838,53,22,710.8857947929084,0.7120857509255032,11.381140827597852,8090.6913428769185
839,53,23,604.266240286499,0.7123007479350943,13.10684393179795,7920.023304689463
840,53,24,730.9319188182474,0.765724129141058,12.124395621392903,8862.107756056272
