trailing_6_period_slope,variance_from_target,volatility_measure,time_to_green_estimate,allocation_percentage_of_parent,optimal_band_distance,sibling_rank_pct,scenario_encoded,allocation_fitness_score,l3_share_of_l2,l3_share_of_l1,alloc_drift_std,weighted_goal_status_score,status_band_unique,delivered_output_quality_score,delivered_output_quantity,allocation_efficiency_ratio,needle_move_ratio,output_cost_per_unit,n_dependencies,n_dependents,dependency_risk_encoded,dep_avg_attain,observed_value,allocated_amount,allocated_time_hours,budget_shock_exposure,shock_alloc_impact,recovery_period_estimate,recovery_window_remaining,market_shock_vulnerable,market_shock_forward_risk,period_id_scaled,market_shock_period,status_band_encoded,goal_id,bucket_id,target_value_final_period
0.1819785762702569,60.9794190085,1.2506203125875497,5,0.2250302766238187,0.3910998454984194,0.0,0.0,0.0,0.3999999999999995,0.13999999999999974,0.03235296770766432,0.05,1,0.7676716518925416,256.69616664648095,0.1170059723953939,0.30502325068571434,115.37005088491188,0.0,0.0,0.0,-1.0,24.020580991500005,29615.049807966327,59.23009961593265,0.0,0.0,6.0,6.0,0.0,0.07953177793374237,0.75,0.0,0,1,19,85.0
0.2256822820748805,63.46172064037977,1.009075131139423,5,0.4540593441431259,1.0,1.0,0.33,0.0,0.24999999999999944,0.08749999999999974,0.03268392709367579,0.95,1,0.6948611274172886,596.0540880112578,0.0877514132594577,0.27350196012216166,100.25324988442632,0.0,0.0,0.0,-1.0,21.53827935962023,59756.35943002648,119.51271886005291,0.0,0.171659621751476,6.0,6.0,0.0,0.0,0.75,0.0,4,2,20,85.0
0.0374943536728885,2.3665232262139364,0.0735175842386261,1,0.3752970335294172,0.6506946597265422,0.5,0.67,0.0,0.34999999999999953,0.12249999999999973,0.009718800236585457,0.3024271874473772,5,0.8082943074186827,1277.6542500464295,0.1548828028797919,0.3627125676115404,38.65745873882428,0.0,0.0,0.0,-1.0,1.1334767737860638,49390.86645365332,98.78173290730663,0.0,0.15745745953391133,6.0,6.0,0.0,0.010363301871745502,0.75,0.0,1,3,21,3.5
169.77683235072303,35905.1946353861,979.0924791501152,0,0.3782887041530575,0.14373356558296116,0.0,0.67,1.0,0.349999999999999,0.08749999999999974,0.010987325551830514,0.4934024622890755,4,0.8484725892207502,1059.7776672640268,0.1581422635116123,0.32216697976260344,33.55460166625214,0.0,0.0,0.0,-1.0,14094.8053646139,35560.41747983432,71.12083495966866,0.0,0.1542636199098425,6.0,6.0,1.0,0.14493380477119128,0.75,0.0,2,4,22,50000.0
-0.1475236080184384,65.5560871857808,1.4805899768421087,6,0.1385396283014824,1.0,0.5,0.0,0.0,0.349999999999999,0.08749999999999974,0.01954698729573592,0.05,1,0.6301144680002219,220.13388249000707,0.0676206974402989,0.24690682938691047,59.160331992848526,0.0,0.0,0.0,-1.0,19.4439128142192,13023.193570983523,26.046387141967045,0.0,0.1645939461725029,6.0,6.0,0.0,0.07736582204319836,0.75,0.0,0,5,23,85.0
-0.2182096858951338,34.81606281354017,0.4311718878475613,6,0.4458372832790956,1.0,1.0,1.0,0.0,0.3,0.075,0.07163900994967462,0.95,1,0.6947364138043933,753.4049388395707,0.1239397257984164,0.2545984296614957,55.62773774315394,0.0,0.0,0.0,-1.0,10.183937186459827,41910.21235216458,83.82042470432914,0.0,0.0,6.0,6.0,0.0,0.0,0.75,0.0,4,6,24,45.0
0.4004432888736904,30.66256300741829,0.800995411046833,0,0.4061887996724542,0.7641865496419314,0.0,0.33,1.0,0.44999999999999996,0.11249999999999999,0.10083774560266093,0.4890991808892775,3,0.8437083594198699,1385.5979104364242,0.1619456425228531,0.27666479978019876,27.557143759430296,0.0,0.0,0.0,-1.0,9.337436992581708,38183.12081066277,76.36624162132554,0.0,0.0,6.0,6.0,1.0,0.07997024876758045,0.75,0.0,2,7,25,40.0
0.016153156587735,2.5869310415792715,0.1074020179161767,1,0.3248157270812639,0.9897964793515951,0.5,0.67,0.0,0.3,0.075,0.01015253624936531,0.1440738173518436,5,0.8297072605259057,1056.3853049538427,0.1776159855368046,0.3898121264608906,28.90401509564436,0.0,0.0,0.0,-1.0,1.4130689584207283,30533.776801202737,61.06755360240548,0.0,0.1980537543637324,6.0,6.0,0.0,0.05982830628666481,0.75,0.0,1,8,26,4.0
1494.4518398826622,185829.97474608044,5365.33067322552,0,0.2478463935038482,0.14720706440111916,1.0,0.33,1.0,0.25,0.0625,0.0816171683361877,0.4522492272529815,3,0.8821579000243744,645.02564996368,0.1483655314250768,0.3019765894302097,36.12011266967304,0.0,0.0,0.0,-1.0,64170.025253919564,23298.39915151721,46.59679830303442,0.0,0.5108283162740197,6.0,6.0,1.0,0.17035966545333517,0.75,0.0,2,9,27,250000.0
5.3763715504459055,386.05240023158615,11.033941094391066,7,0.8368188091798224,0.2937711505226452,0.0,1.0,0.0,0.4,0.06,0.1444858283635109,0.95,2,0.6795234377467374,1919.4802181041584,0.177821378412121,0.2681119994550914,24.589093628164004,0.0,0.0,0.0,-1.0,113.94759976841384,47198.27880037181,94.39655760074362,0.0,0.0,6.0,6.0,1.0,0.12191826189017577,0.75,0.0,4,10,28,500.0
1.0311768026506076,114.4489237096928,3.6051744550817113,5,0.1481337586037186,0.839925209238502,0.5,0.0,0.0,0.34999999999999837,0.05249999999999975,0.017613259693856614,0.05,1,0.7348819958256277,88.40878733832118,0.1010775223840188,0.2844086103224577,94.50468454917538,0.0,0.0,0.0,-1.0,35.55107629030721,8355.044558783173,16.710089117566344,0.0,0.11492841473613159,6.0,6.0,1.0,0.08173069729124868,0.75,0.0,0,11,29,150.0
0.5527000167476964,57.58970986301024,1.4921890300548972,1,0.2713556833494184,1.0,1.0,0.33,0.0,0.25,0.0375,0.0673997552856183,0.05,3,0.8630084040423689,481.5767859500792,0.1655272590592987,0.30386834084053915,31.781040088890265,0.0,0.0,0.0,-1.0,22.41029013698976,15305.011140158394,30.610022280316787,0.0,0.0,6.0,6.0,0.0,0.0,0.75,0.0,0,12,30,80.0
-1.6276467626827162,57.53021299603742,3.587669556561352,6,0.754965393754032,0.9068820439279145,0.0,1.0,0.0,0.3999999999999995,0.15999999999999973,0.13605195837174353,0.95,2,0.6941950664534752,1980.3497174682848,0.1368854652348576,0.3088711782106369,50.17145169865762,0.0,0.0,0.0,-1.0,42.46978700396258,99357.02019641032,198.71404039282064,0.0,0.0,6.0,6.0,0.0,0.0,0.75,0.0,4,13,31,100.0
-0.037559300944702,0.6944446894409669,0.1228805291449232,1,0.3080611977135736,0.9444905668937672,0.5,0.67,0.0,0.34999999999999953,0.1399999999999997,0.008792725683029058,0.05,5,0.8409595801757922,1594.9834415117498,0.192730698284692,0.40277765527951653,25.418641396218494,0.0,0.0,0.0,-1.0,0.8055553105590331,40542.3121326936,81.08462426538719,0.0,0.19889946505036277,6.0,6.0,0.0,0.0,0.75,0.0,0,14,32,1.5
0.0219046419663175,63.82405598908806,0.8289878709217595,0,0.2303854512397432,1.0,1.0,0.33,1.0,0.24999999999999944,0.09999999999999971,0.05670821420242145,0.4576948370386452,3,0.7821351058761346,1685.536311450238,0.2163337972999565,0.26890087632904053,17.988230769927206,0.0,0.0,0.0,-1.0,21.17594401091194,30319.81614145877,60.639632282917546,0.0,0.0,6.0,6.0,0.0,0.0,0.75,0.0,2,15,33,85.0
0.6360353820746023,48.95641810506753,1.4512655183581904,4,0.6808345047727828,1.0,0.0,1.0,0.0,0.5,0.15,0.1215625033745317,0.95,2,0.7184310658227511,689.3111558097264,0.0938706464198161,0.2852192336876884,97.48976584716176,0.0,0.0,0.0,-1.0,16.043581894932473,67200.78317572667,134.40156635145334,0.0,0.0,6.0,6.0,0.0,0.0,0.75,0.0,4,16,34,65.0
-0.1349066074903652,61.32817874785693,1.1430920482926588,1,0.2838973751657466,0.6239140772244158,0.5,0.67,0.0,0.3,0.09000000000000001,0.007493079283740057,0.3192442483600242,5,0.886681624787004,1164.5473918020652,0.1758456914226792,0.30059455558276926,24.06229167548187,0.0,0.0,0.0,-1.0,23.67182125214308,28021.67901146296,56.04335802292592,0.0,0.1839960936202387,6.0,6.0,0.0,0.0,0.75,0.0,1,17,35,85.0
-0.2003553213274842,67.56785428195906,1.3947267439714048,1,0.198926674068853,0.14744353704008556,1.0,0.67,0.0,0.2,0.060000000000000005,0.003390634417150277,0.05,4,0.8340463654062404,1139.083142216076,0.2389846376861686,0.3048016190893438,17.237344988801677,0.0,0.0,0.0,-1.0,27.432145718040942,19634.76909330675,39.269538186613495,0.0,0.1742203024715286,6.0,6.0,0.0,0.0,0.75,0.0,0,18,36,95.0
0.3046673733119705,64.62034378591196,1.281458482883281,6,0.267063262835972,0.20842015296097463,0.0,0.0,0.0,0.5500000000000008,0.11,0.04438281073128139,0.05,1,0.707844706618926,119.84697364629928,0.1100179997815713,0.28425113938100965,146.63194542605962,0.0,0.0,0.0,-1.0,23.379656214088044,17573.39489918256,35.14678979836512,0.0,0.06749168941552813,6.0,6.0,0.0,0.0,0.75,0.0,0,19,37,88.0
0.8256765147969266,67.23780349880218,2.184430880702537,0,0.4470888348036866,1.0,1.0,0.33,1.0,0.4500000000000007,0.09000000000000001,0.1021467223750744,0.4927109930014485,3,0.949138353779298,1225.5561708581106,0.1670858173100088,0.32892443606442934,24.00502269836012,0.0,0.0,0.0,-1.0,32.66219650119783,29419.50369956426,58.83900739912852,0.0,0.0,6.0,6.0,0.0,0.0,0.75,0.0,2,20,38,99.9
0.3244631268675952,52.234932247076586,0.9228543189547092,1,0.6339342244693913,0.6493285838166021,0.0,0.67,0.0,0.5999999999999989,0.05999999999999972,0.009643255106128028,0.1744214056029037,4,0.8235465082673776,1551.3895166583748,0.2433197365492727,0.28424108404677456,13.444197024907789,0.0,0.0,0.0,-1.0,17.76506775292341,20857.18632433165,41.71437264866331,0.0,0.13793089919031407,6.0,6.0,0.0,0.0,0.75,0.0,1,21,39,70.0
0.0909094562301289,6.156821739047394,0.2026223345988159,4,0.5799616267295833,0.6063355113228889,1.0,1.0,0.0,0.3999999999999983,0.039999999999999716,0.11976515113780968,0.95,3,0.7921353681406705,624.312620159388,0.1538543973974257,0.2730634460670528,30.56389276673402,0.0,0.0,0.0,-1.0,1.8431782609526064,19081.423975470283,38.16284795094057,0.0,0.0,6.0,6.0,0.0,0.0,0.75,0.0,4,22,40,8.0
-0.2763701541013761,5.823550098077472,0.5174888821042922,6,0.6548747548745053,0.6650354047303908,0.0,1.0,0.0,0.4,0.16,0.1024584737006312,0.95,2,0.667778660431444,1698.7419566851906,0.2054301142192881,0.2784299934615019,21.743305282627905,0.0,0.0,0.0,-1.0,4.1764499019225285,36936.26496061477,73.87252992122954,0.0,0.0,6.0,6.0,0.0,0.059029843216624606,0.75,0.0,4,23,41,10.0
-0.2947783487086265,1.405911661253998,0.5191595434129924,5,0.1766004669587735,0.417659024779913,0.5,0.0,0.0,0.34999999999999837,0.13999999999999935,0.024852372081513793,0.05,1,0.66327824789562,120.45890206937216,0.0669494732128596,0.2882320376384447,82.68898769450236,0.0,0.0,0.0,-1.0,2.594088338746002,9960.62467090758,19.92124934181516,0.0,0.12368982347257323,6.0,6.0,0.0,0.07141556813335868,0.75,0.0,0,24,42,4.0
0.4965596204910965,50.49308552281551,1.3578849538628703,4,0.3834150914840332,0.1335501048126084,1.0,1.0,0.0,0.25,0.1,0.07871788286872836,0.95,2,0.6929076048651879,1403.230123237634,0.2935136486494459,0.3184802363621958,15.411149445154916,0.0,0.0,0.0,-1.0,19.50691447718449,21625.38913515833,43.25077827031666,0.0,0.0,6.0,6.0,0.0,0.0,0.75,0.0,4,25,43,70.0
-0.0560536740540448,73.41585306580494,1.5511960533974574,1,0.5971366916915373,1.0,0.0,0.33,0.0,0.55,0.1925,0.14020590482496237,0.05,4,0.8313554967993027,1177.05297472413,0.1676010372803714,0.26677538704733006,25.03689854672357,0.0,0.0,0.0,-1.0,26.534146934195068,29469.755912287237,58.93951182457447,0.0,0.0,6.0,6.0,0.0,0.0,0.75,0.0,0,26,44,99.95
1.1833407481514162,60.19509440971214,2.220979098632733,5,0.2140649771863685,0.9901929220926403,1.0,0.0,0.0,0.45,0.1575,0.029069736963043265,0.05,1,0.7031597809856132,128.42268454549375,0.0448690387151639,0.31498292813063955,82.26340011473326,0.0,0.0,0.0,-1.0,24.804905590287863,10564.486682574125,21.12897336514825,0.0,0.0639264187109509,6.0,6.0,0.0,0.0073075930716836705,0.75,0.0,0,27,45,85.0
0.0928913603478555,71.19300606497393,1.659766921047035,4,0.6678303632453865,0.08504346668488963,1.0,0.33,0.0,0.45000000000000007,0.11250000000000002,0.052964916399420546,0.95,1,0.722391790749419,1164.2897136846216,0.2402066789349279,0.2877458087423236,20.21993920296689,0.0,0.0,0.0,-1.0,28.30699393502608,23541.867225342776,47.08373445068555,0.0,0.16316197400313875,6.0,6.0,0.0,0.11776026150643949,0.75,0.0,4,28,46,99.5
-0.3364203678447873,62.89642415445108,1.138520516302152,5,0.3020739578263275,0.2697646514000748,0.0,0.0,0.0,0.55,0.1375,0.04064573710349478,0.05,1,0.6936515819493038,684.6617404169848,0.3674920056738654,0.2806803281974466,15.552921194852177,0.0,0.0,0.0,-1.0,22.103575845548917,10648.4900938357,21.2969801876714,0.0,0.06027184956698154,6.0,6.0,0.0,0.0,0.75,0.0,0,29,47,85.0
-0.1182884687179099,2.1512039619288785,0.2452749641780754,1,0.4661643398664478,1.0,0.0,0.67,0.0,0.5499999999999999,0.21999999999999997,0.014938929093918285,0.176430332084639,5,0.7997346029585126,975.7083628854292,0.238927188892659,0.3798394717428161,17.964804271404766,0.0,0.0,0.0,-1.0,2.848796038071121,17528.409765209508,35.05681953041902,0.0,0.1642271918447658,6.0,6.0,0.0,0.00012465435185129973,0.75,0.0,1,30,48,5.0
-0.1101049839685749,65.00969516479475,1.2788655683020895,0,0.4730694401353476,0.3125505935168335,1.0,0.33,1.0,0.44999999999999996,0.17999999999999997,0.12921908125520246,0.4573380161142207,4,0.8874372465988853,1623.108682064912,0.2750582775672817,0.25384514076451115,10.959248183740996,0.0,0.0,0.0,-1.0,19.990304835205254,17788.05087593413,35.576101751868265,0.0,0.4513747151011054,6.0,6.0,0.0,0.12614129056013693,0.75,0.0,2,31,49,85.0
-0.5390861494140743,15.744132003914446,1.1240136034679404,5,0.7053723531702738,1.0,0.0,1.0,0.0,0.4999999999999986,0.174999999999999,0.13484723605892782,0.95,1,0.7498581998882143,1886.005439631469,0.2926261266658927,0.27424794062475716,12.30515290504982,0.0,0.0,0.0,-1.0,9.255867996085554,23207.585314420936,46.41517062884188,0.0,0.0,6.0,6.0,0.0,0.0,0.75,0.0,4,32,50,25.0
1.07157394708174,57.31773975225106,1.9314922929273328,0,0.4570685220821402,1.0,1.0,0.67,1.0,0.4999999999999986,0.174999999999999,0.01404855770355132,0.4882742256693265,4,0.9943866416717564,1761.7371426284676,0.3498096763094298,0.34602825309686175,8.535947281554561,0.0,0.0,0.0,-1.0,27.68226024774894,15038.095373433169,30.07619074686633,0.0,0.13226233028896708,6.0,6.0,0.0,0.002423622730931966,0.75,0.0,2,33,51,85.0
0.3235226356340264,64.5784130708272,1.4888630841417747,0,0.5878818197726455,1.0,0.0,0.67,1.0,0.5,0.125,0.0151267718815217,0.4740821642343059,5,0.8418825027764912,597.7960213046327,0.1617286762058443,0.2847609353090919,23.11109357395329,0.0,0.0,0.0,-1.0,23.421586929172808,13815.719786508344,27.63143957301669,0.0,0.12041323089534219,6.0,6.0,0.0,0.10213116481142953,0.75,0.0,2,34,52,88.0
-0.1229033818335529,70.64540784283128,1.572690733733723,6,0.2441461610487629,1.0,1.0,0.0,0.0,0.5,0.125,0.041235661050411335,0.05,1,0.6496910071957839,167.9709021287477,0.1123024870015486,0.2887028196007253,34.15854248638416,0.0,0.0,0.0,-1.0,27.35459215716872,5737.641196841103,11.475282393682203,0.0,0.24903256099249907,6.0,6.0,0.0,0.0,0.75,0.0,0,35,53,98.0
