goal_id,composite_adjusted,final_composite,composite_p6,composite_p12,trajectory_p6,trajectory_p12,attain_p6,attain_p12,improving_p6,improving_p12,degrading_p6,degrading_p12,projected_attain_p24,actual_attain_p24,attain_error_p24,coherence_p6,relevance_p6,integrity_p6,coherence_p12,relevance_p12,integrity_p12,coherence_slope,relevance_slope,integrity_slope
1,0.367,0.367,0.3684981789667048,0.3399091171052321,0.0014981789667047885,-0.02709088289476791,0.22605843192499503,0.23769692809544674,False,False,False,True,0.22605843192499503,0.0,0.22605843192499503,0.6316422335865218,0.5162727804906565,0.10001926986464577,0.6293011802649657,0.4926383600605158,0.0,-0.00039,-0.003939,-0.02467
2,0.3765,0.3765,0.3965317089976409,0.37236250562776546,0.020031708997640896,-0.00413749437223454,0.17620047407127212,0.1758368119685196,True,False,False,False,0.17620047407127212,0.0,0.17620047407127212,0.8265048849669083,0.20104682902893165,0.38237464792345144,0.8057043807122598,0.22315953398337968,0.2847492958469029,-0.003467,0.003685,-0.016271
3,0.4237,0.4237,0.40627128444460126,0.3629026243261842,-0.017428715555398766,-0.06079737567381582,0.23140073314981535,0.24279621199733162,False,False,False,True,0.23140073314981535,0.0,0.23140073314981535,0.44838956202275787,0.49939800481596147,0.4458968377898703,0.2888314161851796,0.5265737874097007,0.39340908171252487,-0.026593,0.004529,-0.008748
4,0.5009,0.5009,0.5189375335118696,0.4541013559881024,0.01803753351186954,-0.046798644011897594,0.212520937947371,0.22923094464282381,False,False,False,True,0.212520937947371,0.0,0.212520937947371,0.5762397526137666,1.0,0.2869894434863408,0.4430735646334739,1.0,0.1441009146761122,-0.022194,0.018511,-0.023815
5,0.2766,0.2766,0.29468930933667276,0.2689626264817403,0.018089309336672743,-0.007637373518259716,0.15871090502230187,0.15295004017095798,False,False,False,False,0.15871090502230187,0.0,0.15871090502230187,0.648788584537915,0.28748071274351733,0.08377703504295683,0.6450835551602477,0.2778169105957556,0.0,-0.000618,-0.001611,-0.02544
6,0.373,0.373,0.38188607405860964,0.3499087911310508,0.008886074058609639,-0.02309120886894922,0.169318726891707,0.17593284081463945,False,False,False,True,0.169318726891707,0.0,0.169318726891707,0.7856895830577084,0.2873348304103018,0.2852011558747214,0.7708969550223496,0.31434022971264036,0.13846513897457374,-0.002465,0.004501,-0.024456
7,0.4488,0.4488,0.5165699403961019,0.5314309951389666,0.06776994039610196,0.08263099513896666,0.18742496814689702,0.2032271378617227,True,True,False,False,0.18742496814689702,0.0,0.18742496814689702,0.5943076316768424,0.9137992554820151,0.370747906278653,0.6239050207652888,0.9993856067608531,0.29920621516800217,0.004933,0.014264,-0.011924
8,0.3739,0.3739,0.35471037565780084,0.29137613956982983,-0.019189624342199174,-0.08252386043017018,0.240229623593203,0.2539303241481784,False,False,False,True,0.240229623593203,0.0,0.240229623593203,0.3961074023433503,0.41189004886068614,0.37061442783396414,0.22874922545674647,0.46724974020739074,0.21557526846700364,-0.027893,0.009227,-0.02584
9,0.3604,0.3604,0.3957642200232425,0.3758365808598254,0.03536422002324252,0.01543658085982541,0.2019279793961415,0.21827552012329932,True,False,False,False,0.2019279793961415,0.0,0.2019279793961415,0.37498262379031805,0.7314771214288996,0.27466915547761084,0.23758293806893427,0.8289709559497214,0.21851690929734677,-0.0229,0.016249,-0.009359
10,0.4166,0.4166,0.3933968969749892,0.3645478684714969,-0.02320310302501083,-0.05205213152850313,0.18159825956908632,0.19231454891216973,False,False,True,True,0.18159825956908632,0.0,0.18159825956908632,0.6604915421921301,0.599755648235806,0.1317421379029342,0.6841342235435285,0.5817427014302895,0.0,0.00394,-0.003002,-0.036051
11,0.3413,0.3413,0.35651638561508353,0.31823935171374984,0.015216385615083539,-0.02306064828625015,0.18694602001824664,0.20078088967490057,False,False,False,True,0.18694602001824664,0.0,0.18694602001824664,0.6153307305610435,0.4233882904852037,0.20040050139584037,0.6084392388998647,0.4050415386464482,0.05869573963378605,-0.001149,-0.003058,-0.023617
12,0.275,0.275,0.28952842368597026,0.2815121685283325,0.014528423685970238,0.006512168528332474,0.18986829810337053,0.18960701487884515,False,False,False,False,0.18986829810337053,0.0,0.18986829810337053,0.4217708658608949,0.20916544713327112,0.3373090836463445,0.40302246006744546,0.27671147963554443,0.25670771953149496,-0.003125,0.011258,-0.013434
13,0.3973,0.3973,0.387741653728674,0.33895472927228754,-0.009558346271326013,-0.05834527072771245,0.18766967868505668,0.10751683038352167,False,False,False,True,0.18766967868505668,0.0,0.18766967868505668,0.6000845937329035,0.49760097461511105,0.2656113678816246,0.600169187465807,0.4979095530140177,0.15022334622580383,1.4e-05,5.1e-05,-0.019231
14,0.4059,0.4059,0.40416383730584704,0.35212988409105617,-0.0017361626941529429,-0.053770115908943816,0.30512066830831613,0.27449449813353144,False,False,False,True,0.30512066830831613,0.0,0.30512066830831613,0.3809806582441976,0.4731638046259234,0.4573902180449511,0.2054541901191695,0.5329411242357873,0.3956297238757366,-0.029254,0.009963,-0.010293
15,0.3192,0.3192,0.3302949352242225,0.32447101121541555,0.011094935224222502,0.005271011215415566,0.1833574573326303,0.1854586794274317,False,False,False,False,0.1833574573326303,0.0,0.1833574573326303,0.6127622068958951,0.3249512574768588,0.20010881919150572,0.603302191569568,0.3835503781244718,0.12557279574019065,-0.001577,0.009767,-0.012423
16,0.4203,0.4203,0.40144910903995334,0.36557672378786676,-0.018850890960046662,-0.05472327621213324,0.19005388185784342,0.20119733956791525,False,False,False,True,0.19005388185784342,0.0,0.19005388185784342,0.6263125811692806,0.443074584716405,0.34635538841628455,0.6410570389452449,0.45103842227019275,0.16901409436811404,0.002457,0.001327,-0.029557
17,0.3871,0.3871,0.38761698465837946,0.3425820645900381,0.0005169846583794602,-0.044517935409961906,0.20772940622824151,0.2190882148062741,False,False,False,True,0.20772940622824151,0.0,0.20772940622824151,0.4544424975470416,0.46574202610379495,0.4225540087544396,0.29311051815807687,0.4796206981703228,0.3785088272254786,-0.026889,0.002313,-0.007341
18,0.3273,0.3273,0.2892685095869503,0.22760824109579542,-0.03803149041304971,-0.09969175890420456,0.19226785311549777,0.19041621038934758,False,False,True,True,0.19226785311549777,0.0,0.19226785311549777,0.315447575743348,0.3240623961986191,0.3252962132903362,0.15397207456361905,0.3427193869918328,0.22332529243838217,-0.026913,0.003109,-0.016995
19,0.399,0.399,0.39677699604180894,0.35655113594758836,-0.002223003958191083,-0.04244886405241166,0.18551996811915292,0.18326343759167307,False,False,False,True,0.18551996811915292,0.0,0.18551996811915292,0.6442670140808834,0.6202621073481747,0.13705889461902485,0.6385340281617667,0.6044070780369135,0.0,-0.000955,-0.002643,-0.027157
20,0.3396,0.3396,0.360151356785836,0.3541900178650933,0.020551356785835972,0.014590017865093285,0.20740545479694605,0.19399163525804103,True,False,False,False,0.20740545479694605,0.0,0.20740545479694605,0.5321451014513326,0.38496954956720913,0.31608532132785616,0.5588760333625983,0.44825042655898917,0.215641976280745,0.004455,0.010547,-0.016741
21,0.4474,0.4474,0.42571748831387113,0.36156157838395375,-0.02168251168612889,-0.08583842161604627,0.18691792049853284,0.18990906153949777,False,False,True,True,0.18691792049853284,0.0,0.18691792049853284,0.4901284087685388,0.7156352901188712,0.3101883338695418,0.34623643773161206,0.7356377816637675,0.17446303260093787,-0.023982,0.003334,-0.022621
22,0.373,0.373,0.3627021443604117,0.3236541130783287,-0.010297855639588294,-0.0493458869216713,0.18363597628466305,0.20198925386987418,False,False,False,True,0.18363597628466305,0.0,0.18363597628466305,0.6075670083683946,0.31889128171972736,0.3407143110688618,0.6426065442093167,0.29547487113176246,0.15454578310236144,0.00584,-0.003903,-0.031028
23,0.4271,0.4271,0.42078620308848175,0.3509735360763448,-0.006313796911518232,-0.07612646392365519,0.16061965298064595,0.0575466298350192,False,False,False,True,0.16061965298064595,0.0,0.16061965298064595,0.6403054309405722,0.5808814574111505,0.3013382710215582,0.6456714846326648,0.5574772005365869,0.14319882930110844,0.000894,-0.003901,-0.026357
24,0.341,0.341,0.30940888258810995,0.2557985747933036,-0.03159111741189008,-0.08520142520669644,0.04976147793992003,0.0,False,False,True,True,0.04976147793992003,0.0,0.04976147793992003,0.6314469007519166,0.4346631194765935,0.12176403218400958,0.6260902824422495,0.39710401673096474,0.0,-0.000893,-0.00626,-0.0222
25,0.3858,0.3858,0.3562945607145806,0.31784979912198874,-0.029505439285419377,-0.06795020087801124,0.20610239948369435,0.21807230220486787,False,False,True,True,0.20610239948369435,0.0,0.20610239948369435,0.6996443202018024,0.368785084884156,0.15064643828866964,0.6882841970422474,0.3650426972408396,0.0,-0.001893,-0.000624,-0.03324
26,0.3225,0.3225,0.3303572499597429,0.31928409570908145,0.007857249959742907,-0.0032159042909185587,0.17633081294463004,0.16273270268396134,False,False,False,False,0.17633081294463004,0.0,0.17633081294463004,0.4366251122105764,0.4066263299166043,0.301846744767161,0.46870339548472534,0.44690052300396266,0.19879976166367652,0.005346,0.006712,-0.017174
27,0.3087,0.3087,0.3012062685608419,0.27569049324350603,-0.007493731439158047,-0.033009506756493945,0.22309193515779052,0.2263850509462328,False,False,False,True,0.22309193515779052,0.0,0.22309193515779052,0.630055997133796,0.15791866712096295,0.19375847483081837,0.6233084752060084,0.17125488292038887,0.08181356390139394,-0.001125,0.002223,-0.018657
28,0.479,0.479,0.45554353765283384,0.4107384819253555,-0.02345646234716614,-0.06826151807464448,0.18497049176840474,0.17091964267772855,False,False,True,True,0.18497049176840474,0.0,0.18497049176840474,0.8655295356335632,0.36877563441030925,0.40289848879905815,0.8449419346076902,0.3650237962931461,0.26206855412285734,-0.003431,-0.000625,-0.023472
29,0.3698,0.3698,0.38402371815989267,0.3416730491881541,0.014223718159892651,-0.028126950811845908,0.1924258574940434,0.18941097878694255,False,False,False,True,0.1924258574940434,0.0,0.1924258574940434,0.6500525211595443,0.5546106018945872,0.13900589209139602,0.6449830910995762,0.5322981268660976,0.0,-0.000845,-0.003719,-0.02622
30,0.4722,0.4722,0.47512737539227246,0.42485468634194995,0.0029273753922724466,-0.04734531365805006,0.21124247816992603,0.09500760258101844,False,False,False,True,0.21124247816992603,0.0,0.21124247816992603,0.5063056258003794,0.6283760502054085,0.5545853473933757,0.3631985857441304,0.6878146373176061,0.5533979197250449,-0.023851,0.009906,-0.000198
31,0.3631,0.3631,0.34716021685651177,0.3170951644182649,-0.015939783143488206,-0.04600483558173507,0.18001605620797262,0.1811893351271633,False,False,False,True,0.18001605620797262,0.0,0.18001605620797262,0.27154780663224737,0.6480188212206296,0.28905818336519745,0.1442554070789278,0.6992812164926666,0.24365469897430186,-0.021215,0.008544,-0.007567
32,0.3877,0.3877,0.3503189116642519,0.27920895586720895,-0.0373810883357481,-0.10849104413279104,0.146668409635343,0.05815365685922226,False,False,True,True,0.146668409635343,0.0,0.146668409635343,0.5958720330237358,0.3809488866753483,0.27778631732258063,0.5917440660474717,0.38195370121109806,0.08498439935104374,-0.000688,0.000167,-0.032134
33,0.4095,0.4095,0.36967999368425997,0.3035258360065045,-0.03982000631574001,-0.10597416399349546,0.21868559268282226,0.21710122718747282,False,False,True,True,0.21868559268282226,0.0,0.21868559268282226,0.5499721939532498,0.39694860503533375,0.3131135830656339,0.39667908178405076,0.4722085374952384,0.12811449755925602,-0.025549,0.012543,-0.030833
34,0.4633,0.4633,0.46063550005987647,0.41350197367476077,-0.0026644999401235214,-0.04979802632523922,0.18538824706133075,0.18266833012659575,False,False,False,True,0.18538824706133075,0.0,0.18538824706133075,0.561693060938365,0.7699738678597119,0.3254868243800983,0.4264324007037339,0.8352518127088522,0.2096553511598614,-0.022543,0.01088,-0.019305
35,0.3003,0.3003,0.29743950085883414,0.27221729191988214,-0.002860499141165873,-0.02808270808011787,0.18534723162784883,0.1812039703612588,False,False,False,True,0.18534723162784883,0.0,0.18534723162784883,0.6127110642689326,0.1962284541652353,0.1954712533733198,0.6031999063156431,0.213522784255987,0.09094250674663962,-0.001585,0.002882,-0.017421
