goal_id,period_id,goal_idx,attainability,relevance,coherence,integrity,overall,coherence_composite,y_actual_attain,residual_attain,gp_mean,gp_std,uncertain,ensemble_meta,llm_llama_raw,llm_llama_calibrated,llm_mistral_raw,llm_mistral_calibrated
1,12,0,0.27430926600984706,0.7009237369757464,0.6288408022262739,0.4145728643216081,0.5046616673833689,0.5046616673833689,0.3,0.025690733990152925,0.2970021197517756,0.026438673245824454,False,"{""attainability"": {""gp_mean"": 0.297, ""gp_std"": 0.0264, ""gp_weight"": 0.431, ""llm_weight"": 0.569, ""llm_mean"": 0.2571, ""uncertain"": false, ""fallback"": false}, ""relevance"": {""engineered_weight"": 0.483, ""llm_weight"": 0.517, ""variance"": 0.038, ""llm_mean"": 0.655, ""n_models"": 2, ""fallback"": false}, ""coherence"": {""engineered_weight"": 0.53, ""llm_weight"": 0.47, ""variance"": 0.038, ""llm_mean"": 0.605, ""n_models"": 2, ""fallback"": false}, ""integrity"": {""engineered_weight"": 0.246, ""llm_weight"": 0.754, ""variance"": 0.0225, ""llm_mean"": 0.55, ""n_models"": 2, ""fallback"": false}}",0.4,0.21428571428571427,0.43,0.3
2,12,1,0.10997623622076881,0.2603294311079632,0.847305389221557,0.48,0.4244027641375722,0.4244027641375722,0.1,-0.009976236220768805,0.10010086098140408,0.026635966305770965,False,"{""attainability"": {""gp_mean"": 0.1001, ""gp_std"": 0.0266, ""gp_weight"": 0.429, ""llm_weight"": 0.571, ""llm_mean"": 0.1174, ""uncertain"": false, ""fallback"": false}, ""relevance"": {""engineered_weight"": 0.285, ""llm_weight"": 0.715, ""variance"": 0.0025, ""llm_mean"": 0.35, ""n_models"": 2, ""fallback"": false}, ""coherence"": {""engineered_weight"": 0.321, ""llm_weight"": 0.679, ""variance"": 0.0006, ""llm_mean"": 0.775, ""n_models"": 2, ""fallback"": false}, ""integrity"": {""engineered_weight"": 0.2, ""llm_weight"": 0.8, ""variance"": 0.0, ""llm_mean"": 0.6, ""n_models"": 2, ""fallback"": false}}",0.2,0.09999999999999999,0.2,0.1347826086956522
3,12,2,0.10986493009492135,0.47222222222222227,0.8161999957770214,0.5905857991439633,0.49721823680953203,0.49721823680953203,0.1,-0.009864930094921343,0.09989922110885763,0.026482097889877154,False,"{""attainability"": {""gp_mean"": 0.0999, ""gp_std"": 0.0265, ""gp_weight"": 0.43, ""llm_weight"": 0.57, ""llm_mean"": 0.1174, ""uncertain"": false, ""fallback"": false}, ""relevance"": {""engineered_weight"": 0.259, ""llm_weight"": 0.741, ""variance"": 0.0006, ""llm_mean"": 0.375, ""n_models"": 2, ""fallback"": false}, ""coherence"": {""engineered_weight"": 0.399, ""llm_weight"": 0.601, ""variance"": 0.0006, ""llm_mean"": 0.775, ""n_models"": 2, ""fallback"": false}, ""integrity"": {""engineered_weight"": 0.291, ""llm_weight"": 0.709, ""variance"": 0.0006, ""llm_mean"": 0.675, ""n_models"": 2, ""fallback"": false}}",0.2,0.09999999999999999,0.2,0.1347826086956522
4,12,3,0.23048598684158939,0.9118844872269529,0.7202140694936161,0.47929288447026763,0.5854693570081065,0.5854693570081065,0.3,0.0695140131584106,0.2944773169783592,0.026473805289626475,False,"{""attainability"": {""gp_mean"": 0.2945, ""gp_std"": 0.0265, ""gp_weight"": 0.43, ""llm_weight"": 0.57, ""llm_mean"": 0.1821, ""uncertain"": false, ""fallback"": false}, ""relevance"": {""engineered_weight"": 0.371, ""llm_weight"": 0.629, ""variance"": 0.0001, ""llm_mean"": 0.86, ""n_models"": 2, ""fallback"": false}, ""coherence"": {""engineered_weight"": 0.422, ""llm_weight"": 0.578, ""variance"": 0.003, ""llm_mean"": 0.755, ""n_models"": 2, ""fallback"": false}, ""integrity"": {""engineered_weight"": 0.301, ""llm_weight"": 0.699, ""variance"": 0.0042, ""llm_mean"": 0.565, ""n_models"": 2, ""fallback"": false}}",0.29,0.21428571428571427,0.3,0.15000000000000005
5,12,4,0.13326517182294345,0.37203292292948265,0.5218492637883704,0.3896046140388355,0.354187993144908,0.354187993144908,0.1,-0.033265171822943446,0.10137373362201463,0.026437256918851296,False,"{""attainability"": {""gp_mean"": 0.1014, ""gp_std"": 0.0264, ""gp_weight"": 0.431, ""llm_weight"": 0.569, ""llm_mean"": 0.1574, ""uncertain"": false, ""fallback"": false}, ""relevance"": {""engineered_weight"": 0.479, ""llm_weight"": 0.521, ""variance"": 0.0036, ""llm_mean"": 0.36, ""n_models"": 2, ""fallback"": false}, ""coherence"": {""engineered_weight"": 0.343, ""llm_weight"": 0.657, ""variance"": 0.003, ""llm_mean"": 0.455, ""n_models"": 2, ""fallback"": false}, ""integrity"": {""engineered_weight"": 0.245, ""llm_weight"": 0.755, ""variance"": 0.0121, ""llm_mean"": 0.51, ""n_models"": 2, ""fallback"": false}}",0.23,0.18,0.2,0.1347826086956522
6,12,5,0.10076490983249341,0.14161941463099786,0.6827524062971482,0.34210526315789475,0.31681049847963355,0.31681049847963355,0.1,-0.0007649098324934017,0.10177990618031016,0.026538980274528185,False,"{""attainability"": {""gp_mean"": 0.1018, ""gp_std"": 0.0265, ""gp_weight"": 0.43, ""llm_weight"": 0.57, ""llm_mean"": 0.1, ""uncertain"": false, ""fallback"": false}, ""relevance"": {""engineered_weight"": 0.354, ""llm_weight"": 0.646, ""variance"": 0.0, ""llm_mean"": 0.2, ""n_models"": 2, ""fallback"": false}, ""coherence"": {""engineered_weight"": 0.293, ""llm_weight"": 0.707, ""variance"": 0.0, ""llm_mean"": 0.6, ""n_models"": 2, ""fallback"": false}, ""integrity"": {""engineered_weight"": 0.24, ""llm_weight"": 0.76, ""variance"": 0.0025, ""llm_mean"": 0.45, ""n_models"": 2, ""fallback"": false}}",0.1,0.09999999999999999,0.1,0.10000000000000002
7,12,6,0.13756017612894478,0.46779469258563644,0.2758684503676418,0.2926829268292683,0.2934765614778728,0.2934765614778728,0.1,-0.03756017612894477,0.10117268110105626,0.02652166806819168,False,"{""attainability"": {""gp_mean"": 0.1012, ""gp_std"": 0.0265, ""gp_weight"": 0.43, ""llm_weight"": 0.57, ""llm_mean"": 0.165, ""uncertain"": false, ""fallback"": false}, ""relevance"": {""engineered_weight"": 0.297, ""llm_weight"": 0.703, ""variance"": 0.0012, ""llm_mean"": 0.385, ""n_models"": 2, ""fallback"": false}, ""coherence"": {""engineered_weight"": 0.498, ""llm_weight"": 0.502, ""variance"": 0.0049, ""llm_mean"": 0.27, ""n_models"": 2, ""fallback"": false}, ""integrity"": {""engineered_weight"": 0.268, ""llm_weight"": 0.732, ""variance"": 0.01, ""llm_mean"": 0.4, ""n_models"": 2, ""fallback"": false}}",0.23,0.18,0.25,0.15000000000000005
8,12,7,0.11451415314412104,0.5733769528249486,0.7135147509972614,0.5298673633955602,0.4828183050904728,0.4828183050904728,0.1,-0.014514153144121036,0.10053868595698823,0.026655867435823488,False,"{""attainability"": {""gp_mean"": 0.1005, ""gp_std"": 0.0267, ""gp_weight"": 0.429, ""llm_weight"": 0.571, ""llm_mean"": 0.125, ""uncertain"": false, ""fallback"": false}, ""relevance"": {""engineered_weight"": 0.396, ""llm_weight"": 0.604, ""variance"": 0.0056, ""llm_mean"": 0.525, ""n_models"": 2, ""fallback"": false}, ""coherence"": {""engineered_weight"": 0.375, ""llm_weight"": 0.625, ""variance"": 0.0012, ""llm_mean"": 0.765, ""n_models"": 2, ""fallback"": false}, ""integrity"": {""engineered_weight"": 0.446, ""llm_weight"": 0.554, ""variance"": 0.0169, ""llm_mean"": 0.57, ""n_models"": 2, ""fallback"": false}}",0.2,0.09999999999999999,0.39,0.15000000000000005
9,12,8,0.1472666326251342,0.3535076795350767,0.6659662771042025,0.31013547409629244,0.36921901584017647,0.36921901584017647,0.1,-0.0472666326251342,0.10080192849762704,0.026645489739805583,False,"{""attainability"": {""gp_mean"": 0.1008, ""gp_std"": 0.0266, ""gp_weight"": 0.429, ""llm_weight"": 0.571, ""llm_mean"": 0.1821, ""uncertain"": false, ""fallback"": false}, ""relevance"": {""engineered_weight"": 0.419, ""llm_weight"": 0.581, ""variance"": 0.0009, ""llm_mean"": 0.32, ""n_models"": 2, ""fallback"": false}, ""coherence"": {""engineered_weight"": 0.352, ""llm_weight"": 0.648, ""variance"": 0.009, ""llm_mean"": 0.595, ""n_models"": 2, ""fallback"": false}, ""integrity"": {""engineered_weight"": 0.27, ""llm_weight"": 0.73, ""variance"": 0.002, ""llm_mean"": 0.405, ""n_models"": 2, ""fallback"": false}}",0.34,0.21428571428571427,0.25,0.15000000000000005
10,12,9,0.10977151206477838,0.6177685950413224,0.5297216024832672,0.48505871523255206,0.43558010620548,0.43558010620548,0.1,-0.009771512064778373,0.09972850390539764,0.026360320035820662,False,"{""attainability"": {""gp_mean"": 0.0997, ""gp_std"": 0.0264, ""gp_weight"": 0.431, ""llm_weight"": 0.569, ""llm_mean"": 0.1174, ""uncertain"": false, ""fallback"": false}, ""relevance"": {""engineered_weight"": 0.339, ""llm_weight"": 0.661, ""variance"": 0.0025, ""llm_mean"": 0.55, ""n_models"": 2, ""fallback"": false}, ""coherence"": {""engineered_weight"": 0.389, ""llm_weight"": 0.611, ""variance"": 0.0002, ""llm_mean"": 0.485, ""n_models"": 2, ""fallback"": false}, ""integrity"": {""engineered_weight"": 0.279, ""llm_weight"": 0.721, ""variance"": 0.0324, ""llm_mean"": 0.62, ""n_models"": 2, ""fallback"": false}}",0.2,0.09999999999999999,0.21,0.1347826086956522
11,12,10,0.13296777177455152,0.43139382671332904,0.5218492637883704,0.2694166829969299,0.33890688631829524,0.33890688631829524,0.1,-0.03296777177455151,0.10074052049569787,0.02639032759259261,False,"{""attainability"": {""gp_mean"": 0.1007, ""gp_std"": 0.0264, ""gp_weight"": 0.431, ""llm_weight"": 0.569, ""llm_mean"": 0.1574, ""uncertain"": false, ""fallback"": false}, ""relevance"": {""engineered_weight"": 0.334, ""llm_weight"": 0.666, ""variance"": 0.0036, ""llm_mean"": 0.36, ""n_models"": 2, ""fallback"": false}, ""coherence"": {""engineered_weight"": 0.343, ""llm_weight"": 0.657, ""variance"": 0.003, ""llm_mean"": 0.455, ""n_models"": 2, ""fallback"": false}, ""integrity"": {""engineered_weight"": 0.262, ""llm_weight"": 0.738, ""variance"": 0.0002, ""llm_mean"": 0.365, ""n_models"": 2, ""fallback"": false}}",0.23,0.18,0.2,0.1347826086956522
12,12,11,0.0985287901296873,0.10469592301057164,0.3858321216583555,0.3268156424581005,0.22896811931417876,0.22896811931417876,0.1,0.0014712098703127119,0.09660437391744722,0.02616100192192191,False,"{""attainability"": {""gp_mean"": 0.0966, ""gp_std"": 0.0262, ""gp_weight"": 0.433, ""llm_weight"": 0.567, ""llm_mean"": 0.1, ""uncertain"": false, ""fallback"": false}, ""relevance"": {""engineered_weight"": 0.394, ""llm_weight"": 0.606, ""variance"": 0.0025, ""llm_mean"": 0.15, ""n_models"": 2, ""fallback"": false}, ""coherence"": {""engineered_weight"": 0.319, ""llm_weight"": 0.681, ""variance"": 0.01, ""llm_mean"": 0.3, ""n_models"": 2, ""fallback"": false}, ""integrity"": {""engineered_weight"": 0.274, ""llm_weight"": 0.726, ""variance"": 0.0225, ""llm_mean"": 0.45, ""n_models"": 2, ""fallback"": false}}",0.1,0.09999999999999999,0.15,0.10000000000000002
13,12,12,0.13977870456558372,0.49729239621620447,0.5242424242424243,0.5394216357106075,0.425183790183705,0.425183790183705,0.1,-0.03977870456558372,0.09386064662607968,0.026423509861177065,False,"{""attainability"": {""gp_mean"": 0.0939, ""gp_std"": 0.0264, ""gp_weight"": 0.431, ""llm_weight"": 0.569, ""llm_mean"": 0.1745, ""uncertain"": false, ""fallback"": false}, ""relevance"": {""engineered_weight"": 0.544, ""llm_weight"": 0.456, ""variance"": 0.0225, ""llm_mean"": 0.5, ""n_models"": 2, ""fallback"": false}, ""coherence"": {""engineered_weight"": 0.394, ""llm_weight"": 0.606, ""variance"": 0.0056, ""llm_mean"": 0.475, ""n_models"": 2, ""fallback"": false}, ""integrity"": {""engineered_weight"": 0.222, ""llm_weight"": 0.778, ""variance"": 0.0156, ""llm_mean"": 0.675, ""n_models"": 2, ""fallback"": false}}",0.4,0.21428571428571427,0.2,0.1347826086956522
14,12,13,0.11489530429731659,0.35807428251637474,0.7191518282395384,0.4421052631578947,0.40855666955278114,0.40855666955278114,0.1,-0.014895304297316586,0.10145207623328772,0.026607883027014577,False,"{""attainability"": {""gp_mean"": 0.1015, ""gp_std"": 0.0266, ""gp_weight"": 0.429, ""llm_weight"": 0.571, ""llm_mean"": 0.125, ""uncertain"": false, ""fallback"": false}, ""relevance"": {""engineered_weight"": 0.386, ""llm_weight"": 0.614, ""variance"": 0.01, ""llm_mean"": 0.3, ""n_models"": 2, ""fallback"": false}, ""coherence"": {""engineered_weight"": 0.452, ""llm_weight"": 0.548, ""variance"": 0.0, ""llm_mean"": 0.7, ""n_models"": 2, ""fallback"": false}, ""integrity"": {""engineered_weight"": 0.386, ""llm_weight"": 0.614, ""variance"": 0.01, ""llm_mean"": 0.5, ""n_models"": 2, ""fallback"": false}}",0.2,0.09999999999999999,0.3,0.15000000000000005
15,12,14,0.1491893810445979,0.14161941463099786,0.4372340425531915,0.35379310344827586,0.27045898541926583,0.27045898541926583,0.1,-0.049189381044597885,0.10569018026738608,0.026400371631513313,False,"{""attainability"": {""gp_mean"": 0.1057, ""gp_std"": 0.0264, ""gp_weight"": 0.431, ""llm_weight"": 0.569, ""llm_mean"": 0.1821, ""uncertain"": false, ""fallback"": false}, ""relevance"": {""engineered_weight"": 0.354, ""llm_weight"": 0.646, ""variance"": 0.0, ""llm_mean"": 0.2, ""n_models"": 2, ""fallback"": false}, ""coherence"": {""engineered_weight"": 0.291, ""llm_weight"": 0.709, ""variance"": 0.0025, ""llm_mean"": 0.35, ""n_models"": 2, ""fallback"": false}, ""integrity"": {""engineered_weight"": 0.255, ""llm_weight"": 0.745, ""variance"": 0.0156, ""llm_mean"": 0.475, ""n_models"": 2, ""fallback"": false}}",0.3,0.21428571428571427,0.25,0.15000000000000005
16,12,15,0.10948699160973242,0.47232049556698114,0.5423076923076924,0.44285714285714284,0.3917430805853872,0.3917430805853872,0.1,-0.009486991609732418,0.0989665730515058,0.026619439050089715,False,"{""attainability"": {""gp_mean"": 0.099, ""gp_std"": 0.0266, ""gp_weight"": 0.429, ""llm_weight"": 0.571, ""llm_mean"": 0.1174, ""uncertain"": false, ""fallback"": false}, ""relevance"": {""engineered_weight"": 0.471, ""llm_weight"": 0.529, ""variance"": 0.0625, ""llm_mean"": 0.55, ""n_models"": 2, ""fallback"": false}, ""coherence"": {""engineered_weight"": 0.423, ""llm_weight"": 0.577, ""variance"": 0.01, ""llm_mean"": 0.5, ""n_models"": 2, ""fallback"": false}, ""integrity"": {""engineered_weight"": 0.23, ""llm_weight"": 0.77, ""variance"": 0.0156, ""llm_mean"": 0.575, ""n_models"": 2, ""fallback"": false}}",0.2,0.09999999999999999,0.2,0.1347826086956522
17,12,16,0.12260830043426682,0.41194570402214237,0.7864119504573237,0.46302122951386493,0.44599679610689946,0.44599679610689946,0.1,-0.022608300434266815,0.09950425085802278,0.026569053230157985,False,"{""attainability"": {""gp_mean"": 0.0995, ""gp_std"": 0.0266, ""gp_weight"": 0.429, ""llm_weight"": 0.571, ""llm_mean"": 0.14, ""uncertain"": false, ""fallback"": false}, ""relevance"": {""engineered_weight"": 0.24, ""llm_weight"": 0.76, ""variance"": 0.002, ""llm_mean"": 0.305, ""n_models"": 2, ""fallback"": false}, ""coherence"": {""engineered_weight"": 0.495, ""llm_weight"": 0.505, ""variance"": 0.0016, ""llm_mean"": 0.79, ""n_models"": 2, ""fallback"": false}, ""integrity"": {""engineered_weight"": 0.302, ""llm_weight"": 0.698, ""variance"": 0.009, ""llm_mean"": 0.555, ""n_models"": 2, ""fallback"": false}}",0.23,0.18,0.15,0.10000000000000002
18,12,17,0.10095022405941426,0.3242424242424243,0.9228028503562945,0.4395508422455473,0.44688658522592006,0.44688658522592006,0.1,-0.0009502240594142508,0.10219859921642374,0.026275385150298744,False,"{""attainability"": {""gp_mean"": 0.1022, ""gp_std"": 0.0263, ""gp_weight"": 0.432, ""llm_weight"": 0.568, ""llm_mean"": 0.1, ""uncertain"": false, ""fallback"": false}, ""relevance"": {""engineered_weight"": 0.394, ""llm_weight"": 0.606, ""variance"": 0.0056, ""llm_mean"": 0.275, ""n_models"": 2, ""fallback"": false}, ""coherence"": {""engineered_weight"": 0.382, ""llm_weight"": 0.618, ""variance"": 0.0006, ""llm_mean"": 0.875, ""n_models"": 2, ""fallback"": false}, ""integrity"": {""engineered_weight"": 0.273, ""llm_weight"": 0.727, ""variance"": 0.0306, ""llm_mean"": 0.575, ""n_models"": 2, ""fallback"": false}}",0.1,0.09999999999999999,0.15,0.10000000000000002
19,12,18,0.11559422005659165,0.6250842886041807,0.4648245548125328,0.36480038174009866,0.392575861303351,0.392575861303351,0.1,-0.01559422005659164,0.10315873083988511,0.026442228696667302,False,"{""attainability"": {""gp_mean"": 0.1032, ""gp_std"": 0.0264, ""gp_weight"": 0.431, ""llm_weight"": 0.569, ""llm_mean"": 0.125, ""uncertain"": false, ""fallback"": false}, ""relevance"": {""engineered_weight"": 0.343, ""llm_weight"": 0.657, ""variance"": 0.0016, ""llm_mean"": 0.56, ""n_models"": 2, ""fallback"": false}, ""coherence"": {""engineered_weight"": 0.301, ""llm_weight"": 0.699, ""variance"": 0.0002, ""llm_mean"": 0.385, ""n_models"": 2, ""fallback"": false}, ""integrity"": {""engineered_weight"": 0.263, ""llm_weight"": 0.737, ""variance"": 0.024, ""llm_mean"": 0.495, ""n_models"": 2, ""fallback"": false}}",0.2,0.09999999999999999,0.35,0.15000000000000005
20,12,19,0.13384110148404643,0.10469592301057164,0.2855899383100051,0.3327888171611408,0.21422894499144102,0.21422894499144102,0.1,-0.033841101484046426,0.10301219810521772,0.026460584198231312,False,"{""attainability"": {""gp_mean"": 0.103, ""gp_std"": 0.0265, ""gp_weight"": 0.43, ""llm_weight"": 0.57, ""llm_mean"": 0.1571, ""uncertain"": false, ""fallback"": false}, ""relevance"": {""engineered_weight"": 0.394, ""llm_weight"": 0.606, ""variance"": 0.0025, ""llm_mean"": 0.15, ""n_models"": 2, ""fallback"": false}, ""coherence"": {""engineered_weight"": 0.489, ""llm_weight"": 0.511, ""variance"": 0.01, ""llm_mean"": 0.3, ""n_models"": 2, ""fallback"": false}, ""integrity"": {""engineered_weight"": 0.287, ""llm_weight"": 0.713, ""variance"": 0.0225, ""llm_mean"": 0.45, ""n_models"": 2, ""fallback"": false}}",0.3,0.21428571428571427,0.15,0.10000000000000002
21,12,20,0.11663572752468401,0.580928961748634,0.9566200441686823,0.5582828821573069,0.5531169038998268,0.5531169038998268,0.1,-0.016635727524684008,0.1056824641089183,0.02619059445538184,False,"{""attainability"": {""gp_mean"": 0.1057, ""gp_std"": 0.0262, ""gp_weight"": 0.433, ""llm_weight"": 0.567, ""llm_mean"": 0.125, ""uncertain"": false, ""fallback"": false}, ""relevance"": {""engineered_weight"": 0.337, ""llm_weight"": 0.663, ""variance"": 0.0156, ""llm_mean"": 0.495, ""n_models"": 2, ""fallback"": false}, ""coherence"": {""engineered_weight"": 0.422, ""llm_weight"": 0.578, ""variance"": 0.0002, ""llm_mean"": 0.925, ""n_models"": 2, ""fallback"": false}, ""integrity"": {""engineered_weight"": 0.329, ""llm_weight"": 0.671, ""variance"": 0.0324, ""llm_mean"": 0.67, ""n_models"": 2, ""fallback"": false}}",0.21,0.09999999999999999,0.28,0.15000000000000005
22,12,21,0.22880777323574625,0.2898037841625789,0.550906880129699,0.4324312517069931,0.3754874223087543,0.3754874223087543,0.3,0.07119222676425374,0.2905064983185128,0.026443302698734877,False,"{""attainability"": {""gp_mean"": 0.2905, ""gp_std"": 0.0264, ""gp_weight"": 0.431, ""llm_weight"": 0.569, ""llm_mean"": 0.1821, ""uncertain"": false, ""fallback"": false}, ""relevance"": {""engineered_weight"": 0.352, ""llm_weight"": 0.648, ""variance"": 0.0004, ""llm_mean"": 0.23, ""n_models"": 2, ""fallback"": false}, ""coherence"": {""engineered_weight"": 0.422, ""llm_weight"": 0.578, ""variance"": 0.0042, ""llm_mean"": 0.515, ""n_models"": 2, ""fallback"": false}, ""integrity"": {""engineered_weight"": 0.259, ""llm_weight"": 0.741, ""variance"": 0.011, ""llm_mean"": 0.545, ""n_models"": 2, ""fallback"": false}}",0.29,0.21428571428571427,0.3,0.15000000000000005
23,12,22,0.13870344736296697,0.4894710743801653,0.6085784374935372,0.4651708977635476,0.42548096425005427,0.42548096425005427,0.1,-0.038703447362966964,0.10392719502220471,0.026449286201710942,False,"{""attainability"": {""gp_mean"": 0.1039, ""gp_std"": 0.0264, ""gp_weight"": 0.431, ""llm_weight"": 0.569, ""llm_mean"": 0.165, ""uncertain"": false, ""fallback"": false}, ""relevance"": {""engineered_weight"": 0.266, ""llm_weight"": 0.734, ""variance"": 0.0006, ""llm_mean"": 0.395, ""n_models"": 2, ""fallback"": false}, ""coherence"": {""engineered_weight"": 0.48, ""llm_weight"": 0.52, ""variance"": 0.0004, ""llm_mean"": 0.6, ""n_models"": 2, ""fallback"": false}, ""integrity"": {""engineered_weight"": 0.277, ""llm_weight"": 0.723, ""variance"": 0.042, ""llm_mean"": 0.615, ""n_models"": 2, ""fallback"": false}}",0.28,0.18,0.32,0.15000000000000005
24,12,23,0.4875070713754619,0.4812854257606359,0.5218492637883704,0.3300204861303361,0.45516556176370104,0.45516556176370104,0.9,0.4124929286245381,0.8914610722867882,0.0264571932193484,False,"{""attainability"": {""gp_mean"": 0.8915, ""gp_std"": 0.0265, ""gp_weight"": 0.431, ""llm_weight"": 0.569, ""llm_mean"": 0.1821, ""uncertain"": false, ""fallback"": false}, ""relevance"": {""engineered_weight"": 0.264, ""llm_weight"": 0.736, ""variance"": 0.0012, ""llm_mean"": 0.385, ""n_models"": 2, ""fallback"": false}, ""coherence"": {""engineered_weight"": 0.343, ""llm_weight"": 0.657, ""variance"": 0.003, ""llm_mean"": 0.455, ""n_models"": 2, ""fallback"": false}, ""integrity"": {""engineered_weight"": 0.275, ""llm_weight"": 0.725, ""variance"": 0.024, ""llm_mean"": 0.455, ""n_models"": 2, ""fallback"": false}}",0.29,0.21428571428571427,0.25,0.15000000000000005
25,12,24,0.1145157275638995,0.37252747252747254,0.7110044433613576,0.5487804878048781,0.43670703281440193,0.43670703281440193,0.1,-0.014515727563899489,0.10067382180015907,0.026405085995435475,False,"{""attainability"": {""gp_mean"": 0.1007, ""gp_std"": 0.0264, ""gp_weight"": 0.431, ""llm_weight"": 0.569, ""llm_mean"": 0.125, ""uncertain"": false, ""fallback"": false}, ""relevance"": {""engineered_weight"": 0.451, ""llm_weight"": 0.549, ""variance"": 0.0025, ""llm_mean"": 0.35, ""n_models"": 2, ""fallback"": false}, ""coherence"": {""engineered_weight"": 0.356, ""llm_weight"": 0.644, ""variance"": 0.0025, ""llm_mean"": 0.65, ""n_models"": 2, ""fallback"": false}, ""integrity"": {""engineered_weight"": 0.187, ""llm_weight"": 0.813, ""variance"": 0.0006, ""llm_mean"": 0.675, ""n_models"": 2, ""fallback"": false}}",0.2,0.09999999999999999,0.25,0.15000000000000005
26,12,25,0.1110336022747555,0.44972425443477615,0.2623287671232877,0.4319371727748691,0.3137559491519221,0.3137559491519221,0.1,-0.0110336022747555,0.10266457992358757,0.026327192608211935,False,"{""attainability"": {""gp_mean"": 0.1027, ""gp_std"": 0.0263, ""gp_weight"": 0.432, ""llm_weight"": 0.568, ""llm_mean"": 0.1174, ""uncertain"": false, ""fallback"": false}, ""relevance"": {""engineered_weight"": 0.438, ""llm_weight"": 0.562, ""variance"": 0.0225, ""llm_mean"": 0.5, ""n_models"": 2, ""fallback"": false}, ""coherence"": {""engineered_weight"": 0.507, ""llm_weight"": 0.493, ""variance"": 0.0156, ""llm_mean"": 0.275, ""n_models"": 2, ""fallback"": false}, ""integrity"": {""engineered_weight"": 0.215, ""llm_weight"": 0.785, ""variance"": 0.0025, ""llm_mean"": 0.55, ""n_models"": 2, ""fallback"": false}}",0.2,0.09999999999999999,0.2,0.1347826086956522
27,12,26,0.09951543772198357,0.14458245132153702,0.4769230769230769,0.23493975903614456,0.2389901812506855,0.2389901812506855,0.1,0.00048456227801643714,0.09887016749286452,0.02663311852340115,False,"{""attainability"": {""gp_mean"": 0.0989, ""gp_std"": 0.0266, ""gp_weight"": 0.429, ""llm_weight"": 0.571, ""llm_mean"": 0.1, ""uncertain"": false, ""fallback"": false}, ""relevance"": {""engineered_weight"": 0.361, ""llm_weight"": 0.639, ""variance"": 0.0, ""llm_mean"": 0.2, ""n_models"": 2, ""fallback"": false}, ""coherence"": {""engineered_weight"": 0.308, ""llm_weight"": 0.692, ""variance"": 0.0, ""llm_mean"": 0.4, ""n_models"": 2, ""fallback"": false}, ""integrity"": {""engineered_weight"": 0.277, ""llm_weight"": 0.723, ""variance"": 0.0006, ""llm_mean"": 0.325, ""n_models"": 2, ""fallback"": false}}",0.1,0.09999999999999999,0.15,0.10000000000000002
28,12,27,0.10950533317213715,0.37222222222222223,0.7222222222222222,0.47058823529411764,0.4186345032276748,0.4186345032276748,0.1,-0.009505333172137143,0.09902187452691338,0.02658761593636667,False,"{""attainability"": {""gp_mean"": 0.099, ""gp_std"": 0.0266, ""gp_weight"": 0.429, ""llm_weight"": 0.571, ""llm_mean"": 0.1174, ""uncertain"": false, ""fallback"": false}, ""relevance"": {""engineered_weight"": 0.444, ""llm_weight"": 0.556, ""variance"": 0.0, ""llm_mean"": 0.35, ""n_models"": 2, ""fallback"": false}, ""coherence"": {""engineered_weight"": 0.259, ""llm_weight"": 0.741, ""variance"": 0.0006, ""llm_mean"": 0.625, ""n_models"": 2, ""fallback"": false}, ""integrity"": {""engineered_weight"": 0.216, ""llm_weight"": 0.784, ""variance"": 0.01, ""llm_mean"": 0.6, ""n_models"": 2, ""fallback"": false}}",0.2,0.09999999999999999,0.2,0.1347826086956522
29,12,28,0.09992358136591212,0.6177685950413224,0.4688427749166919,0.3803182235867388,0.3917132937276663,0.3917132937276663,0.1,7.641863408788807e-05,0.09982219004863026,0.02653575753925782,False,"{""attainability"": {""gp_mean"": 0.0998, ""gp_std"": 0.0265, ""gp_weight"": 0.43, ""llm_weight"": 0.57, ""llm_mean"": 0.1, ""uncertain"": false, ""fallback"": false}, ""relevance"": {""engineered_weight"": 0.339, ""llm_weight"": 0.661, ""variance"": 0.0025, ""llm_mean"": 0.55, ""n_models"": 2, ""fallback"": false}, ""coherence"": {""engineered_weight"": 0.303, ""llm_weight"": 0.697, ""variance"": 0.0001, ""llm_mean"": 0.39, ""n_models"": 2, ""fallback"": false}, ""integrity"": {""engineered_weight"": 0.269, ""llm_weight"": 0.731, ""variance"": 0.0324, ""llm_mean"": 0.52, ""n_models"": 2, ""fallback"": false}}",0.2,0.09999999999999999,0.19,0.10000000000000002
30,12,29,0.1125304420039304,0.3799440721395986,0.7117262027038862,0.4803999389081789,0.4211501639388985,0.4211501639388985,0.1,-0.0125304420039304,0.096022547064615,0.026477113213665904,False,"{""attainability"": {""gp_mean"": 0.096, ""gp_std"": 0.0265, ""gp_weight"": 0.43, ""llm_weight"": 0.57, ""llm_mean"": 0.125, ""uncertain"": false, ""fallback"": false}, ""relevance"": {""engineered_weight"": 0.489, ""llm_weight"": 0.511, ""variance"": 0.0006, ""llm_mean"": 0.375, ""n_models"": 2, ""fallback"": false}, ""coherence"": {""engineered_weight"": 0.41, ""llm_weight"": 0.59, ""variance"": 0.0006, ""llm_mean"": 0.675, ""n_models"": 2, ""fallback"": false}, ""integrity"": {""engineered_weight"": 0.266, ""llm_weight"": 0.734, ""variance"": 0.0006, ""llm_mean"": 0.575, ""n_models"": 2, ""fallback"": false}}",0.2,0.09999999999999999,0.25,0.15000000000000005
31,12,30,0.22968595883557777,0.3868035190615836,0.5228028503562945,0.5096797461971516,0.41224301861265183,0.41224301861265183,0.3,0.07031404116442222,0.2927937127981559,0.026547596482221388,False,"{""attainability"": {""gp_mean"": 0.2928, ""gp_std"": 0.0265, ""gp_weight"": 0.43, ""llm_weight"": 0.57, ""llm_mean"": 0.1821, ""uncertain"": false, ""fallback"": false}, ""relevance"": {""engineered_weight"": 0.472, ""llm_weight"": 0.528, ""variance"": 0.0006, ""llm_mean"": 0.375, ""n_models"": 2, ""fallback"": false}, ""coherence"": {""engineered_weight"": 0.382, ""llm_weight"": 0.618, ""variance"": 0.0006, ""llm_mean"": 0.475, ""n_models"": 2, ""fallback"": false}, ""integrity"": {""engineered_weight"": 0.214, ""llm_weight"": 0.786, ""variance"": 0.0006, ""llm_mean"": 0.625, ""n_models"": 2, ""fallback"": false}}",0.3,0.21428571428571427,0.25,0.15000000000000005
32,12,31,0.11189361492711816,0.4351107471626173,0.4666666666666667,0.5374979948298084,0.38779225589655264,0.38779225589655264,0.1,-0.011893614927118157,0.10459424550291951,0.026554317152600104,False,"{""attainability"": {""gp_mean"": 0.1046, ""gp_std"": 0.0266, ""gp_weight"": 0.43, ""llm_weight"": 0.57, ""llm_mean"": 0.1174, ""uncertain"": false, ""fallback"": false}, ""relevance"": {""engineered_weight"": 0.444, ""llm_weight"": 0.556, ""variance"": 0.0156, ""llm_mean"": 0.475, ""n_models"": 2, ""fallback"": false}, ""coherence"": {""engineered_weight"": 0.333, ""llm_weight"": 0.667, ""variance"": 0.0, ""llm_mean"": 0.4, ""n_models"": 2, ""fallback"": false}, ""integrity"": {""engineered_weight"": 0.228, ""llm_weight"": 0.772, ""variance"": 0.0025, ""llm_mean"": 0.65, ""n_models"": 2, ""fallback"": false}}",0.2,0.09999999999999999,0.2,0.1347826086956522
33,12,32,0.09773483878990318,0.14161941463099786,0.8666666666666667,0.5377752747214192,0.4109490487022467,0.4109490487022467,0.1,0.0022651612100968305,0.09474232836333918,0.026422052551712826,False,"{""attainability"": {""gp_mean"": 0.0947, ""gp_std"": 0.0264, ""gp_weight"": 0.431, ""llm_weight"": 0.569, ""llm_mean"": 0.1, ""uncertain"": false, ""fallback"": false}, ""relevance"": {""engineered_weight"": 0.354, ""llm_weight"": 0.646, ""variance"": 0.0, ""llm_mean"": 0.2, ""n_models"": 2, ""fallback"": false}, ""coherence"": {""engineered_weight"": 0.333, ""llm_weight"": 0.667, ""variance"": 0.0, ""llm_mean"": 0.8, ""n_models"": 2, ""fallback"": false}, ""integrity"": {""engineered_weight"": 0.344, ""llm_weight"": 0.656, ""variance"": 0.0, ""llm_mean"": 0.6, ""n_models"": 2, ""fallback"": false}}",0.1,0.09999999999999999,0.1,0.10000000000000002
34,12,33,0.11584072418506078,0.4069765633238236,0.9191122705261632,0.5405586694838765,0.49562205687973104,0.49562205687973104,0.1,-0.015840724185060773,0.10373741018153793,0.02642853921656497,False,"{""attainability"": {""gp_mean"": 0.1037, ""gp_std"": 0.0264, ""gp_weight"": 0.431, ""llm_weight"": 0.569, ""llm_mean"": 0.125, ""uncertain"": false, ""fallback"": false}, ""relevance"": {""engineered_weight"": 0.513, ""llm_weight"": 0.487, ""variance"": 0.0289, ""llm_mean"": 0.43, ""n_models"": 2, ""fallback"": false}, ""coherence"": {""engineered_weight"": 0.418, ""llm_weight"": 0.582, ""variance"": 0.0012, ""llm_mean"": 0.885, ""n_models"": 2, ""fallback"": false}, ""integrity"": {""engineered_weight"": 0.336, ""llm_weight"": 0.664, ""variance"": 0.0256, ""llm_mean"": 0.64, ""n_models"": 2, ""fallback"": false}}",0.2,0.09999999999999999,0.37,0.15000000000000005
35,12,34,0.14388064554760477,0.10469592301057164,0.4372340425531915,0.38876290990724305,0.26864338025465273,0.26864338025465273,0.1,-0.04388064554760476,0.10341869525971994,0.026399549313051024,False,"{""attainability"": {""gp_mean"": 0.1034, ""gp_std"": 0.0264, ""gp_weight"": 0.431, ""llm_weight"": 0.569, ""llm_mean"": 0.1745, ""uncertain"": false, ""fallback"": false}, ""relevance"": {""engineered_weight"": 0.394, ""llm_weight"": 0.606, ""variance"": 0.0025, ""llm_mean"": 0.15, ""n_models"": 2, ""fallback"": false}, ""coherence"": {""engineered_weight"": 0.291, ""llm_weight"": 0.709, ""variance"": 0.0025, ""llm_mean"": 0.35, ""n_models"": 2, ""fallback"": false}, ""integrity"": {""engineered_weight"": 0.259, ""llm_weight"": 0.741, ""variance"": 0.01, ""llm_mean"": 0.5, ""n_models"": 2, ""fallback"": false}}",0.3,0.21428571428571427,0.2,0.1347826086956522
1,18,0,0.1462448010208513,0.5399072009207971,0.6339832869080779,0.24804106998108616,0.39204408970770316,0.39204408970770316,0.1,-0.046244801020851295,0.0987793601849084,0.026444574421870225,False,"{""attainability"": {""gp_mean"": 0.0988, ""gp_std"": 0.0264, ""gp_weight"": 0.431, ""llm_weight"": 0.569, ""llm_mean"": 0.1821, ""uncertain"": false, ""fallback"": false}, ""relevance"": {""engineered_weight"": 0.288, ""llm_weight"": 0.712, ""variance"": 0.0, ""llm_mean"": 0.455, ""n_models"": 2, ""fallback"": false}, ""coherence"": {""engineered_weight"": 0.466, ""llm_weight"": 0.534, ""variance"": 0.0004, ""llm_mean"": 0.62, ""n_models"": 2, ""fallback"": false}, ""integrity"": {""engineered_weight"": 0.27, ""llm_weight"": 0.73, ""variance"": 0.0001, ""llm_mean"": 0.34, ""n_models"": 2, ""fallback"": false}}",0.3,0.21428571428571427,0.25,0.15000000000000005
2,18,1,0.09973675047016423,0.1789341240744836,0.847305389221557,0.48,0.40149406594155124,0.40149406594155124,0.1,0.00026324952983577954,0.0993877500665965,0.026514797863868237,False,"{""attainability"": {""gp_mean"": 0.0994, ""gp_std"": 0.0265, ""gp_weight"": 0.43, ""llm_weight"": 0.57, ""llm_mean"": 0.1, ""uncertain"": false, ""fallback"": false}, ""relevance"": {""engineered_weight"": 0.331, ""llm_weight"": 0.669, ""variance"": 0.0025, ""llm_mean"": 0.25, ""n_models"": 2, ""fallback"": false}, ""coherence"": {""engineered_weight"": 0.321, ""llm_weight"": 0.679, ""variance"": 0.0006, ""llm_mean"": 0.775, ""n_models"": 2, ""fallback"": false}, ""integrity"": {""engineered_weight"": 0.2, ""llm_weight"": 0.8, ""variance"": 0.0, ""llm_mean"": 0.6, ""n_models"": 2, ""fallback"": false}}",0.1,0.09999999999999999,0.15,0.10000000000000002
3,18,2,0.11616000180857997,0.47222222222222227,0.6079477078603361,0.4983845938672158,0.42367863143958856,0.42367863143958856,0.1,-0.01616000180857996,0.10455589300144008,0.026253645206404223,False,"{""attainability"": {""gp_mean"": 0.1046, ""gp_std"": 0.0263, ""gp_weight"": 0.432, ""llm_weight"": 0.568, ""llm_mean"": 0.125, ""uncertain"": false, ""fallback"": false}, ""relevance"": {""engineered_weight"": 0.259, ""llm_weight"": 0.741, ""variance"": 0.0006, ""llm_mean"": 0.375, ""n_models"": 2, ""fallback"": false}, ""coherence"": {""engineered_weight"": 0.48, ""llm_weight"": 0.52, ""variance"": 0.0, ""llm_mean"": 0.6, ""n_models"": 2, ""fallback"": false}, ""integrity"": {""engineered_weight"": 0.435, ""llm_weight"": 0.565, ""variance"": 0.0225, ""llm_mean"": 0.55, ""n_models"": 2, ""fallback"": false}}",0.2,0.09999999999999999,0.25,0.15000000000000005
4,18,3,0.10972575521155845,0.9045454545454545,0.7094059405940594,0.42987797229656954,0.5383887806619105,0.5383887806619105,0.1,-0.00972575521155844,0.09954234712888083,0.026569285257066217,False,"{""attainability"": {""gp_mean"": 0.0995, ""gp_std"": 0.0266, ""gp_weight"": 0.429, ""llm_weight"": 0.571, ""llm_mean"": 0.1174, ""uncertain"": false, ""fallback"": false}, ""relevance"": {""engineered_weight"": 0.364, ""llm_weight"": 0.636, ""variance"": 0.0, ""llm_mean"": 0.85, ""n_models"": 2, ""fallback"": false}, ""coherence"": {""engineered_weight"": 0.406, ""llm_weight"": 0.594, ""variance"": 0.0025, ""llm_mean"": 0.75, ""n_models"": 2, ""fallback"": false}, ""integrity"": {""engineered_weight"": 0.357, ""llm_weight"": 0.643, ""variance"": 0.01, ""llm_mean"": 0.5, ""n_models"": 2, ""fallback"": false}}",0.2,0.09999999999999999,0.2,0.1347826086956522
5,18,4,0.10019162428588924,0.29714451489127913,0.6524936139155821,0.23641524736415248,0.32156125011422576,0.32156125011422576,0.1,-0.0001916242858892303,0.10044628107805986,0.026578759679538478,False,"{""attainability"": {""gp_mean"": 0.1004, ""gp_std"": 0.0266, ""gp_weight"": 0.429, ""llm_weight"": 0.571, ""llm_mean"": 0.1, ""uncertain"": false, ""fallback"": false}, ""relevance"": {""engineered_weight"": 0.394, ""llm_weight"": 0.606, ""variance"": 0.0121, ""llm_mean"": 0.24, ""n_models"": 2, ""fallback"": false}, ""coherence"": {""engineered_weight"": 0.501, ""llm_weight"": 0.499, ""variance"": 0.003, ""llm_mean"": 0.655, ""n_models"": 2, ""fallback"": false}, ""integrity"": {""engineered_weight"": 0.284, ""llm_weight"": 0.716, ""variance"": 0.0049, ""llm_mean"": 0.33, ""n_models"": 2, ""fallback"": false}}",0.22,0.09999999999999999,0.15,0.10000000000000002
6,18,5,0.09909951068288625,0.2603294311079632,0.8004822110930674,0.4319371727748691,0.39796208141469647,0.39796208141469647,0.1,0.0009004893171137562,0.09792063468689995,0.026183009028132108,False,"{""attainability"": {""gp_mean"": 0.0979, ""gp_std"": 0.0262, ""gp_weight"": 0.433, ""llm_weight"": 0.567, ""llm_mean"": 0.1, ""uncertain"": false, ""fallback"": false}, ""relevance"": {""engineered_weight"": 0.285, ""llm_weight"": 0.715, ""variance"": 0.0025, ""llm_mean"": 0.35, ""n_models"": 2, ""fallback"": false}, ""coherence"": {""engineered_weight"": 0.382, ""llm_weight"": 0.618, ""variance"": 0.0025, ""llm_mean"": 0.75, ""n_models"": 2, ""fallback"": false}, ""integrity"": {""engineered_weight"": 0.215, ""llm_weight"": 0.785, ""variance"": 0.0025, ""llm_mean"": 0.55, ""n_models"": 2, ""fallback"": false}}",0.1,0.09999999999999999,0.1,0.10000000000000002
7,18,6,0.1098096720495999,0.8282129042031772,0.564710242588396,0.44228959738930396,0.48625560405761925,0.48625560405761925,0.1,-0.009809672049599899,0.09984785125451462,0.026278828630124818,False,"{""attainability"": {""gp_mean"": 0.0998, ""gp_std"": 0.0263, ""gp_weight"": 0.432, ""llm_weight"": 0.568, ""llm_mean"": 0.1174, ""uncertain"": false, ""fallback"": false}, ""relevance"": {""engineered_weight"": 0.384, ""llm_weight"": 0.616, ""variance"": 0.0056, ""llm_mean"": 0.775, ""n_models"": 2, ""fallback"": false}, ""coherence"": {""engineered_weight"": 0.28, ""llm_weight"": 0.72, ""variance"": 0.0156, ""llm_mean"": 0.675, ""n_models"": 2, ""fallback"": false}, ""integrity"": {""engineered_weight"": 0.309, ""llm_weight"": 0.691, ""variance"": 0.0225, ""llm_mean"": 0.55, ""n_models"": 2, ""fallback"": false}}",0.2,0.09999999999999999,0.2,0.1347826086956522
8,18,7,0.09979060647127308,0.3565303575139816,0.5634655792299541,0.5256535872009247,0.38636003260403334,0.38636003260403334,0.1,0.00020939352872692552,0.09951461629935016,0.026360907483712146,False,"{""attainability"": {""gp_mean"": 0.0995, ""gp_std"": 0.0264, ""gp_weight"": 0.431, ""llm_weight"": 0.569, ""llm_mean"": 0.1, ""uncertain"": false, ""fallback"": false}, ""relevance"": {""engineered_weight"": 0.437, ""llm_weight"": 0.563, ""variance"": 0.0056, ""llm_mean"": 0.325, ""n_models"": 2, ""fallback"": false}, ""coherence"": {""engineered_weight"": 0.42, ""llm_weight"": 0.58, ""variance"": 0.0056, ""llm_mean"": 0.525, ""n_models"": 2, ""fallback"": false}, ""integrity"": {""engineered_weight"": 0.573, ""llm_weight"": 0.427, ""variance"": 0.0625, ""llm_mean"": 0.55, ""n_models"": 2, ""fallback"": false}}",0.2,0.09999999999999999,0.15,0.10000000000000002
9,18,8,0.11448077632228901,0.6339832869080779,0.5123823095117018,0.33082140165787494,0.3979169435999859,0.3979169435999859,0.1,-0.014480776322289002,0.10042652534888699,0.02672108019374343,False,"{""attainability"": {""gp_mean"": 0.1004, ""gp_std"": 0.0267, ""gp_weight"": 0.428, ""llm_weight"": 0.572, ""llm_mean"": 0.125, ""uncertain"": false, ""fallback"": false}, ""relevance"": {""engineered_weight"": 0.466, ""llm_weight"": 0.534, ""variance"": 0.0004, ""llm_mean"": 0.62, ""n_models"": 2, ""fallback"": false}, ""coherence"": {""engineered_weight"": 0.394, ""llm_weight"": 0.606, ""variance"": 0.0, ""llm_mean"": 0.555, ""n_models"": 2, ""fallback"": false}, ""integrity"": {""engineered_weight"": 0.378, ""llm_weight"": 0.622, ""variance"": 0.0004, ""llm_mean"": 0.38, ""n_models"": 2, ""fallback"": false}}",0.05,0.09999999999999999,0.3,0.15000000000000005
10,18,9,0.11386874091517812,0.6177685950413224,0.6368488608407317,0.3480486244401791,0.4291337053093528,0.4291337053093528,0.1,-0.013868740915178118,0.09913159474767069,0.026478848538531205,False,"{""attainability"": {""gp_mean"": 0.0991, ""gp_std"": 0.0265, ""gp_weight"": 0.43, ""llm_weight"": 0.57, ""llm_mean"": 0.125, ""uncertain"": false, ""fallback"": false}, ""relevance"": {""engineered_weight"": 0.339, ""llm_weight"": 0.661, ""variance"": 0.0025, ""llm_mean"": 0.55, ""n_models"": 2, ""fallback"": false}, ""coherence"": {""engineered_weight"": 0.433, ""llm_weight"": 0.567, ""variance"": 0.0012, ""llm_mean"": 0.665, ""n_models"": 2, ""fallback"": false}, ""integrity"": {""engineered_weight"": 0.275, ""llm_weight"": 0.725, ""variance"": 0.0289, ""llm_mean"": 0.48, ""n_models"": 2, ""fallback"": false}}",0.2,0.09999999999999999,0.29,0.15000000000000005
11,18,10,0.10921512545447082,0.44173504232395927,0.6222222222222222,0.34210526315789475,0.37881941328963675,0.37881941328963675,0.1,-0.009215125454470813,0.09847831657554046,0.02626363493014097,False,"{""attainability"": {""gp_mean"": 0.0985, ""gp_std"": 0.0263, ""gp_weight"": 0.432, ""llm_weight"": 0.568, ""llm_mean"": 0.1174, ""uncertain"": false, ""fallback"": false}, ""relevance"": {""engineered_weight"": 0.335, ""llm_weight"": 0.665, ""variance"": 0.0006, ""llm_mean"": 0.375, ""n_models"": 2, ""fallback"": false}, ""coherence"": {""engineered_weight"": 0.444, ""llm_weight"": 0.556, ""variance"": 0.0, ""llm_mean"": 0.6, ""n_models"": 2, ""fallback"": false}, ""integrity"": {""engineered_weight"": 0.24, ""llm_weight"": 0.76, ""variance"": 0.0025, ""llm_mean"": 0.45, ""n_models"": 2, ""fallback"": false}}",0.2,0.09999999999999999,0.2,0.1347826086956522
12,18,11,0.10013053594341989,0.14161941463099786,0.44051927165434435,0.417910447761194,0.27504491749748905,0.27504491749748905,0.1,-0.00013053594341988495,0.10030280696501154,0.026394419357356754,False,"{""attainability"": {""gp_mean"": 0.1003, ""gp_std"": 0.0264, ""gp_weight"": 0.431, ""llm_weight"": 0.569, ""llm_mean"": 0.1, ""uncertain"": false, ""fallback"": false}, ""relevance"": {""engineered_weight"": 0.354, ""llm_weight"": 0.646, ""variance"": 0.0, ""llm_mean"": 0.2, ""n_models"": 2, ""fallback"": false}, ""coherence"": {""engineered_weight"": 0.338, ""llm_weight"": 0.662, ""variance"": 0.0006, ""llm_mean"": 0.375, ""n_models"": 2, ""fallback"": false}, ""integrity"": {""engineered_weight"": 0.328, ""llm_weight"": 0.672, ""variance"": 0.01, ""llm_mean"": 0.5, ""n_models"": 2, ""fallback"": false}}",0.1,0.09999999999999999,0.15,0.10000000000000002
13,18,12,0.11094718393355762,0.49729239621620447,0.6,0.38099938953744544,0.3973097424218019,0.3973097424218019,0.1,-0.01094718393355762,0.10239950426706138,0.026528615596847258,False,"{""attainability"": {""gp_mean"": 0.1024, ""gp_std"": 0.0265, ""gp_weight"": 0.43, ""llm_weight"": 0.57, ""llm_mean"": 0.1174, ""uncertain"": false, ""fallback"": false}, ""relevance"": {""engineered_weight"": 0.544, ""llm_weight"": 0.456, ""variance"": 0.0225, ""llm_mean"": 0.5, ""n_models"": 2, ""fallback"": false}, ""coherence"": {""engineered_weight"": 0.524, ""llm_weight"": 0.476, ""variance"": 0.01, ""llm_mean"": 0.6, ""n_models"": 2, ""fallback"": false}, ""integrity"": {""engineered_weight"": 0.24, ""llm_weight"": 0.76, ""variance"": 0.01, ""llm_mean"": 0.5, ""n_models"": 2, ""fallback"": false}}",0.2,0.09999999999999999,0.2,0.1347826086956522
14,18,13,0.1344568032601795,0.41338648501605957,0.5565071263692257,0.5191507122141656,0.4058752817149076,0.4058752817149076,0.1,-0.0344568032601795,0.10419771729241056,0.02638739412915995,False,"{""attainability"": {""gp_mean"": 0.1042, ""gp_std"": 0.0264, ""gp_weight"": 0.431, ""llm_weight"": 0.569, ""llm_mean"": 0.1574, ""uncertain"": false, ""fallback"": false}, ""relevance"": {""engineered_weight"": 0.433, ""llm_weight"": 0.567, ""variance"": 0.0012, ""llm_mean"": 0.385, ""n_models"": 2, ""fallback"": false}, ""coherence"": {""engineered_weight"": 0.409, ""llm_weight"": 0.591, ""variance"": 0.0042, ""llm_mean"": 0.515, ""n_models"": 2, ""fallback"": false}, ""integrity"": {""engineered_weight"": 0.452, ""llm_weight"": 0.548, ""variance"": 0.0, ""llm_mean"": 0.5, ""n_models"": 2, ""fallback"": false}}",0.23,0.18,0.2,0.1347826086956522
15,18,14,0.11338371740610553,0.26635213682924597,0.6222222222222222,0.27464484264282085,0.3191507297750986,0.3191507297750986,0.1,-0.013383717406105528,0.09792924133790801,0.026608299072063503,False,"{""attainability"": {""gp_mean"": 0.0979, ""gp_std"": 0.0266, ""gp_weight"": 0.429, ""llm_weight"": 0.571, ""llm_mean"": 0.125, ""uncertain"": false, ""fallback"": false}, ""relevance"": {""engineered_weight"": 0.466, ""llm_weight"": 0.534, ""variance"": 0.0025, ""llm_mean"": 0.25, ""n_models"": 2, ""fallback"": false}, ""coherence"": {""engineered_weight"": 0.444, ""llm_weight"": 0.556, ""variance"": 0.0, ""llm_mean"": 0.6, ""n_models"": 2, ""fallback"": false}, ""integrity"": {""engineered_weight"": 0.265, ""llm_weight"": 0.735, ""variance"": 0.0009, ""llm_mean"": 0.37, ""n_models"": 2, ""fallback"": false}}",0.05,0.09999999999999999,0.25,0.15000000000000005
16,18,15,0.11099651145042838,0.4351107471626173,0.6115681233933161,0.523696682464455,0.4203430161177042,0.4203430161177042,0.1,-0.010996511450428376,0.10263407228079574,0.02615390147516939,False,"{""attainability"": {""gp_mean"": 0.1026, ""gp_std"": 0.0262, ""gp_weight"": 0.433, ""llm_weight"": 0.567, ""llm_mean"": 0.1174, ""uncertain"": false, ""fallback"": false}, ""relevance"": {""engineered_weight"": 0.444, ""llm_weight"": 0.556, ""variance"": 0.0156, ""llm_mean"": 0.475, ""n_models"": 2, ""fallback"": false}, ""coherence"": {""engineered_weight"": 0.537, ""llm_weight"": 0.463, ""variance"": 0.0306, ""llm_mean"": 0.625, ""n_models"": 2, ""fallback"": false}, ""integrity"": {""engineered_weight"": 0.194, ""llm_weight"": 0.806, ""variance"": 0.0025, ""llm_mean"": 0.65, ""n_models"": 2, ""fallback"": false}}",0.2,0.09999999999999999,0.2,0.1347826086956522
17,18,16,0.11424918056932289,0.4518633540372671,0.6157744769360063,0.46659919028340074,0.4121215504564993,0.4121215504564993,0.1,-0.01424918056932288,0.10009465374967483,0.026331996199766058,False,"{""attainability"": {""gp_mean"": 0.1001, ""gp_std"": 0.0263, ""gp_weight"": 0.432, ""llm_weight"": 0.568, ""llm_mean"": 0.125, ""uncertain"": false, ""fallback"": false}, ""relevance"": {""engineered_weight"": 0.255, ""llm_weight"": 0.745, ""variance"": 0.0025, ""llm_mean"": 0.35, ""n_models"": 2, ""fallback"": false}, ""coherence"": {""engineered_weight"": 0.499, ""llm_weight"": 0.501, ""variance"": 0.0002, ""llm_mean"": 0.615, ""n_models"": 2, ""fallback"": false}, ""integrity"": {""engineered_weight"": 0.353, ""llm_weight"": 0.647, ""variance"": 0.0462, ""llm_mean"": 0.585, ""n_models"": 2, ""fallback"": false}}",0.2,0.09999999999999999,0.27,0.15000000000000005
18,18,17,0.09947956307233861,0.3054054054054054,0.4769230769230769,0.4272671341422903,0.3272687948857778,0.3272687948857778,0.1,0.0005204369276613913,0.09879496610270871,0.026308547039740553,False,"{""attainability"": {""gp_mean"": 0.0988, ""gp_std"": 0.0263, ""gp_weight"": 0.432, ""llm_weight"": 0.568, ""llm_mean"": 0.1, ""uncertain"": false, ""fallback"": false}, ""relevance"": {""engineered_weight"": 0.369, ""llm_weight"": 0.631, ""variance"": 0.0025, ""llm_mean"": 0.25, ""n_models"": 2, ""fallback"": false}, ""coherence"": {""engineered_weight"": 0.308, ""llm_weight"": 0.692, ""variance"": 0.0, ""llm_mean"": 0.4, ""n_models"": 2, ""fallback"": false}, ""integrity"": {""engineered_weight"": 0.276, ""llm_weight"": 0.724, ""variance"": 0.0056, ""llm_mean"": 0.525, ""n_models"": 2, ""fallback"": false}}",0.1,0.09999999999999999,0.15,0.10000000000000002
19,18,18,0.1098750857695378,0.6361171366594359,0.65,0.30000000000000004,0.4239980556072434,0.4239980556072434,0.1,-0.0098750857695378,0.09993484580927467,0.026450108805981178,False,"{""attainability"": {""gp_mean"": 0.0999, ""gp_std"": 0.0265, ""gp_weight"": 0.431, ""llm_weight"": 0.569, ""llm_mean"": 0.1174, ""uncertain"": false, ""fallback"": false}, ""relevance"": {""engineered_weight"": 0.349, ""llm_weight"": 0.651, ""variance"": 0.0006, ""llm_mean"": 0.575, ""n_models"": 2, ""fallback"": false}, ""coherence"": {""engineered_weight"": 0.506, ""llm_weight"": 0.494, ""variance"": 0.0025, ""llm_mean"": 0.65, ""n_models"": 2, ""fallback"": false}, ""integrity"": {""engineered_weight"": 0.25, ""llm_weight"": 0.75, ""variance"": 0.0, ""llm_mean"": 0.4, ""n_models"": 2, ""fallback"": false}}",0.2,0.09999999999999999,0.2,0.1347826086956522
20,18,19,0.11468963474579798,0.3216886725754291,0.505414169540067,0.41652866637496744,0.3395802858090654,0.3395802858090654,0.1,-0.014689634745797972,0.10095440376445391,0.02664353908460457,False,"{""attainability"": {""gp_mean"": 0.101, ""gp_std"": 0.0266, ""gp_weight"": 0.429, ""llm_weight"": 0.571, ""llm_mean"": 0.125, ""uncertain"": false, ""fallback"": false}, ""relevance"": {""engineered_weight"": 0.436, ""llm_weight"": 0.564, ""variance"": 0.0025, ""llm_mean"": 0.35, ""n_models"": 2, ""fallback"": false}, ""coherence"": {""engineered_weight"": 0.276, ""llm_weight"": 0.724, ""variance"": 0.0, ""llm_mean"": 0.595, ""n_models"": 2, ""fallback"": false}, ""integrity"": {""engineered_weight"": 0.437, ""llm_weight"": 0.563, ""variance"": 0.003, ""llm_mean"": 0.445, ""n_models"": 2, ""fallback"": false}}",0.1,0.09999999999999999,0.38,0.15000000000000005
21,18,20,0.11406687673051571,0.695632798573975,0.6340203798054656,0.4459136351381458,0.47240842256202553,0.47240842256202553,0.1,-0.01406687673051571,0.09957212861384435,0.026515292582729742,False,"{""attainability"": {""gp_mean"": 0.0996, ""gp_std"": 0.0265, ""gp_weight"": 0.43, ""llm_weight"": 0.57, ""llm_mean"": 0.125, ""uncertain"": false, ""fallback"": false}, ""relevance"": {""engineered_weight"": 0.482, ""llm_weight"": 0.518, ""variance"": 0.042, ""llm_mean"": 0.645, ""n_models"": 2, ""fallback"": false}, ""coherence"": {""engineered_weight"": 0.467, ""llm_weight"": 0.533, ""variance"": 0.0009, ""llm_mean"": 0.62, ""n_models"": 2, ""fallback"": false}, ""integrity"": {""engineered_weight"": 0.311, ""llm_weight"": 0.689, ""variance"": 0.0462, ""llm_mean"": 0.585, ""n_models"": 2, ""fallback"": false}}",0.2,0.09999999999999999,0.28,0.15000000000000005
22,18,21,0.10016811477982801,0.34230769230769237,0.5725274725274725,0.5268828390353621,0.38547152966258874,0.38547152966258874,0.1,-0.0001681147798280047,0.10039052996137271,0.02645992003466147,False,"{""attainability"": {""gp_mean"": 0.1004, ""gp_std"": 0.0265, ""gp_weight"": 0.43, ""llm_weight"": 0.57, ""llm_mean"": 0.1, ""uncertain"": false, ""fallback"": false}, ""relevance"": {""engineered_weight"": 0.423, ""llm_weight"": 0.577, ""variance"": 0.01, ""llm_mean"": 0.3, ""n_models"": 2, ""fallback"": false}, ""coherence"": {""engineered_weight"": 0.451, ""llm_weight"": 0.549, ""variance"": 0.0025, ""llm_mean"": 0.55, ""n_models"": 2, ""fallback"": false}, ""integrity"": {""engineered_weight"": 0.202, ""llm_weight"": 0.798, ""variance"": 0.0025, ""llm_mean"": 0.65, ""n_models"": 2, ""fallback"": false}}",0.2,0.09999999999999999,0.1,0.10000000000000002
23,18,22,0.10974036206029261,0.6042857142857142,0.6349393772484796,0.45947771274200805,0.4521107915841236,0.4521107915841236,0.1,-0.009740362060292607,0.09964103618353759,0.02640021450223447,False,"{""attainability"": {""gp_mean"": 0.0996, ""gp_std"": 0.0264, ""gp_weight"": 0.431, ""llm_weight"": 0.569, ""llm_mean"": 0.1174, ""uncertain"": false, ""fallback"": false}, ""relevance"": {""engineered_weight"": 0.352, ""llm_weight"": 0.648, ""variance"": 0.0156, ""llm_mean"": 0.525, ""n_models"": 2, ""fallback"": false}, ""coherence"": {""engineered_weight"": 0.469, ""llm_weight"": 0.531, ""variance"": 0.0025, ""llm_mean"": 0.65, ""n_models"": 2, ""fallback"": false}, ""integrity"": {""engineered_weight"": 0.215, ""llm_weight"": 0.785, ""variance"": 0.0072, ""llm_mean"": 0.585, ""n_models"": 2, ""fallback"": false}}",0.2,0.09999999999999999,0.2,0.1347826086956522
24,18,23,0.10004177537491621,0.47222222222222227,0.6368035190615836,0.25496688741721857,0.3660086010189852,0.3660086010189852,0.1,-4.177537491620309e-05,0.1000970647642037,0.02646984708019708,False,"{""attainability"": {""gp_mean"": 0.1001, ""gp_std"": 0.0265, ""gp_weight"": 0.43, ""llm_weight"": 0.57, ""llm_mean"": 0.1, ""uncertain"": false, ""fallback"": false}, ""relevance"": {""engineered_weight"": 0.259, ""llm_weight"": 0.741, ""variance"": 0.0006, ""llm_mean"": 0.375, ""n_models"": 2, ""fallback"": false}, ""coherence"": {""engineered_weight"": 0.472, ""llm_weight"": 0.528, ""variance"": 0.0006, ""llm_mean"": 0.625, ""n_models"": 2, ""fallback"": false}, ""integrity"": {""engineered_weight"": 0.272, ""llm_weight"": 0.728, ""variance"": 0.0025, ""llm_mean"": 0.35, ""n_models"": 2, ""fallback"": false}}",0.2,0.09999999999999999,0.15,0.10000000000000002
25,18,24,0.10959478670812048,0.37252747252747254,0.7110044433613576,0.3500846343593532,0.385802834239076,0.385802834239076,0.1,-0.009594786708120473,0.09926627338548716,0.02649519644522551,False,"{""attainability"": {""gp_mean"": 0.0993, ""gp_std"": 0.0265, ""gp_weight"": 0.43, ""llm_weight"": 0.57, ""llm_mean"": 0.1174, ""uncertain"": false, ""fallback"": false}, ""relevance"": {""engineered_weight"": 0.451, ""llm_weight"": 0.549, ""variance"": 0.0025, ""llm_mean"": 0.35, ""n_models"": 2, ""fallback"": false}, ""coherence"": {""engineered_weight"": 0.356, ""llm_weight"": 0.644, ""variance"": 0.0025, ""llm_mean"": 0.65, ""n_models"": 2, ""fallback"": false}, ""integrity"": {""engineered_weight"": 0.259, ""llm_weight"": 0.741, ""variance"": 0.0025, ""llm_mean"": 0.45, ""n_models"": 2, ""fallback"": false}}",0.2,0.09999999999999999,0.2,0.1347826086956522
26,18,25,0.11438363996542435,0.36635213682924594,0.40454682893642757,0.4048937278706454,0.32254408340043583,0.32254408340043583,0.1,-0.014383639965424341,0.1003800384696758,0.026381172925826143,False,"{""attainability"": {""gp_mean"": 0.1004, ""gp_std"": 0.0264, ""gp_weight"": 0.431, ""llm_weight"": 0.569, ""llm_mean"": 0.125, ""uncertain"": false, ""fallback"": false}, ""relevance"": {""engineered_weight"": 0.466, ""llm_weight"": 0.534, ""variance"": 0.0025, ""llm_mean"": 0.35, ""n_models"": 2, ""fallback"": false}, ""coherence"": {""engineered_weight"": 0.342, ""llm_weight"": 0.658, ""variance"": 0.0132, ""llm_mean"": 0.485, ""n_models"": 2, ""fallback"": false}, ""integrity"": {""engineered_weight"": 0.322, ""llm_weight"": 0.678, ""variance"": 0.0324, ""llm_mean"": 0.52, ""n_models"": 2, ""fallback"": false}}",0.1,0.09999999999999999,0.26,0.15000000000000005
27,18,26,0.14777522002942753,0.14458245132153702,0.6368035190615836,0.3057033857602428,0.30871614404319775,0.30871614404319775,0.1,-0.04777522002942752,0.10237042038222288,0.02642299759936775,False,"{""attainability"": {""gp_mean"": 0.1024, ""gp_std"": 0.0264, ""gp_weight"": 0.431, ""llm_weight"": 0.569, ""llm_mean"": 0.1821, ""uncertain"": false, ""fallback"": false}, ""relevance"": {""engineered_weight"": 0.361, ""llm_weight"": 0.639, ""variance"": 0.0, ""llm_mean"": 0.2, ""n_models"": 2, ""fallback"": false}, ""coherence"": {""engineered_weight"": 0.472, ""llm_weight"": 0.528, ""variance"": 0.0006, ""llm_mean"": 0.625, ""n_models"": 2, ""fallback"": false}, ""integrity"": {""engineered_weight"": 0.264, ""llm_weight"": 0.736, ""variance"": 0.0, ""llm_mean"": 0.4, ""n_models"": 2, ""fallback"": false}}",0.3,0.21428571428571427,0.25,0.15000000000000005
28,18,27,0.11355028036111597,0.37252747252747254,0.886117136659436,0.543728423475259,0.4789808282558209,0.4789808282558209,0.1,-0.013550280361115968,0.09842005489406364,0.026428988559106727,False,"{""attainability"": {""gp_mean"": 0.0984, ""gp_std"": 0.0264, ""gp_weight"": 0.431, ""llm_weight"": 0.569, ""llm_mean"": 0.125, ""uncertain"": false, ""fallback"": false}, ""relevance"": {""engineered_weight"": 0.451, ""llm_weight"": 0.549, ""variance"": 0.0025, ""llm_mean"": 0.35, ""n_models"": 2, ""fallback"": false}, ""coherence"": {""engineered_weight"": 0.349, ""llm_weight"": 0.651, ""variance"": 0.0006, ""llm_mean"": 0.825, ""n_models"": 2, ""fallback"": false}, ""integrity"": {""engineered_weight"": 0.194, ""llm_weight"": 0.806, ""variance"": 0.0056, ""llm_mean"": 0.675, ""n_models"": 2, ""fallback"": false}}",0.2,0.09999999999999999,0.25,0.15000000000000005
29,18,28,0.13083940363112478,0.5769230769230769,0.6551219512195122,0.2963230391198973,0.4148018677234028,0.4148018677234028,0.1,-0.03083940363112478,0.09652340670270934,0.025848241370404385,False,"{""attainability"": {""gp_mean"": 0.0965, ""gp_std"": 0.0258, ""gp_weight"": 0.436, ""llm_weight"": 0.564, ""llm_mean"": 0.1574, ""uncertain"": false, ""fallback"": false}, ""relevance"": {""engineered_weight"": 0.308, ""llm_weight"": 0.692, ""variance"": 0.0, ""llm_mean"": 0.5, ""n_models"": 2, ""fallback"": false}, ""coherence"": {""engineered_weight"": 0.488, ""llm_weight"": 0.512, ""variance"": 0.0, ""llm_mean"": 0.66, ""n_models"": 2, ""fallback"": false}, ""integrity"": {""engineered_weight"": 0.291, ""llm_weight"": 0.709, ""variance"": 0.0, ""llm_mean"": 0.38, ""n_models"": 2, ""fallback"": false}}",0.24,0.18,0.24,0.1347826086956522
30,18,29,0.1145610278371744,0.568937463093211,0.6494126658566284,0.5557727750617065,0.4721709829621801,0.4721709829621801,0.1,-0.01456102783717439,0.10087429863263875,0.02622236938857953,False,"{""attainability"": {""gp_mean"": 0.1009, ""gp_std"": 0.0262, ""gp_weight"": 0.433, ""llm_weight"": 0.567, ""llm_mean"": 0.125, ""uncertain"": false, ""fallback"": false}, ""relevance"": {""engineered_weight"": 0.306, ""llm_weight"": 0.694, ""variance"": 0.0025, ""llm_mean"": 0.65, ""n_models"": 2, ""fallback"": false}, ""coherence"": {""engineered_weight"": 0.438, ""llm_weight"": 0.562, ""variance"": 0.0006, ""llm_mean"": 0.675, ""n_models"": 2, ""fallback"": false}, ""integrity"": {""engineered_weight"": 0.329, ""llm_weight"": 0.671, ""variance"": 0.0006, ""llm_mean"": 0.625, ""n_models"": 2, ""fallback"": false}}",0.2,0.09999999999999999,0.3,0.15000000000000005
31,18,30,0.12250549769279613,0.5967564259485925,0.3988402061855669,0.33446166775609304,0.36314094939576214,0.36314094939576214,0.1,-0.022505497692796125,0.09940863090241267,0.026404714332310685,False,"{""attainability"": {""gp_mean"": 0.0994, ""gp_std"": 0.0264, ""gp_weight"": 0.431, ""llm_weight"": 0.569, ""llm_mean"": 0.14, ""uncertain"": false, ""fallback"": false}, ""relevance"": {""engineered_weight"": 0.408, ""llm_weight"": 0.592, ""variance"": 0.0001, ""llm_mean"": 0.56, ""n_models"": 2, ""fallback"": false}, ""coherence"": {""engineered_weight"": 0.323, ""llm_weight"": 0.677, ""variance"": 0.0004, ""llm_mean"": 0.47, ""n_models"": 2, ""fallback"": false}, ""integrity"": {""engineered_weight"": 0.374, ""llm_weight"": 0.626, ""variance"": 0.0002, ""llm_mean"": 0.385, ""n_models"": 2, ""fallback"": false}}",0.23,0.18,0.15,0.10000000000000002
32,18,31,0.10013160497950532,0.3799440721395986,0.6,0.47058823529411764,0.3876659781033054,0.3876659781033054,0.1,-0.00013160497950531758,0.10030591962995522,0.02649058585854791,False,"{""attainability"": {""gp_mean"": 0.1003, ""gp_std"": 0.0265, ""gp_weight"": 0.43, ""llm_weight"": 0.57, ""llm_mean"": 0.1, ""uncertain"": false, ""fallback"": false}, ""relevance"": {""engineered_weight"": 0.489, ""llm_weight"": 0.511, ""variance"": 0.0006, ""llm_mean"": 0.375, ""n_models"": 2, ""fallback"": false}, ""coherence"": {""engineered_weight"": 0.5, ""llm_weight"": 0.5, ""variance"": 0.0, ""llm_mean"": 0.6, ""n_models"": 2, ""fallback"": false}, ""integrity"": {""engineered_weight"": 0.216, ""llm_weight"": 0.784, ""variance"": 0.01, ""llm_mean"": 0.6, ""n_models"": 2, ""fallback"": false}}",0.2,0.09999999999999999,0.15,0.10000000000000002
33,18,32,0.11486626638282646,0.3216886725754291,0.703265306122449,0.49811266857201186,0.4094832284131791,0.4094832284131791,0.1,-0.014866266382826454,0.101341370325291,0.02669281938616373,False,"{""attainability"": {""gp_mean"": 0.1013, ""gp_std"": 0.0267, ""gp_weight"": 0.428, ""llm_weight"": 0.572, ""llm_mean"": 0.125, ""uncertain"": false, ""fallback"": false}, ""relevance"": {""engineered_weight"": 0.436, ""llm_weight"": 0.564, ""variance"": 0.0025, ""llm_mean"": 0.35, ""n_models"": 2, ""fallback"": false}, ""coherence"": {""engineered_weight"": 0.408, ""llm_weight"": 0.592, ""variance"": 0.0, ""llm_mean"": 0.74, ""n_models"": 2, ""fallback"": false}, ""integrity"": {""engineered_weight"": 0.405, ""llm_weight"": 0.595, ""variance"": 0.0, ""llm_mean"": 0.46, ""n_models"": 2, ""fallback"": false}}",0.2,0.09999999999999999,0.4,0.15000000000000005
34,18,33,0.11006193106971325,0.7046959230105716,0.6969537211729961,0.44131829760033525,0.4882574682134041,0.4882574682134041,0.1,-0.010061931069713245,0.10028275464589906,0.026684891198042782,False,"{""attainability"": {""gp_mean"": 0.1003, ""gp_std"": 0.0267, ""gp_weight"": 0.428, ""llm_weight"": 0.572, ""llm_mean"": 0.1174, ""uncertain"": false, ""fallback"": false}, ""relevance"": {""engineered_weight"": 0.394, ""llm_weight"": 0.606, ""variance"": 0.0025, ""llm_mean"": 0.75, ""n_models"": 2, ""fallback"": false}, ""coherence"": {""engineered_weight"": 0.398, ""llm_weight"": 0.602, ""variance"": 0.01, ""llm_mean"": 0.75, ""n_models"": 2, ""fallback"": false}, ""integrity"": {""engineered_weight"": 0.306, ""llm_weight"": 0.694, ""variance"": 0.0225, ""llm_mean"": 0.55, ""n_models"": 2, ""fallback"": false}}",0.2,0.09999999999999999,0.2,0.1347826086956522
35,18,34,0.09985249438919691,0.1789341240744836,0.6222222222222222,0.30000000000000004,0.30025221017147574,0.30025221017147574,0.1,0.00014750561080309477,0.09965604372084602,0.026636365529598974,False,"{""attainability"": {""gp_mean"": 0.0997, ""gp_std"": 0.0266, ""gp_weight"": 0.429, ""llm_weight"": 0.571, ""llm_mean"": 0.1, ""uncertain"": false, ""fallback"": false}, ""relevance"": {""engineered_weight"": 0.331, ""llm_weight"": 0.669, ""variance"": 0.0025, ""llm_mean"": 0.25, ""n_models"": 2, ""fallback"": false}, ""coherence"": {""engineered_weight"": 0.444, ""llm_weight"": 0.556, ""variance"": 0.0, ""llm_mean"": 0.6, ""n_models"": 2, ""fallback"": false}, ""integrity"": {""engineered_weight"": 0.25, ""llm_weight"": 0.75, ""variance"": 0.0, ""llm_mean"": 0.4, ""n_models"": 2, ""fallback"": false}}",0.1,0.09999999999999999,0.1,0.10000000000000002
