period_id,l2_name,l1_name,n_goals,avg_composite,avg_composite_raw,at_risk_count,avg_coherence,avg_coherence_norm,avg_attainability,avg_relevance,avg_integrity,budget_shock,market_shock
1,Content & SEO,Marketing,3,0.528,0.528,0,0.827,0.784,0.097,0.39,0.799,0,0
1,Core Platform,Product,3,0.489,0.489,0,0.731,0.665,0.121,0.327,0.777,0,0
1,Customer Success,Operations,3,0.591,0.591,0,0.696,0.621,0.121,0.633,0.915,0,0
1,Data & Analytics,Operations,2,0.564,0.564,0,0.825,0.782,0.105,0.575,0.75,0,0
1,Events & Community,Marketing,3,0.49,0.49,0,0.561,0.452,0.1,0.453,0.847,0,0
1,Finance & Legal,G&A,2,0.51,0.51,0,0.783,0.73,0.116,0.392,0.75,0,0
1,General Admin,G&A,2,0.474,0.474,0,0.808,0.761,0.109,0.21,0.767,0,0
1,HR & Recruiting,G&A,2,0.513,0.513,0,0.8,0.75,0.115,0.21,0.926,0,0
1,Infrastructure & DevOps,Operations,2,0.381,0.381,0,0.45,0.314,0.098,0.216,0.759,0,0
1,New Features,Product,3,0.592,0.592,0,0.855,0.82,0.095,0.511,0.905,0,0
1,Paid Acquisition,Marketing,3,0.558,0.558,0,0.872,0.84,0.099,0.511,0.75,0,0
1,Partnerships,Marketing,3,0.525,0.525,0,0.682,0.603,0.098,0.486,0.834,0,0
1,Research & Innovation,Product,2,0.565,0.565,0,0.716,0.646,0.095,0.575,0.875,0,0
1,Technical Debt,Product,2,0.429,0.429,1,0.46,0.327,0.099,0.392,0.763,0,0
2,Content & SEO,Marketing,3,0.501,0.501,0,0.806,0.758,0.099,0.39,0.71,0,0
2,Core Platform,Product,3,0.43,0.43,1,0.739,0.674,0.085,0.327,0.571,0,0
2,Customer Success,Operations,3,0.587,0.587,0,0.683,0.604,0.345,0.633,0.688,0,0
2,Data & Analytics,Operations,2,0.561,0.561,0,0.825,0.782,0.087,0.575,0.758,0,0
2,Events & Community,Marketing,3,0.468,0.468,0,0.597,0.497,0.093,0.453,0.731,0,0
2,Finance & Legal,G&A,2,0.593,0.593,0,0.783,0.73,0.453,0.392,0.744,0,0
2,General Admin,G&A,2,0.435,0.435,1,0.785,0.732,0.091,0.21,0.653,0,0
2,HR & Recruiting,G&A,2,0.489,0.489,0,0.8,0.75,0.073,0.21,0.875,0,0
2,Infrastructure & DevOps,Operations,2,0.337,0.337,1,0.45,0.314,0.1,0.216,0.582,0,0
2,New Features,Product,3,0.547,0.547,0,0.855,0.82,0.096,0.511,0.727,0,0
2,Paid Acquisition,Marketing,3,0.558,0.558,0,0.872,0.84,0.096,0.511,0.752,0,0
2,Partnerships,Marketing,3,0.489,0.489,0,0.681,0.603,0.098,0.486,0.69,0,0
2,Research & Innovation,Product,2,0.558,0.558,0,0.8,0.751,0.101,0.575,0.756,0,0
2,Technical Debt,Product,2,0.443,0.443,1,0.46,0.327,0.097,0.392,0.823,0,0
3,Content & SEO,Marketing,3,0.457,0.457,0,0.818,0.773,0.102,0.39,0.52,0,0
3,Core Platform,Product,3,0.445,0.445,1,0.739,0.674,0.103,0.327,0.612,0,0
3,Customer Success,Operations,3,0.546,0.546,0,0.696,0.621,0.371,0.633,0.483,0,0
3,Data & Analytics,Operations,2,0.499,0.499,0,0.825,0.782,0.112,0.575,0.485,0,0
3,Events & Community,Marketing,3,0.428,0.428,1,0.606,0.509,0.106,0.453,0.547,0,0
3,Finance & Legal,G&A,2,0.45,0.45,0,0.783,0.73,0.133,0.392,0.494,0,0
3,General Admin,G&A,2,0.433,0.433,1,0.808,0.761,0.102,0.21,0.611,0,0
3,HR & Recruiting,G&A,2,0.507,0.507,0,0.8,0.75,0.116,0.21,0.901,0,0
3,Infrastructure & DevOps,Operations,2,0.301,0.301,2,0.45,0.314,0.1,0.216,0.437,0,0
3,New Features,Product,3,0.47,0.47,0,0.792,0.741,0.104,0.512,0.472,0,0
3,Paid Acquisition,Marketing,3,0.499,0.499,0,0.872,0.84,0.101,0.511,0.513,0,0
3,Partnerships,Marketing,3,0.464,0.464,0,0.682,0.603,0.101,0.486,0.586,0,0
3,Research & Innovation,Product,2,0.532,0.532,0,0.8,0.751,0.102,0.575,0.65,0,0
3,Technical Debt,Product,2,0.356,0.356,1,0.46,0.327,0.108,0.392,0.462,0,0
4,Content & SEO,Marketing,3,0.362,0.362,2,0.82,0.775,0.1,0.39,0.138,0,0
4,Core Platform,Product,3,0.353,0.353,2,0.739,0.674,0.1,0.327,0.247,0,0
4,Customer Success,Operations,3,0.453,0.453,1,0.696,0.621,0.363,0.633,0.118,0,0
4,Data & Analytics,Operations,2,0.399,0.399,0,0.825,0.782,0.099,0.575,0.098,0,0
4,Events & Community,Marketing,3,0.297,0.297,2,0.606,0.509,0.101,0.453,0.03,0,0
4,Finance & Legal,G&A,2,0.318,0.318,1,0.783,0.73,0.095,0.392,0.0,0,0
4,General Admin,G&A,2,0.297,0.297,1,0.808,0.761,0.102,0.21,0.067,0,0
4,HR & Recruiting,G&A,2,0.311,0.311,2,0.8,0.75,0.098,0.21,0.137,0,0
4,Infrastructure & DevOps,Operations,2,0.193,0.193,2,0.45,0.314,0.105,0.216,0.0,0,0
4,New Features,Product,3,0.387,0.387,1,0.855,0.82,0.103,0.512,0.078,0,0
4,Paid Acquisition,Marketing,3,0.408,0.408,1,0.872,0.84,0.1,0.511,0.15,0,0
4,Partnerships,Marketing,3,0.361,0.361,2,0.682,0.603,0.104,0.486,0.173,0,0
4,Research & Innovation,Product,2,0.387,0.387,1,0.8,0.751,0.1,0.575,0.074,0,0
4,Technical Debt,Product,2,0.258,0.258,1,0.46,0.327,0.105,0.392,0.075,0,0
5,Content & SEO,Marketing,3,0.39,0.39,2,0.844,0.806,0.101,0.39,0.223,0,0
5,Core Platform,Product,3,0.324,0.324,2,0.739,0.674,0.106,0.327,0.124,0,0
5,Customer Success,Operations,3,0.44,0.44,1,0.697,0.622,0.373,0.633,0.059,0,0
5,Data & Analytics,Operations,2,0.394,0.394,0,0.825,0.782,0.101,0.575,0.075,0,0
5,Events & Community,Marketing,3,0.3,0.3,2,0.576,0.471,0.104,0.453,0.066,0,0
5,Finance & Legal,G&A,2,0.344,0.344,1,0.783,0.73,0.115,0.392,0.086,0,0
5,General Admin,G&A,2,0.312,0.312,1,0.808,0.761,0.104,0.21,0.125,0,0
5,HR & Recruiting,G&A,2,0.31,0.31,2,0.8,0.75,0.105,0.21,0.125,0,0
5,Infrastructure & DevOps,Operations,2,0.197,0.197,2,0.45,0.314,0.098,0.216,0.025,0,0
5,New Features,Product,3,0.41,0.41,1,0.856,0.82,0.102,0.511,0.171,0,0
5,Paid Acquisition,Marketing,3,0.408,0.408,1,0.872,0.84,0.106,0.511,0.144,0,0
5,Partnerships,Marketing,3,0.361,0.361,2,0.682,0.603,0.101,0.486,0.175,0,0
5,Research & Innovation,Product,2,0.403,0.403,1,0.632,0.541,0.102,0.7,0.179,0,0
5,Technical Debt,Product,2,0.239,0.239,1,0.46,0.327,0.103,0.392,0.002,0,0
6,Content & SEO,Marketing,3,0.355,0.355,2,0.771,0.714,0.095,0.368,0.185,0,0
6,Core Platform,Product,3,0.369,0.369,2,0.681,0.603,0.098,0.322,0.373,0,0
6,Customer Success,Operations,3,0.446,0.446,0,0.643,0.555,0.355,0.576,0.211,0,0
6,Data & Analytics,Operations,2,0.375,0.375,0,0.737,0.672,0.1,0.541,0.121,0,0
6,Events & Community,Marketing,3,0.299,0.299,2,0.546,0.434,0.086,0.427,0.137,0,0
6,Finance & Legal,G&A,2,0.357,0.357,1,0.734,0.668,0.092,0.396,0.206,0,0
6,General Admin,G&A,2,0.306,0.306,1,0.741,0.678,0.089,0.209,0.183,0,0
6,HR & Recruiting,G&A,2,0.351,0.351,2,0.748,0.686,0.093,0.22,0.342,0,0
6,Infrastructure & DevOps,Operations,2,0.206,0.206,2,0.379,0.225,0.085,0.211,0.148,0,0
6,New Features,Product,3,0.435,0.435,1,0.811,0.765,0.08,0.467,0.382,0,0
6,Paid Acquisition,Marketing,3,0.4,0.4,1,0.804,0.755,0.089,0.473,0.235,0,0
6,Partnerships,Marketing,3,0.351,0.351,2,0.622,0.529,0.089,0.443,0.248,0,0
6,Research & Innovation,Product,2,0.403,0.403,1,0.75,0.688,0.094,0.52,0.248,0,0
6,Technical Debt,Product,2,0.249,0.249,1,0.4,0.251,0.099,0.376,0.121,0,0
7,Content & SEO,Marketing,3,0.485,0.485,0,0.844,0.806,0.165,0.39,0.541,0,0
7,Core Platform,Product,3,0.425,0.425,1,0.739,0.674,0.098,0.327,0.536,0,0
7,Customer Success,Operations,3,0.538,0.538,0,0.657,0.572,0.359,0.633,0.503,0,0
7,Data & Analytics,Operations,2,0.468,0.468,0,0.825,0.782,0.091,0.575,0.381,0,0
7,Events & Community,Marketing,3,0.394,0.394,1,0.606,0.509,0.103,0.453,0.414,0,0
7,Finance & Legal,G&A,2,0.419,0.419,0,0.783,0.73,0.089,0.392,0.41,0,0
7,General Admin,G&A,2,0.365,0.365,1,0.808,0.761,0.103,0.21,0.341,0,0
7,HR & Recruiting,G&A,2,0.409,0.409,0,0.8,0.75,0.093,0.21,0.532,0,0
7,Infrastructure & DevOps,Operations,2,0.292,0.292,2,0.45,0.314,0.106,0.216,0.394,0,0
7,New Features,Product,3,0.521,0.521,0,0.855,0.82,0.106,0.511,0.61,0,0
7,Paid Acquisition,Marketing,3,0.483,0.483,0,0.872,0.841,0.104,0.511,0.446,0,0
7,Partnerships,Marketing,3,0.455,0.455,0,0.681,0.603,0.104,0.486,0.547,0,0
7,Research & Innovation,Product,2,0.523,0.523,0,0.751,0.689,0.202,0.575,0.565,0,0
7,Technical Debt,Product,2,0.323,0.323,1,0.46,0.327,0.09,0.392,0.348,0,0
8,Content & SEO,Marketing,3,0.353,0.353,2,0.818,0.773,0.118,0.39,0.087,0,0
8,Core Platform,Product,3,0.347,0.347,2,0.739,0.674,0.092,0.327,0.229,0,0
8,Customer Success,Operations,3,0.441,0.441,0,0.697,0.622,0.395,0.633,0.037,0,0
8,Data & Analytics,Operations,2,0.378,0.378,0,0.825,0.782,0.111,0.575,0.0,0,0
8,Events & Community,Marketing,3,0.307,0.307,2,0.606,0.509,0.115,0.453,0.054,0,0
8,Finance & Legal,G&A,2,0.347,0.347,1,0.783,0.73,0.087,0.392,0.125,0,0
8,General Admin,G&A,2,0.312,0.312,1,0.808,0.761,0.105,0.21,0.125,0,0
8,HR & Recruiting,G&A,2,0.355,0.355,1,0.8,0.75,0.106,0.21,0.304,0,0
8,Infrastructure & DevOps,Operations,2,0.2,0.2,2,0.45,0.314,0.12,0.216,0.015,0,0
8,New Features,Product,3,0.418,0.418,1,0.855,0.82,0.13,0.511,0.175,0,0
8,Paid Acquisition,Marketing,3,0.412,0.412,1,0.872,0.84,0.105,0.511,0.159,0,0
8,Partnerships,Marketing,3,0.367,0.367,2,0.681,0.603,0.113,0.486,0.189,0,0
8,Research & Innovation,Product,2,0.401,0.401,1,0.8,0.751,0.189,0.575,0.041,0,0
8,Technical Debt,Product,2,0.24,0.24,1,0.46,0.327,0.107,0.392,0.0,0,0
9,Content & SEO,Marketing,3,0.343,0.343,2,0.766,0.708,0.087,0.39,0.128,0,0
9,Core Platform,Product,3,0.359,0.359,1,0.739,0.674,0.1,0.327,0.271,0,0
9,Customer Success,Operations,3,0.422,0.422,1,0.697,0.622,0.337,0.633,0.021,0,0
9,Data & Analytics,Operations,2,0.385,0.385,0,0.825,0.782,0.102,0.575,0.037,0,0
9,Events & Community,Marketing,3,0.314,0.314,2,0.606,0.509,0.096,0.453,0.101,0,0
9,Finance & Legal,G&A,2,0.337,0.337,1,0.669,0.587,0.12,0.392,0.168,0,0
9,General Admin,G&A,2,0.289,0.289,1,0.737,0.672,0.086,0.21,0.125,0,0
9,HR & Recruiting,G&A,2,0.281,0.281,2,0.8,0.751,0.102,0.21,0.013,0,0
9,Infrastructure & DevOps,Operations,2,0.192,0.192,2,0.45,0.314,0.102,0.216,0.0,0,0
9,New Features,Product,3,0.396,0.396,1,0.855,0.82,0.084,0.511,0.134,0,0
9,Paid Acquisition,Marketing,3,0.402,0.402,1,0.813,0.767,0.165,0.511,0.117,0,0
9,Partnerships,Marketing,3,0.359,0.359,1,0.681,0.603,0.155,0.486,0.115,0,0
9,Research & Innovation,Product,2,0.424,0.424,1,0.8,0.751,0.109,0.575,0.214,0,0
9,Technical Debt,Product,2,0.238,0.238,1,0.46,0.327,0.098,0.392,0.0,0,0
10,Content & SEO,Marketing,3,0.352,0.352,2,0.787,0.734,0.097,0.39,0.135,1,0
10,Core Platform,Product,3,0.345,0.345,2,0.739,0.674,0.096,0.327,0.217,1,0
10,Customer Success,Operations,3,0.444,0.444,1,0.696,0.621,0.365,0.633,0.081,1,0
10,Data & Analytics,Operations,2,0.375,0.375,0,0.825,0.782,0.1,0.575,0.0,1,0
10,Events & Community,Marketing,3,0.304,0.304,2,0.606,0.509,0.104,0.453,0.052,1,0
10,Finance & Legal,G&A,2,0.351,0.351,1,0.783,0.73,0.104,0.392,0.125,1,0
10,General Admin,G&A,2,0.291,0.291,1,0.808,0.761,0.104,0.21,0.043,1,0
10,HR & Recruiting,G&A,2,0.335,0.335,1,0.8,0.75,0.101,0.21,0.229,1,0
10,Infrastructure & DevOps,Operations,2,0.192,0.192,2,0.45,0.314,0.103,0.216,0.0,1,0
10,New Features,Product,3,0.387,0.387,1,0.855,0.82,0.101,0.511,0.078,1,0
10,Paid Acquisition,Marketing,3,0.421,0.421,1,0.872,0.841,0.1,0.511,0.2,1,0
10,Partnerships,Marketing,3,0.353,0.353,2,0.625,0.532,0.1,0.486,0.2,1,0
10,Research & Innovation,Product,2,0.369,0.369,1,0.8,0.751,0.1,0.575,0.0,1,0
10,Technical Debt,Product,2,0.238,0.238,1,0.46,0.327,0.1,0.392,0.0,1,0
11,Content & SEO,Marketing,3,0.381,0.381,2,0.732,0.665,0.104,0.473,0.214,1,0
11,Core Platform,Product,3,0.36,0.36,2,0.63,0.539,0.109,0.41,0.291,1,0
11,Customer Success,Operations,3,0.471,0.471,0,0.697,0.622,0.361,0.633,0.192,1,0
11,Data & Analytics,Operations,2,0.396,0.396,0,0.825,0.782,0.106,0.575,0.08,1,0
11,Events & Community,Marketing,3,0.3,0.3,1,0.606,0.509,0.099,0.453,0.042,1,0
11,Finance & Legal,G&A,2,0.405,0.405,0,0.783,0.73,0.113,0.392,0.331,1,0
11,General Admin,G&A,2,0.318,0.318,1,0.808,0.761,0.088,0.21,0.164,1,0
11,HR & Recruiting,G&A,2,0.354,0.354,1,0.8,0.751,0.093,0.21,0.312,1,0
11,Infrastructure & DevOps,Operations,2,0.219,0.219,2,0.45,0.314,0.093,0.216,0.117,1,0
11,New Features,Product,3,0.407,0.407,1,0.748,0.686,0.094,0.595,0.19,1,0
11,Paid Acquisition,Marketing,3,0.414,0.414,1,0.872,0.841,0.106,0.511,0.164,1,0
11,Partnerships,Marketing,3,0.347,0.347,2,0.638,0.548,0.099,0.486,0.166,1,0
11,Research & Innovation,Product,2,0.409,0.409,1,0.8,0.751,0.103,0.575,0.16,1,0
11,Technical Debt,Product,2,0.238,0.238,1,0.46,0.327,0.096,0.392,0.003,1,0
12,Content & SEO,Marketing,3,0.44,0.44,2,0.655,0.569,0.152,0.497,0.456,1,0
12,Core Platform,Product,3,0.369,0.369,1,0.561,0.452,0.125,0.343,0.448,1,0
12,Customer Success,Operations,3,0.43,0.43,0,0.614,0.518,0.232,0.441,0.433,1,0
12,Data & Analytics,Operations,2,0.401,0.401,0,0.563,0.455,0.106,0.495,0.441,1,0
12,Events & Community,Marketing,3,0.342,0.342,2,0.491,0.365,0.116,0.391,0.371,1,0
12,Finance & Legal,G&A,2,0.443,0.443,0,0.631,0.54,0.157,0.404,0.58,1,0
12,General Admin,G&A,2,0.39,0.39,1,0.64,0.551,0.124,0.254,0.541,1,0
12,HR & Recruiting,G&A,2,0.454,0.454,0,0.721,0.652,0.121,0.382,0.59,1,0
12,Infrastructure & DevOps,Operations,2,0.264,0.264,2,0.358,0.199,0.108,0.282,0.308,1,0
12,New Features,Product,3,0.432,0.432,0,0.756,0.696,0.124,0.389,0.458,1,0
12,Paid Acquisition,Marketing,3,0.431,0.431,0,0.703,0.629,0.155,0.409,0.457,1,0
12,Partnerships,Marketing,3,0.412,0.412,2,0.53,0.414,0.125,0.523,0.472,1,0
12,Research & Innovation,Product,2,0.442,0.442,1,0.69,0.614,0.168,0.39,0.52,1,0
12,Technical Debt,Product,2,0.32,0.32,1,0.391,0.24,0.129,0.383,0.375,1,0
13,Content & SEO,Marketing,3,0.385,0.385,2,0.736,0.67,0.168,0.473,0.164,0,0
13,Core Platform,Product,3,0.34,0.34,2,0.626,0.534,0.103,0.41,0.221,0,0
13,Customer Success,Operations,3,0.36,0.36,1,0.696,0.621,0.111,0.633,0.0,0,0
13,Data & Analytics,Operations,2,0.374,0.374,0,0.825,0.782,0.097,0.575,0.0,0,0
13,Events & Community,Marketing,3,0.289,0.289,2,0.606,0.509,0.097,0.453,0.0,0,0
13,Finance & Legal,G&A,2,0.37,0.37,1,0.688,0.61,0.101,0.392,0.3,0,0
13,General Admin,G&A,2,0.291,0.291,1,0.725,0.657,0.105,0.21,0.125,0,0
13,HR & Recruiting,G&A,2,0.285,0.285,2,0.64,0.55,0.098,0.335,0.067,0,0
13,Infrastructure & DevOps,Operations,2,0.205,0.205,2,0.45,0.314,0.092,0.216,0.062,0,0
13,New Features,Product,3,0.384,0.384,1,0.788,0.735,0.099,0.511,0.138,0,0
13,Paid Acquisition,Marketing,3,0.433,0.433,1,0.763,0.704,0.164,0.595,0.212,0,0
13,Partnerships,Marketing,3,0.362,0.362,2,0.608,0.511,0.167,0.486,0.186,0,0
13,Research & Innovation,Product,2,0.4,0.4,1,0.8,0.751,0.101,0.575,0.125,0,0
13,Technical Debt,Product,2,0.242,0.242,1,0.46,0.327,0.101,0.392,0.015,0,0
14,Content & SEO,Marketing,3,0.36,0.36,2,0.727,0.66,0.104,0.473,0.136,0,1
14,Core Platform,Product,3,0.375,0.375,2,0.622,0.529,0.108,0.493,0.278,0,1
14,Customer Success,Operations,3,0.368,0.368,1,0.696,0.622,0.097,0.633,0.046,0,1
14,Data & Analytics,Operations,2,0.374,0.374,0,0.825,0.782,0.096,0.575,0.0,0,1
14,Events & Community,Marketing,3,0.332,0.332,2,0.608,0.512,0.101,0.536,0.084,0,1
14,Finance & Legal,G&A,2,0.389,0.389,1,0.515,0.395,0.1,0.517,0.425,0,1
14,General Admin,G&A,2,0.307,0.307,1,0.635,0.545,0.103,0.335,0.156,0,1
14,HR & Recruiting,G&A,2,0.293,0.293,2,0.625,0.532,0.101,0.335,0.11,0,1
14,Infrastructure & DevOps,Operations,2,0.237,0.237,2,0.588,0.487,0.096,0.216,0.047,0,1
14,New Features,Product,3,0.427,0.427,1,0.622,0.529,0.107,0.678,0.303,0,1
14,Paid Acquisition,Marketing,3,0.403,0.403,1,0.755,0.695,0.099,0.595,0.165,0,1
14,Partnerships,Marketing,3,0.4,0.4,0,0.452,0.316,0.102,0.736,0.308,0,1
14,Research & Innovation,Product,2,0.388,0.388,1,0.625,0.532,0.1,0.7,0.127,0,1
14,Technical Debt,Product,2,0.284,0.284,1,0.474,0.344,0.098,0.517,0.047,0,1
15,Content & SEO,Marketing,3,0.346,0.346,2,0.727,0.66,0.1,0.473,0.083,0,1
15,Core Platform,Product,3,0.42,0.42,2,0.622,0.529,0.226,0.493,0.338,0,1
15,Customer Success,Operations,3,0.389,0.389,1,0.697,0.622,0.101,0.633,0.125,0,1
15,Data & Analytics,Operations,2,0.389,0.389,0,0.825,0.782,0.108,0.575,0.048,0,1
15,Events & Community,Marketing,3,0.33,0.33,2,0.606,0.509,0.096,0.536,0.084,0,1
15,Finance & Legal,G&A,2,0.39,0.39,0,0.435,0.296,0.104,0.642,0.379,0,1
15,General Admin,G&A,2,0.321,0.321,1,0.636,0.546,0.104,0.335,0.209,0,1
15,HR & Recruiting,G&A,2,0.289,0.289,2,0.625,0.532,0.101,0.335,0.095,0,1
15,Infrastructure & DevOps,Operations,2,0.273,0.273,2,0.45,0.314,0.097,0.341,0.206,0,1
15,New Features,Product,3,0.43,0.43,1,0.622,0.529,0.148,0.678,0.273,0,1
15,Paid Acquisition,Marketing,3,0.408,0.408,1,0.755,0.695,0.102,0.595,0.18,0,1
15,Partnerships,Marketing,3,0.405,0.405,0,0.448,0.312,0.1,0.736,0.336,0,1
15,Research & Innovation,Product,2,0.385,0.385,1,0.625,0.532,0.101,0.7,0.114,0,1
15,Technical Debt,Product,2,0.309,0.309,1,0.46,0.327,0.1,0.517,0.159,0,1
16,Content & SEO,Marketing,3,0.352,0.352,2,0.727,0.66,0.098,0.473,0.111,0,1
16,Core Platform,Product,3,0.399,0.399,2,0.622,0.529,0.236,0.41,0.327,0,1
16,Customer Success,Operations,3,0.36,0.36,1,0.696,0.621,0.101,0.633,0.009,0,1
16,Data & Analytics,Operations,2,0.375,0.375,0,0.825,0.782,0.101,0.575,0.0,0,1
16,Events & Community,Marketing,3,0.311,0.311,2,0.606,0.509,0.102,0.453,0.084,0,1
16,Finance & Legal,G&A,2,0.325,0.325,1,0.433,0.293,0.098,0.392,0.378,0,1
16,General Admin,G&A,2,0.279,0.279,2,0.633,0.543,0.092,0.21,0.182,0,1
16,HR & Recruiting,G&A,2,0.245,0.245,2,0.625,0.532,0.095,0.21,0.05,0,1
16,Infrastructure & DevOps,Operations,2,0.214,0.214,2,0.45,0.314,0.102,0.216,0.089,0,1
16,New Features,Product,3,0.397,0.397,1,0.622,0.529,0.114,0.595,0.255,0,1
16,Paid Acquisition,Marketing,3,0.391,0.391,1,0.755,0.695,0.098,0.511,0.2,0,1
16,Partnerships,Marketing,3,0.332,0.332,1,0.448,0.312,0.099,0.653,0.127,0,1
16,Research & Innovation,Product,2,0.33,0.33,1,0.625,0.532,0.097,0.575,0.024,0,1
16,Technical Debt,Product,2,0.282,0.282,1,0.46,0.327,0.098,0.392,0.179,0,1
17,Content & SEO,Marketing,3,0.337,0.337,2,0.727,0.66,0.1,0.473,0.048,0,1
17,Core Platform,Product,3,0.323,0.323,2,0.622,0.529,0.102,0.327,0.243,0,1
17,Customer Success,Operations,3,0.36,0.36,1,0.696,0.621,0.101,0.633,0.01,0,1
17,Data & Analytics,Operations,2,0.374,0.374,0,0.825,0.782,0.097,0.575,0.0,0,1
17,Events & Community,Marketing,3,0.333,0.333,2,0.606,0.509,0.101,0.536,0.089,0,1
17,Finance & Legal,G&A,2,0.336,0.336,1,0.433,0.293,0.101,0.517,0.294,0,1
17,General Admin,G&A,2,0.262,0.262,2,0.633,0.543,0.101,0.21,0.104,0,1
17,HR & Recruiting,G&A,2,0.28,0.28,2,0.625,0.532,0.1,0.21,0.187,0,1
17,Infrastructure & DevOps,Operations,2,0.227,0.227,2,0.45,0.314,0.103,0.341,0.015,0,1
17,New Features,Product,3,0.346,0.346,2,0.622,0.529,0.098,0.511,0.153,0,1
17,Paid Acquisition,Marketing,3,0.425,0.425,1,0.755,0.695,0.103,0.595,0.246,0,1
17,Partnerships,Marketing,3,0.412,0.412,0,0.448,0.312,0.098,0.736,0.367,0,1
17,Research & Innovation,Product,2,0.335,0.335,1,0.625,0.532,0.102,0.575,0.037,0,1
17,Technical Debt,Product,2,0.244,0.244,1,0.46,0.327,0.101,0.392,0.022,0,1
18,Content & SEO,Marketing,3,0.423,0.423,1,0.694,0.618,0.106,0.485,0.407,0,0
18,Core Platform,Product,3,0.396,0.396,1,0.602,0.504,0.109,0.403,0.47,0,0
18,Customer Success,Operations,3,0.396,0.396,0,0.661,0.577,0.116,0.445,0.362,0,0
18,Data & Analytics,Operations,2,0.423,0.423,0,0.697,0.622,0.105,0.502,0.388,0,0
18,Events & Community,Marketing,3,0.36,0.36,2,0.566,0.459,0.106,0.374,0.393,0,0
18,Finance & Legal,G&A,2,0.395,0.395,0,0.514,0.394,0.126,0.541,0.4,0,0
18,General Admin,G&A,2,0.345,0.345,1,0.618,0.524,0.107,0.36,0.293,0,0
18,HR & Recruiting,G&A,2,0.444,0.444,0,0.683,0.605,0.113,0.397,0.583,0,0
18,Infrastructure & DevOps,Operations,2,0.309,0.309,2,0.463,0.33,0.121,0.282,0.37,0,0
18,New Features,Product,3,0.378,0.378,1,0.555,0.445,0.109,0.375,0.473,0,0
18,Paid Acquisition,Marketing,3,0.399,0.399,1,0.678,0.598,0.116,0.389,0.411,0,0
18,Partnerships,Marketing,3,0.424,0.424,0,0.541,0.428,0.116,0.601,0.437,0,0
18,Research & Innovation,Product,2,0.431,0.431,0,0.598,0.498,0.107,0.514,0.505,0,0
18,Technical Debt,Product,2,0.382,0.382,1,0.578,0.473,0.114,0.479,0.358,0,0
19,Content & SEO,Marketing,3,0.354,0.354,2,0.727,0.66,0.1,0.473,0.114,0,0
19,Core Platform,Product,3,0.309,0.309,2,0.622,0.529,0.091,0.327,0.195,0,0
19,Customer Success,Operations,3,0.36,0.36,1,0.696,0.622,0.096,0.633,0.014,0,0
19,Data & Analytics,Operations,2,0.389,0.389,0,0.825,0.782,0.103,0.575,0.053,0,0
19,Events & Community,Marketing,3,0.304,0.304,2,0.606,0.509,0.104,0.453,0.055,0,0
19,Finance & Legal,G&A,2,0.342,0.342,1,0.433,0.293,0.1,0.517,0.316,0,0
19,General Admin,G&A,2,0.267,0.267,2,0.633,0.543,0.098,0.21,0.125,0,0
19,HR & Recruiting,G&A,2,0.246,0.246,2,0.625,0.532,0.1,0.21,0.049,0,0
19,Infrastructure & DevOps,Operations,2,0.205,0.205,2,0.45,0.314,0.1,0.216,0.056,0,0
19,New Features,Product,3,0.349,0.349,2,0.622,0.529,0.094,0.511,0.167,0,0
19,Paid Acquisition,Marketing,3,0.369,0.369,1,0.755,0.695,0.1,0.511,0.107,0,0
19,Partnerships,Marketing,3,0.345,0.345,2,0.448,0.312,0.101,0.57,0.261,0,0
19,Research & Innovation,Product,2,0.387,0.387,1,0.625,0.532,0.098,0.575,0.25,0,0
19,Technical Debt,Product,2,0.251,0.251,1,0.46,0.327,0.103,0.392,0.05,0,0
20,Content & SEO,Marketing,3,0.323,0.323,2,0.727,0.66,0.099,0.39,0.074,0,0
20,Core Platform,Product,3,0.351,0.351,2,0.628,0.536,0.103,0.41,0.262,0,0
20,Customer Success,Operations,3,0.359,0.359,1,0.697,0.622,0.099,0.633,0.007,0,0
20,Data & Analytics,Operations,2,0.375,0.375,0,0.825,0.782,0.099,0.575,0.0,0,0
20,Events & Community,Marketing,3,0.3,0.3,2,0.606,0.509,0.102,0.453,0.039,0,0
20,Finance & Legal,G&A,2,0.273,0.273,2,0.433,0.293,0.1,0.392,0.169,0,0
20,General Admin,G&A,2,0.273,0.273,2,0.633,0.543,0.097,0.21,0.151,0,0
20,HR & Recruiting,G&A,2,0.243,0.243,2,0.625,0.532,0.101,0.21,0.034,0,0
20,Infrastructure & DevOps,Operations,2,0.194,0.194,2,0.45,0.314,0.102,0.216,0.009,0,0
20,New Features,Product,3,0.383,0.383,2,0.622,0.529,0.1,0.595,0.214,0,0
20,Paid Acquisition,Marketing,3,0.399,0.399,1,0.755,0.695,0.101,0.595,0.146,0,0
20,Partnerships,Marketing,3,0.392,0.392,0,0.448,0.312,0.101,0.653,0.365,0,0
20,Research & Innovation,Product,2,0.348,0.348,1,0.625,0.532,0.102,0.575,0.092,0,0
20,Technical Debt,Product,2,0.291,0.291,1,0.47,0.339,0.097,0.517,0.081,0,0
21,Content & SEO,Marketing,3,0.312,0.312,2,0.727,0.66,0.103,0.39,0.029,0,0
21,Core Platform,Product,3,0.325,0.325,2,0.622,0.529,0.098,0.327,0.255,0,0
21,Customer Success,Operations,3,0.372,0.372,1,0.696,0.621,0.101,0.633,0.056,0,0
21,Data & Analytics,Operations,2,0.386,0.386,0,0.825,0.782,0.107,0.575,0.036,0,0
21,Events & Community,Marketing,3,0.31,0.31,2,0.606,0.509,0.099,0.453,0.084,0,0
21,Finance & Legal,G&A,2,0.284,0.284,2,0.433,0.293,0.101,0.392,0.208,0,0
21,General Admin,G&A,2,0.272,0.272,2,0.633,0.543,0.105,0.21,0.139,0,0
21,HR & Recruiting,G&A,2,0.268,0.268,2,0.625,0.532,0.1,0.21,0.137,0,0
21,Infrastructure & DevOps,Operations,2,0.238,0.238,2,0.45,0.314,0.098,0.216,0.19,0,0
21,New Features,Product,3,0.331,0.331,2,0.622,0.529,0.105,0.511,0.084,0,0
21,Paid Acquisition,Marketing,3,0.363,0.363,1,0.756,0.695,0.101,0.511,0.085,0,0
21,Partnerships,Marketing,3,0.314,0.314,2,0.448,0.312,0.101,0.486,0.219,0,0
21,Research & Innovation,Product,2,0.382,0.382,1,0.625,0.532,0.102,0.575,0.228,0,0
21,Technical Debt,Product,2,0.27,0.27,1,0.46,0.327,0.102,0.392,0.125,0,0
22,Content & SEO,Marketing,3,0.351,0.351,2,0.727,0.66,0.102,0.473,0.104,0,0
22,Core Platform,Product,3,0.303,0.303,2,0.622,0.529,0.107,0.327,0.155,0,0
22,Customer Success,Operations,3,0.37,0.37,1,0.696,0.622,0.105,0.633,0.046,0,0
22,Data & Analytics,Operations,2,0.393,0.393,0,0.825,0.782,0.103,0.575,0.07,0,0
22,Events & Community,Marketing,3,0.311,0.311,2,0.606,0.509,0.101,0.453,0.084,0,0
22,Finance & Legal,G&A,2,0.265,0.265,2,0.433,0.293,0.1,0.392,0.132,0,0
22,General Admin,G&A,2,0.322,0.322,1,0.633,0.542,0.102,0.21,0.345,0,0
22,HR & Recruiting,G&A,2,0.277,0.277,2,0.625,0.532,0.101,0.21,0.171,0,0
22,Infrastructure & DevOps,Operations,2,0.192,0.192,2,0.45,0.314,0.103,0.216,0.0,0,0
22,New Features,Product,3,0.334,0.334,2,0.622,0.529,0.107,0.511,0.097,0,0
22,Paid Acquisition,Marketing,3,0.381,0.381,1,0.756,0.695,0.1,0.511,0.156,0,0
22,Partnerships,Marketing,3,0.415,0.415,0,0.448,0.312,0.102,0.736,0.373,0,0
22,Research & Innovation,Product,2,0.347,0.347,1,0.625,0.532,0.102,0.575,0.085,0,0
22,Technical Debt,Product,2,0.285,0.285,1,0.46,0.327,0.099,0.392,0.187,0,0
23,Content & SEO,Marketing,3,0.327,0.327,2,0.727,0.66,0.095,0.473,0.012,0,0
23,Core Platform,Product,3,0.33,0.33,2,0.622,0.529,0.09,0.41,0.2,0,0
23,Customer Success,Operations,3,0.363,0.363,1,0.697,0.622,0.093,0.633,0.031,0,0
23,Data & Analytics,Operations,2,0.375,0.375,0,0.825,0.782,0.088,0.575,0.01,0,0
23,Events & Community,Marketing,3,0.308,0.308,2,0.606,0.509,0.092,0.453,0.084,0,0
23,Finance & Legal,G&A,2,0.313,0.313,1,0.433,0.293,0.096,0.392,0.329,0,0
23,General Admin,G&A,2,0.243,0.243,2,0.633,0.543,0.092,0.21,0.036,0,0
23,HR & Recruiting,G&A,2,0.273,0.273,2,0.625,0.532,0.096,0.21,0.16,0,0
23,Infrastructure & DevOps,Operations,2,0.191,0.191,2,0.45,0.314,0.094,0.216,0.005,0,0
23,New Features,Product,3,0.326,0.326,2,0.622,0.529,0.087,0.511,0.083,0,0
23,Paid Acquisition,Marketing,3,0.366,0.366,1,0.756,0.695,0.093,0.511,0.103,0,0
23,Partnerships,Marketing,3,0.351,0.351,1,0.448,0.312,0.094,0.653,0.207,0,0
23,Research & Innovation,Product,2,0.349,0.349,1,0.625,0.532,0.091,0.575,0.105,0,0
23,Technical Debt,Product,2,0.236,0.236,1,0.46,0.327,0.092,0.392,0.0,0,0
24,Content & SEO,Marketing,3,0.32,0.32,2,0.727,0.66,0.003,0.39,0.161,0,0
24,Core Platform,Product,3,0.32,0.32,2,0.622,0.529,0.008,0.41,0.241,0,0
24,Customer Success,Operations,3,0.343,0.343,2,0.697,0.622,0.003,0.633,0.039,0,0
24,Data & Analytics,Operations,2,0.351,0.351,0,0.825,0.782,0.005,0.575,0.0,0,0
24,Events & Community,Marketing,3,0.287,0.287,3,0.606,0.509,0.006,0.453,0.084,0,0
24,Finance & Legal,G&A,2,0.287,0.287,2,0.433,0.293,0.003,0.517,0.194,0,0
24,General Admin,G&A,2,0.255,0.255,2,0.633,0.543,0.004,0.21,0.174,0,0
24,HR & Recruiting,G&A,2,0.229,0.229,2,0.625,0.532,0.003,0.21,0.08,0,0
24,Infrastructure & DevOps,Operations,2,0.182,0.182,2,0.45,0.314,0.004,0.216,0.059,0,0
24,New Features,Product,3,0.285,0.285,3,0.622,0.529,0.005,0.511,0.0,0,0
24,Paid Acquisition,Marketing,3,0.374,0.374,1,0.756,0.695,0.005,0.511,0.226,0,0
24,Partnerships,Marketing,3,0.299,0.299,3,0.448,0.312,0.003,0.57,0.174,0,0
24,Research & Innovation,Product,2,0.314,0.314,1,0.625,0.532,0.006,0.575,0.052,0,0
24,Technical Debt,Product,2,0.215,0.215,1,0.46,0.327,0.007,0.392,0.0,0,0
